# Blender 4.0.1
# www.blender.org
mtllib modelwheel.mtl
o Brake_model_wheel.003
v 0.037118 0.067627 -0.016792
v 0.040387 0.077670 -0.007020
v 0.041016 0.067627 0.003265
v 0.040387 0.067627 -0.007020
v 0.037118 0.077670 -0.016792
v 0.036065 0.079902 -0.016278
v 0.030547 0.079902 -0.024616
v 0.041016 0.077670 0.003265
v 0.038962 0.067627 0.013362
v 0.031430 0.067627 -0.025384
v 0.035013 0.081017 -0.015765
v 0.038088 0.081017 -0.006573
v 0.039848 0.079902 0.003184
v 0.023713 0.067627 -0.032212
v 0.031430 0.077670 -0.025384
v 0.023058 0.079902 -0.031242
v 0.022404 0.081017 -0.030271
v 0.039238 0.079902 -0.006797
v 0.038680 0.081017 0.003102
v 0.038962 0.077670 0.013362
v 0.034364 0.067627 0.022584
v 0.029663 0.081017 -0.023848
v 0.036748 0.081017 0.012600
v 0.033393 0.079902 0.021929
v 0.014110 0.079902 -0.035703
v 0.023713 0.077670 -0.032212
v 0.013729 0.081017 -0.034595
v 0.037855 0.079902 0.012981
v 0.034364 0.077670 0.022584
v 0.014492 0.077670 -0.036810
v -0.014635 0.081017 -0.032861
v 0.026000 0.081017 0.028534
v 0.032422 0.081017 0.021275
v 0.014492 0.067627 -0.036810
v 0.004313 0.079902 -0.037696
v 0.004231 0.081017 -0.036528
v 0.026768 0.079902 0.029418
v 0.027536 0.077670 0.030301
v 0.018944 0.067627 0.035989
v 0.027536 0.067627 0.030301
v 0.004394 0.067627 -0.038864
v 0.004394 0.077670 -0.038864
v -0.005444 0.081017 -0.035936
v -0.023486 0.079902 -0.028395
v 0.018431 0.079902 0.034936
v -0.005890 0.077670 -0.038235
v -0.015149 0.079902 -0.033913
v -0.005667 0.079902 -0.037086
v -0.022718 0.081017 -0.027511
v -0.030112 0.079902 -0.020906
v -0.029141 0.081017 -0.020251
v -0.010447 0.081017 0.035619
v -0.000949 0.081017 0.037551
v -0.001031 0.079902 0.038719
v 0.017917 0.081017 0.033884
v 0.008726 0.081017 0.036959
v 0.009172 0.067627 0.039258
v -0.015662 0.067627 -0.034966
v -0.005890 0.067627 -0.038235
v -0.015662 0.077670 -0.034966
v -0.024254 0.077670 -0.029278
v 0.008949 0.079902 0.038109
v 0.009172 0.077670 0.039258
v -0.031082 0.067627 -0.021561
v -0.031082 0.077670 -0.021561
v -0.036566 0.079902 -0.002160
v -0.033466 0.081017 -0.011577
v 0.005195 0.082133 0.000485
v -0.019776 0.079902 0.032265
v 0.018944 0.077670 0.035989
v -0.024254 0.067627 -0.029278
v -0.035680 0.067627 -0.012339
v -0.035680 0.077670 -0.012339
v -0.037734 0.077670 -0.002242
v -0.034573 0.079902 -0.011958
v -0.035398 0.081017 -0.002079
v -0.019121 0.081017 0.031294
v -0.010828 0.079902 0.036726
v -0.001112 0.077670 0.039887
v -0.035956 0.079902 0.007820
v -0.034806 0.081017 0.007596
v -0.031731 0.081017 0.016788
v -0.026381 0.081017 0.024871
v -0.028148 0.077670 0.026407
v -0.011210 0.067627 0.037833
v -0.011210 0.077670 0.037833
v -0.037734 0.067627 -0.002242
v -0.037105 0.067627 0.008043
v -0.027265 0.079902 0.025639
v -0.020431 0.067627 0.033235
v -0.020431 0.077670 0.033235
v -0.001112 0.067627 0.039887
v -0.037105 0.077670 0.008043
v -0.032783 0.079902 0.017302
v -0.033835 0.077670 0.017815
v -0.028148 0.067627 0.026407
v -0.033835 0.067627 0.017815
v -0.054831 0.061485 -0.064794
v -0.069441 0.061485 -0.048281
v -0.054831 0.037045 -0.064794
v -0.079278 0.061485 -0.028549
v -0.066009 0.027269 -0.077653
v -0.036446 0.061485 -0.076964
v -0.036446 0.037045 -0.076964
v -0.069441 0.037045 -0.048281
v -0.066009 0.022381 -0.077653
v -0.015537 0.061485 -0.083960
v -0.083565 0.027269 -0.057808
v -0.079278 0.037045 -0.028549
v -0.083674 0.061485 -0.006943
v 0.006470 0.037045 -0.085306
v -0.015537 0.037045 -0.083960
v -0.095387 0.022381 -0.034096
v -0.083565 0.022381 -0.057808
v -0.082328 0.061485 0.015064
v -0.043914 0.027269 -0.092277
v -0.043914 0.022381 -0.092277
v -0.095387 0.027269 -0.034096
v -0.116866 0.022381 -0.041492
v -0.083674 0.037045 -0.006943
v -0.082328 0.037045 0.015064
v -0.018788 0.022381 -0.100684
v -0.053872 0.022381 -0.112695
v 0.006470 0.061485 -0.085306
v -0.100670 0.022381 -0.008132
v -0.102398 0.022381 -0.070512
v 0.028076 0.037045 -0.080910
v -0.018788 0.027269 -0.100684
v 0.007658 0.027269 -0.102302
v -0.080912 0.017493 -0.094797
v -0.102398 0.017493 -0.070512
v -0.116866 0.017493 -0.041492
v -0.080912 0.022381 -0.094797
v -0.100670 0.027269 -0.008132
v -0.099052 0.027269 0.018315
v 0.033622 0.027269 -0.097019
v 0.007658 0.022381 -0.102302
v -0.023122 0.022381 -0.122984
v 0.047807 0.037045 -0.071072
v -0.099052 0.022381 0.018315
v -0.075332 0.037045 0.035973
v -0.075332 0.061485 0.035973
v -0.053872 0.017493 -0.112695
v 0.028076 0.061485 -0.080910
v 0.047807 0.061485 -0.071072
v -0.090645 0.022381 0.043442
v -0.123331 0.017493 -0.009716
v -0.063163 0.061485 0.054359
v -0.063163 0.037045 0.054359
v -0.023122 0.017493 -0.122984
v -0.022039 0.017493 -0.117409
v -0.123331 0.022381 -0.009716
v -0.121351 0.017493 0.022650
v -0.117666 0.017493 -0.009320
v -0.115777 0.012605 0.021566
v -0.111496 0.017493 -0.039643
v -0.097690 0.012605 -0.067335
v 0.033622 0.022381 -0.097019
v -0.077186 0.017493 -0.090511
v -0.051383 0.017493 -0.107590
v 0.064320 0.061485 -0.056462
v -0.111063 0.022381 0.053400
v -0.121351 0.022381 0.022650
v -0.097690 0.017493 -0.067335
v -0.090645 0.027269 0.043442
v -0.046650 0.061485 0.068968
v 0.064320 0.037045 -0.056462
v 0.008847 0.017493 -0.119298
v -0.077186 0.012605 -0.090511
v -0.051383 0.012605 -0.107590
v -0.022039 0.012605 -0.117409
v 0.076489 0.061485 -0.038076
v -0.111063 0.017493 0.053400
v -0.115777 0.017493 0.021566
v -0.076021 0.027269 0.065536
v -0.046650 0.037045 0.068968
v 0.077178 0.027269 -0.067640
v 0.057334 0.027269 -0.085197
v 0.057334 0.022381 -0.085197
v 0.009243 0.022381 -0.124964
v 0.041018 0.022381 -0.118499
v 0.009243 0.017493 -0.124964
v -0.076021 0.022381 0.065536
v -0.056177 0.027269 0.083094
v -0.105958 0.017493 0.050911
v -0.088879 0.012605 0.076714
v -0.026918 0.037045 0.078807
v 0.008847 0.012605 -0.119298
v 0.076489 0.037045 -0.038076
v -0.093165 0.022381 0.080440
v -0.093165 0.017493 0.080440
v -0.032465 0.027269 0.094916
v -0.006502 0.027269 0.100199
v -0.026918 0.061485 0.078807
v 0.091802 0.027269 -0.045545
v 0.077178 0.022381 -0.067640
v 0.041018 0.017493 -0.118499
v 0.083485 0.061485 -0.017168
v -0.056177 0.022381 0.083094
v -0.065704 0.017493 0.097218
v -0.088879 0.017493 0.076714
v -0.032465 0.022381 0.094916
v 0.091802 0.022381 -0.045545
v 0.039169 0.017493 -0.113128
v 0.084831 0.061485 0.004840
v -0.068880 0.022381 0.101927
v -0.065704 0.012605 0.097218
v -0.006502 0.022381 0.100199
v -0.005313 0.037045 0.083202
v 0.100209 0.027269 -0.020418
v 0.101827 0.022381 0.006029
v 0.100209 0.022381 -0.020418
v 0.124488 0.022381 0.007613
v 0.070037 0.022381 -0.104030
v 0.070037 0.017493 -0.104030
v 0.066861 0.017493 -0.099322
v -0.068880 0.017493 0.101927
v -0.039861 0.022381 0.116395
v 0.019945 0.027269 0.098581
v -0.005313 0.061485 0.083202
v 0.016694 0.037045 0.081856
v 0.083485 0.037045 -0.017168
v 0.084831 0.037045 0.004840
v 0.101827 0.027269 0.006029
v 0.122508 0.022381 -0.024753
v 0.112219 0.022381 -0.055504
v 0.094322 0.022381 -0.082544
v 0.090036 0.017493 -0.078817
v 0.039169 0.012605 -0.113128
v 0.066861 0.012605 -0.099322
v -0.038012 0.012605 0.111025
v -0.039861 0.017493 0.116395
v 0.122508 0.017493 -0.024753
v 0.112219 0.017493 -0.055504
v 0.094322 0.017493 -0.082544
v 0.080435 0.061485 0.026446
v -0.038012 0.017493 0.111025
v -0.008086 0.017493 0.122860
v -0.008086 0.022381 0.122860
v 0.016694 0.061485 0.081856
v 0.096544 0.022381 0.031993
v 0.118023 0.022381 0.039389
v 0.124488 0.017493 0.007613
v 0.090036 0.012605 -0.078817
v -0.007690 0.017493 0.117195
v 0.019945 0.022381 0.098581
v 0.045071 0.027269 0.090174
v 0.037603 0.037045 0.074860
v 0.037603 0.061485 0.074860
v 0.103555 0.022381 0.068408
v 0.103555 0.017493 0.068408
v 0.118023 0.017493 0.039389
v 0.070597 0.061485 0.046178
v 0.024279 0.017493 0.120881
v 0.024279 0.022381 0.120881
v 0.045071 0.022381 0.090174
v 0.055988 0.037045 0.062691
v 0.080435 0.037045 0.026446
v 0.084722 0.027269 0.055705
v 0.096544 0.027269 0.031993
v 0.116934 0.012605 -0.023669
v 0.055988 0.061485 0.062691
v -0.007690 0.012605 0.117195
v 0.023196 0.017493 0.115306
v 0.055030 0.022381 0.110591
v 0.070597 0.037045 0.046178
v 0.084722 0.022381 0.055705
v 0.082069 0.017493 0.092694
v 0.112654 0.012605 0.037539
v 0.118823 0.017493 0.007217
v 0.116934 0.017493 -0.023669
v 0.118823 0.012605 0.007217
v 0.107115 0.017493 -0.053014
v 0.023196 0.012605 0.115306
v 0.052540 0.017493 0.105487
v 0.067166 0.027269 0.075550
v 0.067166 0.022381 0.075550
v 0.082069 0.022381 0.092694
v 0.112654 0.017493 0.037539
v 0.055030 0.017493 0.110591
v 0.078343 0.017493 0.088407
v 0.098847 0.017493 0.065233
v 0.078343 0.012605 0.088407
v -0.058851 0.012605 -0.122904
v -0.088363 0.012605 -0.103370
v -0.025290 0.012605 -0.134133
v -0.058851 0.007717 -0.122904
v -0.111814 0.012605 -0.076863
v -0.088363 0.007717 -0.103370
v -0.111496 0.012605 -0.039643
v -0.111814 0.007717 -0.076863
v -0.127605 0.007717 -0.045190
v -0.127605 0.012605 -0.045190
v -0.092089 0.007717 -0.107656
v -0.061341 0.012605 -0.128008
v -0.117666 0.012605 -0.009320
v 0.044716 0.012605 -0.129238
v -0.025290 0.007717 -0.134133
v 0.010035 0.012605 -0.136294
v -0.134662 0.007717 -0.010509
v -0.116522 0.007717 -0.080039
v -0.092089 0.012605 -0.107656
v -0.061341 0.007717 -0.128008
v -0.134662 0.012605 -0.010509
v 0.010035 0.007717 -0.136294
v -0.026373 0.007717 -0.139709
v -0.132975 0.007717 -0.047039
v -0.118641 0.012605 -0.081468
v -0.093766 0.012605 -0.109585
v -0.026373 0.012605 -0.139709
v -0.062461 0.012605 -0.130305
v 0.076388 0.012605 -0.113447
v 0.044716 0.007717 -0.129238
v -0.132501 0.007717 0.024817
v -0.116522 0.012605 -0.080039
v -0.135392 0.012605 -0.047871
v -0.026861 0.012605 -0.142217
v 0.010432 0.007717 -0.141960
v 0.010432 0.012605 -0.141960
v -0.132975 0.012605 -0.047039
v -0.140327 0.007717 -0.010905
v -0.156884 0.012605 -0.107263
v -0.179007 0.012605 -0.062889
v -0.124029 0.012605 -0.144399
v -0.082683 0.012605 -0.171766
v -0.105958 0.012605 0.050911
v 0.076388 0.007717 -0.113447
v 0.010610 0.012605 -0.144509
v -0.121271 0.007717 0.058379
v -0.142876 0.012605 -0.011083
v -0.188893 0.012605 -0.014302
v -0.035663 0.012605 -0.187499
v -0.121271 0.012605 0.058379
v 0.122428 0.012605 -0.060483
v 0.102895 0.012605 -0.089995
v -0.132501 0.012605 0.024817
v -0.138076 0.007717 0.025901
v -0.140327 0.012605 -0.010905
v -0.158896 0.012605 -0.108621
v -0.125622 0.012605 -0.146232
v -0.083747 0.012605 -0.173948
v 0.107115 0.012605 -0.053014
v 0.046565 0.012605 -0.134608
v 0.047397 0.012605 -0.137024
v 0.013827 0.012605 -0.190526
v -0.101738 0.007717 0.087892
v -0.140584 0.012605 0.026388
v -0.185865 0.012605 0.035190
v -0.188249 0.012605 0.035654
v -0.036126 0.012605 -0.189882
v 0.133658 0.007717 -0.026920
v 0.122428 0.007717 -0.060483
v 0.102895 0.007717 -0.089995
v 0.046565 0.007717 -0.134608
v -0.101738 0.012605 0.087892
v -0.191315 0.007717 -0.014471
v -0.191315 0.012605 -0.014471
v -0.181303 0.012605 -0.063680
v -0.158896 0.007717 -0.108621
v -0.125622 0.007717 -0.146232
v 0.079564 0.007717 -0.118155
v 0.079564 0.012605 -0.118155
v 0.080993 0.012605 -0.120274
v 0.062415 0.012605 -0.180641
v -0.075232 0.012605 0.111343
v -0.126376 0.007717 0.060869
v -0.138076 0.012605 0.025901
v -0.128672 0.012605 0.061990
v -0.170133 0.012605 0.082211
v -0.172315 0.012605 0.083276
v -0.181303 0.007717 -0.063680
v -0.083747 0.007717 -0.173948
v 0.141484 0.007717 0.008801
v 0.107181 0.012605 -0.093722
v -0.126376 0.012605 0.060869
v -0.172315 0.007717 0.083276
v -0.188249 0.007717 0.035654
v -0.144772 0.007717 -0.099094
v -0.036126 0.007717 -0.189882
v 0.135818 0.007717 0.008405
v 0.133658 0.012605 -0.026920
v 0.139233 0.007717 -0.028004
v 0.127533 0.012605 -0.062973
v 0.107181 0.007717 -0.093722
v 0.127533 0.007717 -0.062973
v 0.109110 0.012605 -0.095398
v 0.106788 0.012605 -0.158517
v 0.063205 0.012605 -0.182936
v 0.013997 0.012605 -0.192948
v 0.013997 0.007717 -0.192948
v -0.043559 0.012605 0.127135
v -0.106024 0.012605 0.091618
v -0.106024 0.007717 0.091618
v -0.078407 0.012605 0.116052
v -0.107953 0.012605 0.093295
v -0.142766 0.012605 0.123559
v -0.144599 0.007717 0.125151
v -0.114444 0.007717 -0.133373
v 0.012808 0.007717 -0.175952
v 0.135818 0.012605 0.008405
v -0.045408 0.007717 0.132505
v -0.075232 0.007717 0.111343
v -0.043559 0.007717 0.127135
v -0.045408 0.012605 0.132505
v -0.078407 0.007717 0.116052
v -0.144599 0.012605 0.125151
v -0.171524 0.007717 0.032403
v -0.174319 0.007717 -0.013282
v -0.165194 0.007717 -0.058133
v -0.157002 0.007717 0.075807
v -0.131740 0.007717 0.113974
v -0.076278 0.007717 -0.158635
v -0.032875 0.007717 -0.173158
v -0.032875 0.002829 -0.173158
v 0.128763 0.007717 0.043086
v 0.141742 0.012605 -0.028491
v 0.139233 0.012605 -0.028004
v 0.141484 0.012605 0.008801
v 0.129829 0.012605 -0.064093
v 0.143923 0.012605 -0.125662
v 0.108146 0.012605 -0.160529
v -0.008878 0.012605 0.134191
v -0.079836 0.012605 0.118170
v -0.046240 0.012605 0.134921
v -0.105631 0.012605 0.156413
v -0.144772 0.002829 -0.099094
v -0.114444 0.002829 -0.133373
v -0.097461 0.007717 0.144301
v -0.076278 0.002829 -0.158635
v 0.012808 0.002829 -0.175952
v 0.112971 0.007717 0.074760
v 0.134132 0.007717 0.044935
v 0.144033 0.012605 0.008980
v 0.063205 0.007717 -0.182936
v -0.009275 0.012605 0.139856
v -0.009453 0.012605 0.142406
v -0.157002 0.002829 0.075807
v -0.172315 0.002829 0.083276
v -0.131740 0.002829 0.113974
v -0.171524 0.002829 0.032403
v -0.174319 0.002829 -0.013282
v -0.165194 0.002829 -0.058133
v -0.083747 0.002829 -0.173948
v -0.036126 0.002829 -0.189882
v 0.026447 0.012605 0.132030
v 0.098847 0.012605 0.065233
v 0.128763 0.012605 0.043086
v 0.187022 0.012605 -0.037293
v 0.171290 0.012605 -0.084315
v 0.145756 0.012605 -0.127254
v -0.008878 0.007717 0.134191
v -0.061258 0.012605 0.178537
v -0.012671 0.012605 0.188423
v -0.062049 0.012605 0.180833
v -0.106989 0.007717 0.158426
v -0.106989 0.012605 0.158426
v -0.062049 0.007717 0.180833
v -0.144599 0.002829 0.125151
v 0.089520 0.012605 0.101266
v 0.112971 0.012605 0.074760
v 0.089520 0.007717 0.101266
v 0.134132 0.012605 0.044935
v 0.117680 0.007717 0.077935
v 0.136549 0.012605 0.045767
v 0.190050 0.012605 0.012198
v 0.057659 0.007717 -0.166827
v 0.057659 0.002829 -0.166827
v 0.028018 0.012605 0.140114
v 0.027530 0.012605 0.137605
v -0.009275 0.007717 0.139856
v 0.026447 0.007717 0.132030
v 0.036819 0.012605 0.185396
v -0.188249 0.002829 0.035654
v -0.191315 -0.002059 -0.014471
v -0.158896 0.002829 -0.108621
v -0.158896 -0.002059 -0.108621
v -0.097461 0.002829 0.144301
v -0.056501 0.002829 0.164724
v -0.056501 0.007717 0.164724
v 0.013997 0.002829 -0.192948
v 0.093247 0.007717 0.105553
v 0.173472 0.012605 -0.085379
v 0.189406 0.012605 -0.037757
v 0.108146 0.007717 -0.160529
v 0.132897 0.007717 -0.116077
v 0.063205 0.002829 -0.182936
v 0.060009 0.012605 0.120800
v 0.037283 0.012605 0.187779
v -0.144599 -0.002059 0.125151
v -0.188249 -0.002059 0.035654
v -0.191315 0.002829 -0.014471
v -0.181303 0.002829 -0.063680
v -0.181303 -0.002059 -0.063680
v -0.125622 0.002829 -0.146232
v -0.125622 -0.002059 -0.146232
v -0.106989 -0.002059 0.158426
v -0.106989 0.002829 0.158426
v -0.036126 -0.002059 -0.189882
v 0.052540 0.012605 0.105487
v 0.117680 0.012605 0.077935
v 0.119798 0.012605 0.079364
v 0.180164 0.012605 0.060786
v 0.173472 0.007717 -0.085379
v 0.145756 0.007717 -0.127254
v 0.098619 0.007717 -0.146405
v 0.098619 0.002829 -0.146405
v 0.083840 0.012605 0.169663
v 0.063618 0.012605 0.128202
v 0.062498 0.012605 0.125905
v 0.027530 0.007717 0.137605
v -0.011652 0.007717 0.173849
v -0.093165 -0.002059 0.080440
v -0.172315 -0.002059 0.083276
v -0.111063 -0.002059 0.053400
v -0.121351 -0.002059 0.022650
v -0.123331 -0.002059 -0.009716
v -0.116866 -0.002059 -0.041492
v -0.102398 -0.002059 -0.070512
v -0.062049 0.002829 0.180833
v -0.011652 0.002829 0.173849
v -0.083747 -0.002059 -0.173948
v -0.053872 -0.002059 -0.112695
v -0.023122 -0.002059 -0.122984
v 0.013997 -0.002059 -0.192948
v 0.009243 -0.002059 -0.124964
v 0.060009 0.007717 0.120800
v 0.062498 0.007717 0.125905
v 0.189406 0.007717 -0.037757
v 0.192471 0.012605 0.012367
v 0.192471 0.007717 0.012367
v -0.012840 0.007717 0.190845
v -0.012840 0.012605 0.190845
v 0.037283 0.007717 0.187779
v -0.080912 -0.002059 -0.094797
v -0.068880 -0.002059 0.101927
v -0.062049 -0.002059 0.180833
v 0.041018 -0.002059 -0.118499
v 0.093247 0.012605 0.105553
v 0.094923 0.012605 0.107481
v 0.158041 0.012605 0.105160
v 0.182460 0.012605 0.061576
v 0.182460 0.007717 0.061576
v 0.132897 0.002829 -0.116077
v 0.125186 0.012605 0.142296
v -0.039861 -0.002059 0.116395
v -0.012840 0.002829 0.190845
v 0.037283 0.002829 0.187779
v 0.172682 0.007717 -0.034506
v 0.175476 0.007717 0.011178
v 0.158159 0.007717 -0.077910
v 0.158159 0.002829 -0.077910
v 0.063205 -0.002059 -0.182936
v 0.070037 -0.002059 -0.104030
v 0.084904 0.007717 0.171845
v 0.126779 0.012605 0.144128
v 0.084904 0.012605 0.171845
v -0.012840 -0.002059 0.190845
v 0.034032 0.002829 0.171054
v 0.034032 0.007717 0.171054
v 0.108146 0.002829 -0.160529
v -0.008086 -0.002059 0.122860
v 0.084904 0.002829 0.171845
v 0.166351 0.007717 0.056029
v 0.172682 0.002829 -0.034506
v 0.189406 0.002829 -0.037757
v 0.189406 -0.002059 -0.037757
v 0.108146 -0.002059 -0.160529
v 0.094322 -0.002059 -0.082544
v 0.126779 0.007717 0.144128
v 0.037283 -0.002059 0.187779
v 0.077435 0.002829 0.156531
v 0.077435 0.007717 0.156531
v 0.160053 0.012605 0.106517
v 0.160053 0.007717 0.106517
v 0.166351 0.002829 0.056029
v 0.175476 0.002829 0.011178
v 0.192471 0.002829 0.012367
v 0.173472 0.002829 -0.085379
v 0.145756 0.002829 -0.127254
v 0.145756 -0.002059 -0.127254
v 0.024279 -0.002059 0.120880
v 0.084904 -0.002059 0.171845
v 0.115602 0.002829 0.131270
v 0.115602 0.007717 0.131270
v 0.182460 0.002829 0.061576
v 0.192471 -0.002059 0.012367
v 0.122508 -0.002059 -0.024753
v 0.173472 -0.002059 -0.085379
v 0.112219 -0.002059 -0.055504
v 0.145929 0.007717 0.096990
v 0.145929 0.002829 0.096990
v 0.182460 -0.002059 0.061576
v 0.124488 -0.002059 0.007613
v 0.055030 -0.002059 0.110591
v 0.126779 -0.002059 0.144128
v 0.126779 0.002829 0.144128
v 0.160053 0.002829 0.106517
v 0.082069 -0.002059 0.092694
v 0.160053 -0.002059 0.106517
v 0.118023 -0.002059 0.039389
v 0.103555 -0.002059 0.068408
v -0.007119 0.070115 0.058194
v -0.009698 0.070115 0.075071
v -0.020445 0.070115 0.047522
v -0.007119 0.077226 0.058194
v -0.007119 0.076678 0.058194
v -0.036350 0.070115 0.053726
v -0.036350 0.077226 0.053726
v -0.020445 0.077226 0.047522
v -0.020544 0.077226 0.048171
v -0.010211 0.077226 0.074660
v -0.020445 0.076678 0.047522
v -0.007732 0.077226 0.058432
v -0.025504 0.077226 0.080625
v -0.009698 0.077226 0.075071
v -0.025603 0.076678 0.081275
v -0.036350 0.076678 0.053726
v -0.035837 0.077226 0.054137
v -0.021140 0.077226 0.052069
v -0.009698 0.076678 0.075071
v -0.025603 0.070115 0.081275
v -0.038929 0.070115 0.070603
v -0.038929 0.076678 0.070603
v -0.038317 0.077226 0.070364
v -0.025603 0.077226 0.081275
v -0.038929 0.077226 0.070603
v -0.032760 0.077226 0.056602
v -0.011405 0.077226 0.059866
v -0.013289 0.077773 0.072195
v -0.013289 0.077226 0.072195
v -0.011405 0.077773 0.059866
v -0.024909 0.077226 0.076728
v -0.034644 0.077226 0.068931
v -0.021140 0.077773 0.052069
v -0.013289 0.089807 0.072195
v -0.024909 0.077773 0.076728
v -0.032760 0.089807 0.056602
v -0.032760 0.077773 0.056602
v -0.034644 0.077773 0.068931
v -0.024909 0.089807 0.076728
v -0.034644 0.089807 0.068931
v -0.021140 0.089807 0.052069
v -0.021239 0.090354 0.052718
v -0.011405 0.089807 0.059866
v -0.013802 0.090354 0.071784
v -0.024809 0.090354 0.076078
v -0.034032 0.090354 0.068692
v -0.032247 0.090354 0.057012
v -0.022232 0.090354 0.059214
v -0.012017 0.090354 0.060104
v -0.018931 0.090354 0.067677
v -0.023816 0.090354 0.069582
v -0.027910 0.090354 0.066304
v -0.018139 0.090354 0.062492
v -0.027118 0.090354 0.061120
v 0.058671 0.070115 0.026309
v 0.069586 0.070115 0.053791
v 0.072062 0.070115 0.036899
v 0.042804 0.070115 0.032611
v 0.072062 0.076678 0.036899
v 0.042804 0.077226 0.032611
v 0.058671 0.077226 0.026309
v 0.058575 0.077226 0.026959
v 0.072062 0.077226 0.036899
v 0.069071 0.077226 0.053384
v 0.069586 0.077226 0.053791
v 0.058671 0.076678 0.026309
v 0.071451 0.077226 0.037142
v 0.053815 0.077226 0.059443
v 0.069586 0.076678 0.053791
v 0.043320 0.077226 0.033019
v 0.053720 0.076678 0.060093
v 0.040329 0.070115 0.049503
v 0.053720 0.070115 0.060093
v 0.042804 0.076678 0.032611
v 0.040329 0.077226 0.049503
v 0.040939 0.077226 0.049260
v 0.040329 0.076678 0.049503
v 0.053720 0.077226 0.060093
v 0.065979 0.077226 0.050938
v 0.046412 0.077773 0.035464
v 0.067787 0.077773 0.038597
v 0.067787 0.077226 0.038597
v 0.065979 0.077773 0.050938
v 0.054387 0.077226 0.055542
v 0.046412 0.077226 0.035464
v 0.044603 0.077226 0.047805
v 0.058004 0.077226 0.030860
v 0.065979 0.089807 0.050938
v 0.067787 0.089807 0.038597
v 0.054387 0.089807 0.055542
v 0.044603 0.077773 0.047805
v 0.054387 0.077773 0.055542
v 0.058004 0.077773 0.030860
v 0.057909 0.090354 0.031510
v 0.065463 0.090354 0.050531
v 0.058004 0.089807 0.030860
v 0.046412 0.089807 0.035464
v 0.045214 0.090354 0.047563
v 0.067176 0.090354 0.038840
v 0.044603 0.089807 0.047805
v 0.056956 0.090354 0.038012
v 0.060309 0.090354 0.046454
v 0.055435 0.090354 0.048390
v 0.054482 0.090354 0.054892
v 0.046928 0.090354 0.035872
v 0.051322 0.090354 0.045137
v 0.061069 0.090354 0.041265
v 0.052082 0.090354 0.039948
v 0.058435 0.076678 -0.059431
v 0.071772 0.070115 -0.048772
v 0.058435 0.070115 -0.059431
v 0.069210 0.070115 -0.031893
v 0.071772 0.076678 -0.048772
v 0.058435 0.077226 -0.059431
v 0.058337 0.077226 -0.058781
v 0.071772 0.077226 -0.048772
v 0.068697 0.077226 -0.032303
v 0.069210 0.077226 -0.031893
v 0.042537 0.070115 -0.053210
v 0.042537 0.077226 -0.053210
v 0.071160 0.077226 -0.048533
v 0.053410 0.077226 -0.026322
v 0.053312 0.077226 -0.025672
v 0.053312 0.076678 -0.025672
v 0.042537 0.076678 -0.053210
v 0.039975 0.076678 -0.036331
v 0.039975 0.077226 -0.036331
v 0.043050 0.077226 -0.052800
v 0.057745 0.077226 -0.054883
v 0.069210 0.076678 -0.031893
v 0.053312 0.070115 -0.025672
v 0.039975 0.070115 -0.036331
v 0.040587 0.077226 -0.036570
v 0.067489 0.077226 -0.047096
v 0.046130 0.077226 -0.050338
v 0.057745 0.077773 -0.054883
v 0.054002 0.077773 -0.030220
v 0.065617 0.077226 -0.034765
v 0.065617 0.077773 -0.034765
v 0.054002 0.077226 -0.030220
v 0.044259 0.077773 -0.038007
v 0.065617 0.089807 -0.034765
v 0.067489 0.077773 -0.047096
v 0.044259 0.077226 -0.038007
v 0.046130 0.077773 -0.050338
v 0.067489 0.089807 -0.047096
v 0.057745 0.089807 -0.054883
v 0.054101 0.090354 -0.030870
v 0.046130 0.089807 -0.050338
v 0.057647 0.090354 -0.054233
v 0.054002 0.089807 -0.030220
v 0.066877 0.090354 -0.046857
v 0.065104 0.090354 -0.035175
v 0.046643 0.090354 -0.049928
v 0.044871 0.090354 -0.038246
v 0.044259 0.089807 -0.038007
v 0.056660 0.090354 -0.047737
v 0.059970 0.090354 -0.039278
v 0.055087 0.090354 -0.037367
v 0.050990 0.090354 -0.040641
v 0.060758 0.090354 -0.044463
v 0.051777 0.090354 -0.045826
v -0.007172 0.070115 -0.068186
v -0.020522 0.076678 -0.078828
v -0.020522 0.070115 -0.078828
v -0.007172 0.077226 -0.068186
v -0.007172 0.076678 -0.068186
v -0.036413 0.070115 -0.072588
v -0.020522 0.077226 -0.078828
v -0.020620 0.077226 -0.078178
v -0.010228 0.077226 -0.051713
v -0.009714 0.077226 -0.051304
v -0.009714 0.076678 -0.051304
v -0.009714 0.070115 -0.051304
v -0.036413 0.076678 -0.072588
v -0.007784 0.077226 -0.067946
v -0.025507 0.077226 -0.045713
v -0.038955 0.076678 -0.055706
v -0.036413 0.077226 -0.072588
v -0.035899 0.077226 -0.072178
v -0.013311 0.077226 -0.054171
v -0.025605 0.076678 -0.045064
v -0.025605 0.077226 -0.045064
v -0.038955 0.070115 -0.055706
v -0.025605 0.070115 -0.045064
v -0.038955 0.077226 -0.055706
v -0.038343 0.077226 -0.055946
v -0.032817 0.077226 -0.069721
v -0.011454 0.077226 -0.066505
v -0.021207 0.077226 -0.074280
v -0.024920 0.077226 -0.049612
v -0.024920 0.077773 -0.049612
v -0.021207 0.077773 -0.074280
v -0.011454 0.077773 -0.066505
v -0.013311 0.077773 -0.054171
v -0.034673 0.077226 -0.057387
v -0.032817 0.077773 -0.069721
v -0.021207 0.089807 -0.074280
v -0.034673 0.077773 -0.057387
v -0.024920 0.089807 -0.049612
v -0.032817 0.089807 -0.069721
v -0.012066 0.090354 -0.066265
v -0.011454 0.089807 -0.066505
v -0.013824 0.090354 -0.054581
v -0.013311 0.089807 -0.054171
v -0.032303 0.090354 -0.069311
v -0.034061 0.090354 -0.057627
v -0.034673 0.089807 -0.057387
v -0.021305 0.090354 -0.073630
v -0.022283 0.090354 -0.067132
v -0.018963 0.090354 -0.058677
v -0.023844 0.090354 -0.056760
v -0.024822 0.090354 -0.050262
v -0.027945 0.090354 -0.060029
v -0.018182 0.090354 -0.063863
v -0.027164 0.090354 -0.065215
v -0.052104 0.070115 -0.005973
v -0.052104 0.076678 -0.005973
v -0.065363 0.076678 -0.016729
v -0.065363 0.070115 -0.016729
v -0.065363 0.077226 -0.016729
v -0.054790 0.077226 0.010887
v -0.052104 0.077226 -0.005973
v -0.054790 0.070115 0.010887
v -0.065466 0.077226 -0.016080
v -0.055301 0.077226 0.010473
v -0.081307 0.070115 -0.010625
v -0.081307 0.077226 -0.010625
v -0.052718 0.077226 -0.005738
v -0.070630 0.077226 0.016342
v -0.081307 0.076678 -0.010625
v -0.080796 0.077226 -0.010211
v -0.066086 0.077226 -0.012186
v -0.070010 0.077226 0.012449
v -0.054790 0.076678 0.010887
v -0.070734 0.077226 0.016991
v -0.070734 0.070115 0.016991
v -0.083992 0.070115 0.006236
v -0.083992 0.077226 0.006236
v -0.083378 0.077226 0.006000
v -0.083992 0.076678 0.006236
v -0.070734 0.076678 0.016991
v -0.077734 0.077226 -0.007727
v -0.056400 0.077773 -0.004328
v -0.058362 0.077226 0.007989
v -0.077734 0.077773 -0.007727
v -0.058362 0.077773 0.007989
v -0.056400 0.077226 -0.004328
v -0.079696 0.077226 0.004591
v -0.070010 0.077773 0.012449
v -0.058362 0.089807 0.007989
v -0.066086 0.077773 -0.012186
v -0.079696 0.077773 0.004591
v -0.077734 0.089807 -0.007727
v -0.079696 0.089807 0.004591
v -0.066190 0.090354 -0.011537
v -0.066086 0.089807 -0.012186
v -0.079083 0.090354 0.004356
v -0.070010 0.089807 0.012449
v -0.056400 0.089807 -0.004328
v -0.057014 0.090354 -0.004093
v -0.069907 0.090354 0.011800
v -0.077224 0.090354 -0.007313
v -0.067223 0.090354 -0.005048
v -0.063976 0.090354 0.003435
v -0.058873 0.090354 0.007575
v -0.068873 0.090354 0.005310
v -0.072946 0.090354 0.002006
v -0.063151 0.090354 -0.001744
v -0.072121 0.090354 -0.003173
vn 0.9483 -0.0000 -0.3172
vn 0.8412 0.4617 -0.2814
vn 0.9981 -0.0000 -0.0610
vn 0.8413 0.4615 -0.2815
vn 0.8413 0.4614 -0.2815
vn 0.8338 -0.0000 -0.5520
vn 0.7397 0.4617 -0.4895
vn 0.8339 -0.0000 -0.5519
vn 0.8414 0.4613 -0.2816
vn 0.7398 0.4614 -0.4896
vn 0.7398 0.4615 -0.4896
vn 0.7399 0.4612 -0.4898
vn 0.8339 -0.0000 -0.5520
vn 0.5776 0.7213 -0.3823
vn 0.7398 0.4614 -0.4897
vn 0.6570 0.7211 -0.2199
vn 0.5779 0.7210 -0.3824
vn 0.8856 0.4613 -0.0541
vn 0.6571 0.7210 -0.2198
vn 0.6571 0.7210 -0.2199
vn 0.8855 0.4614 -0.0542
vn 0.9799 -0.0000 0.1993
vn 0.8855 0.4615 -0.0541
vn 0.6627 -0.0000 -0.7489
vn 0.9799 -0.0000 0.1994
vn 0.9799 0.0004 0.1993
vn 0.5879 0.4612 -0.6645
vn 0.6626 -0.0000 -0.7489
vn 0.6626 -0.0000 -0.7490
vn 0.4590 0.7212 -0.5188
vn 0.5879 0.4614 -0.6645
vn 0.5778 0.7211 -0.3824
vn 0.4592 0.7210 -0.5190
vn 0.5778 0.7210 -0.3824
vn 0.6914 0.7212 -0.0423
vn 0.8692 0.4617 0.1769
vn 0.6917 0.7210 -0.0423
vn 0.8694 0.4615 0.1767
vn 0.8693 0.4615 0.1769
vn 0.9799 -0.0001 0.1993
vn 0.5879 0.4614 -0.6644
vn 0.4592 0.7210 -0.5189
vn -0.0000 1.0000 -0.0000
vn 0.6916 0.7210 -0.0423
vn 0.6790 0.7210 0.1381
vn 0.6791 0.7209 0.1382
vn 0.6790 0.7210 0.1382
vn 0.8694 0.4615 0.1768
vn 0.8694 0.4614 0.1769
vn 0.8949 -0.0000 0.4462
vn 0.8949 -0.0001 0.4463
vn 0.8693 0.4616 0.1769
vn 0.4461 -0.0000 -0.8950
vn 0.4462 -0.0000 -0.8950
vn 0.8949 -0.0001 0.4462
vn 0.3958 0.4614 -0.7940
vn 0.3959 0.4614 -0.7940
vn 0.3092 0.7210 -0.6201
vn 0.3091 0.7210 -0.6202
vn 0.3958 0.4615 -0.7939
vn 0.4591 0.7210 -0.5190
vn 0.0184 0.9995 -0.0273
vn 0.0307 0.9994 -0.0150
vn 0.0184 0.9995 -0.0272
vn 0.0307 0.9994 -0.0149
vn 0.6202 0.7209 0.3092
vn 0.6201 0.7210 0.3092
vn 0.7939 0.4615 0.3958
vn 0.7940 0.4614 0.3958
vn 0.7940 0.4615 0.3958
vn 0.8949 0.0001 0.4462
vn 0.8949 0.0001 0.4463
vn 0.4462 -0.0000 -0.8949
vn 0.3959 0.4614 -0.7939
vn 0.3092 0.7211 -0.6200
vn 0.3091 0.7211 -0.6200
vn 0.0022 0.9995 -0.0313
vn 0.0021 0.9995 -0.0312
vn 0.0344 0.9994 0.0024
vn 0.0345 0.9994 0.0024
vn 0.6202 0.7210 0.3092
vn -0.0001 1.0000 -0.0000
vn 0.7490 -0.0000 0.6626
vn 0.1993 -0.0000 -0.9799
vn 0.7490 -0.0001 0.6626
vn 0.7489 -0.0000 0.6627
vn 0.1769 0.4613 -0.8694
vn 0.1994 -0.0000 -0.9799
vn 0.1381 0.7212 -0.6788
vn 0.1769 0.4614 -0.8694
vn 0.1381 0.7211 -0.6789
vn -0.0093 0.9996 -0.0279
vn 0.0281 0.9994 0.0189
vn 0.5190 0.7210 0.4592
vn 0.0280 0.9994 0.0189
vn 0.6644 0.4615 0.5878
vn 0.5191 0.7209 0.4592
vn 0.5192 0.7209 0.4592
vn 0.7490 0.0001 0.6626
vn 0.6645 0.4615 0.5877
vn 0.6644 0.4616 0.5878
vn 0.7489 -0.0001 0.6627
vn 0.1381 0.7210 -0.6790
vn 0.1768 0.4613 -0.8694
vn -0.0422 0.7210 -0.6916
vn 0.1382 0.7210 -0.6790
vn 0.1381 0.7211 -0.6790
vn -0.2199 0.7209 -0.6572
vn -0.0423 0.7210 -0.6916
vn -0.0158 0.9996 -0.0240
vn -0.2200 0.7210 -0.6571
vn -0.2199 0.7210 -0.6571
vn 0.0143 0.9995 0.0292
vn -0.0159 0.9996 -0.0240
vn 0.5190 0.7209 0.4592
vn 0.0142 0.9995 0.0292
vn 0.6645 0.4614 0.5878
vn 0.5189 0.7210 0.4592
vn 0.5519 0.0001 0.8339
vn 0.6645 0.4615 0.5878
vn -0.0609 -0.0000 -0.9981
vn -0.0542 0.4613 -0.8856
vn -0.0610 -0.0000 -0.9981
vn -0.0423 0.7209 -0.6917
vn -0.0541 0.4614 -0.8856
vn -0.0541 0.4614 -0.8855
vn 0.3959 0.4613 -0.7940
vn -0.3824 0.7210 -0.5779
vn -0.3825 0.7210 -0.5778
vn -0.3825 0.7210 -0.5779
vn -0.3823 0.7210 -0.5779
vn -0.0212 0.9996 -0.0187
vn -0.0231 0.9996 -0.0157
vn -0.0231 0.9996 -0.0156
vn 0.0019 0.9995 0.0304
vn 0.0018 0.9995 0.0304
vn 0.0001 1.0000 -0.0000
vn 0.3824 0.7210 0.5778
vn 0.3825 0.7210 0.5778
vn 0.4896 0.4615 0.7398
vn 0.4897 0.4615 0.7398
vn 0.5519 -0.0000 0.8339
vn 0.5520 -0.0000 0.8339
vn 0.5520 -0.0000 0.8338
vn -0.0541 0.4615 -0.8855
vn -0.2816 0.4615 -0.8413
vn -0.2814 0.4615 -0.8413
vn -0.2815 0.4615 -0.8413
vn -0.4897 0.4615 -0.7398
vn -0.4898 0.4614 -0.7397
vn -0.5190 0.7210 -0.4591
vn -0.5191 0.7210 -0.4591
vn -0.0248 0.9996 -0.0124
vn -0.0060 0.9996 0.0291
vn -0.0059 0.9996 0.0291
vn -0.0058 0.9996 0.0291
vn 0.0423 0.7210 0.6917
vn 0.0423 0.7210 0.6916
vn 0.2199 0.7211 0.6571
vn 0.2199 0.7212 0.6570
vn 0.3825 0.7210 0.5777
vn 0.3173 -0.0000 0.9483
vn -0.3173 -0.0000 -0.9483
vn -0.2814 0.4616 -0.8413
vn -0.4896 0.4615 -0.7398
vn -0.6644 0.4614 -0.5879
vn -0.6645 0.4614 -0.5879
vn -0.6645 0.4615 -0.5878
vn -0.6643 0.4615 -0.5879
vn -0.6202 0.7210 -0.3091
vn -0.6201 0.7210 -0.3092
vn -0.6201 0.7210 -0.3091
vn -0.6202 0.7209 -0.3092
vn -0.6203 0.7209 -0.3092
vn -0.6202 0.7210 -0.3092
vn -0.0272 0.9996 -0.0055
vn -0.0271 0.9996 -0.0055
vn -0.0158 0.9996 0.0236
vn -0.0159 0.9996 0.0236
vn -0.0130 0.9996 0.0260
vn -0.1383 0.7209 0.6791
vn -0.1382 0.7209 0.6791
vn -0.1382 0.7210 0.6790
vn -0.1381 0.7211 0.6789
vn 0.0424 0.7211 0.6916
vn 0.2198 0.7211 0.6571
vn 0.2199 0.7211 0.6570
vn 0.2815 0.4616 0.8412
vn 0.2815 0.4616 0.8413
vn 0.3173 0.0001 0.9483
vn -0.3172 -0.0000 -0.9483
vn -0.5519 -0.0000 -0.8339
vn -0.5520 -0.0000 -0.8339
vn -0.7490 -0.0000 -0.6626
vn -0.7489 -0.0000 -0.6626
vn -0.7940 0.4615 -0.3958
vn -0.7939 0.4614 -0.3959
vn -0.7940 0.4613 -0.3959
vn -0.7940 0.4614 -0.3958
vn -0.6791 0.7210 -0.1381
vn -0.6791 0.7209 -0.1381
vn -0.6790 0.7210 -0.1381
vn -0.0268 0.9996 0.0052
vn -0.0276 0.9996 0.0017
vn -0.0270 0.9996 0.0052
vn -0.0190 0.9996 0.0213
vn -0.3092 0.7210 0.6201
vn -0.3091 0.7210 0.6201
vn -0.3093 0.7209 0.6202
vn -0.3092 0.7210 0.6202
vn -0.1768 0.4615 0.8693
vn -0.1769 0.4615 0.8693
vn 0.0540 0.4613 0.8856
vn 0.0540 0.4614 0.8855
vn 0.0541 0.4615 0.8855
vn 0.2815 0.4614 0.8413
vn 0.0611 -0.0000 0.9981
vn 0.2815 0.4615 0.8413
vn -0.5520 -0.0000 -0.8338
vn -0.8949 -0.0000 -0.4462
vn -0.7489 -0.0000 -0.6627
vn -0.8950 -0.0000 -0.4462
vn -0.8950 -0.0000 -0.4461
vn -0.8694 0.4613 -0.1769
vn -0.8950 -0.0001 -0.4461
vn -0.8692 0.4617 -0.1770
vn -0.8694 0.4614 -0.1769
vn -0.6917 0.7209 0.0423
vn -0.8693 0.4615 -0.1768
vn -0.8693 0.4616 -0.1768
vn -0.0264 0.9996 0.0088
vn -0.6917 0.7210 0.0423
vn -0.6916 0.7210 0.0423
vn -0.0234 0.9996 0.0155
vn -0.4592 0.7209 0.5191
vn -0.0234 0.9996 0.0154
vn -0.4591 0.7210 0.5190
vn -0.4593 0.7209 0.5190
vn -0.3958 0.4614 0.7940
vn -0.3958 0.4615 0.7940
vn -0.1768 0.4614 0.8694
vn -0.3958 0.4615 0.7939
vn 0.0541 0.4614 0.8855
vn -0.1768 0.4615 0.8694
vn -0.1769 0.4614 0.8694
vn 0.0610 -0.0000 0.9981
vn 0.0542 0.4615 0.8855
vn -0.9799 -0.0000 -0.1993
vn 0.0610 -0.0001 0.9981
vn -0.9799 -0.0001 -0.1994
vn -0.9799 -0.0000 -0.1994
vn -0.8855 0.4615 0.0542
vn -0.9799 0.0001 -0.1993
vn -0.8855 0.4615 0.0541
vn -0.6572 0.7209 0.2199
vn -0.5778 0.7211 0.3824
vn -0.6571 0.7210 0.2199
vn -0.5779 0.7209 0.3824
vn -0.5778 0.7210 0.3824
vn -0.5879 0.4614 0.6644
vn -0.5779 0.7209 0.3825
vn -0.5878 0.4615 0.6644
vn -0.5879 0.4615 0.6644
vn -0.4462 -0.0000 0.8949
vn -0.1993 -0.0000 0.9799
vn -0.9981 -0.0000 0.0611
vn -0.1994 -0.0000 0.9799
vn -0.9981 -0.0000 0.0610
vn -0.6571 0.7211 0.2199
vn -0.7398 0.4614 0.4897
vn -0.6571 0.7210 0.2198
vn -0.7398 0.4615 0.4896
vn -0.6627 -0.0000 0.7489
vn -0.6626 -0.0000 0.7490
vn -0.8413 0.4615 0.2815
vn -0.8413 0.4614 0.2815
vn -0.8413 0.4615 0.2814
vn -0.3751 0.8655 -0.3319
vn -0.3752 0.8655 -0.3318
vn -0.2765 0.8655 -0.4177
vn -0.2762 0.8655 -0.4179
vn -0.2764 0.8655 -0.4177
vn -0.4483 0.8655 -0.2235
vn -0.1590 0.8655 -0.4750
vn -0.1589 0.8655 -0.4750
vn -0.1589 0.8655 -0.4751
vn -0.4909 0.8655 -0.0999
vn -0.4909 0.8655 -0.0998
vn -0.4908 0.8655 -0.0999
vn -0.0306 0.8655 -0.5000
vn -0.0306 0.8655 -0.4999
vn -0.3174 -0.0000 -0.9483
vn -0.0000 1.0000 -0.0001
vn -0.0305 0.8655 -0.4999
vn -0.8949 -0.0000 -0.4463
vn -0.5000 0.8655 0.0306
vn -0.9483 -0.0000 0.3173
vn 0.0998 0.8655 -0.4909
vn 0.0998 0.8655 -0.4908
vn -0.0611 -0.0000 -0.9981
vn 0.1994 0.0003 -0.9799
vn -0.4999 0.8655 0.0306
vn -0.9484 -0.0000 0.3171
vn -0.9484 0.0001 0.3172
vn -0.9483 0.0001 0.3173
vn 0.0999 0.8655 -0.4908
vn -0.5519 -0.0005 -0.8339
vn 0.4462 0.0002 -0.8949
vn -0.0000 -1.0000 -0.0000
vn 0.0001 -1.0000 -0.0000
vn -0.0001 -1.0000 -0.0000
vn -0.4750 0.8655 0.1589
vn -0.8339 -0.0000 0.5519
vn 0.2235 0.8655 -0.4483
vn 0.1994 0.0001 -0.9799
vn 0.2235 0.8656 -0.4482
vn -0.0000 -1.0000 0.0001
vn 0.4460 -0.0000 -0.8950
vn 0.4462 0.0001 -0.8949
vn -0.4750 0.8655 0.1590
vn 0.2236 0.8655 -0.4482
vn -0.9483 -0.0001 0.3173
vn -0.0001 -1.0000 -0.0001
vn -0.9981 0.0001 0.0611
vn -0.9981 0.0001 0.0610
vn -0.9799 -0.0001 -0.1993
vn -0.4178 0.8655 0.2765
vn -0.4177 0.8655 0.2765
vn -0.6626 -0.0000 0.7489
vn 0.3320 0.8655 -0.3751
vn 0.3319 0.8655 -0.3752
vn 0.3319 0.8655 -0.3751
vn 0.4463 -0.0000 -0.8949
vn -0.0611 0.0001 -0.9981
vn -0.0610 0.0001 -0.9981
vn -0.9483 -0.0000 0.3172
vn -0.9981 0.0002 0.0610
vn -0.9799 0.0004 -0.1994
vn -0.4177 0.8655 0.2764
vn -0.7490 -0.0001 -0.6626
vn -0.3319 0.8655 0.3751
vn -0.6626 -0.0001 0.7490
vn 0.8341 -0.0000 -0.5515
vn -0.0000 -1.0000 -0.0001
vn -0.3319 0.8655 0.3752
vn -0.3320 0.8655 0.3752
vn -0.2234 0.8656 0.4482
vn -0.2235 0.8655 0.4483
vn -0.2234 0.8655 0.4483
vn 0.4177 0.8655 -0.2764
vn -0.4462 0.0002 0.8950
vn -0.4462 -0.0000 0.8950
vn 0.4177 0.8655 -0.2765
vn 0.4178 0.8655 -0.2764
vn 0.1991 -0.0000 -0.9800
vn -0.0610 -0.0001 -0.9981
vn -0.8339 -0.0001 0.5519
vn -0.4462 -0.0001 0.8949
vn 0.1995 -0.0000 -0.9799
vn 0.9483 -0.0000 -0.3173
vn 0.9483 0.0001 -0.3173
vn -0.8339 0.0002 0.5519
vn -0.8339 -0.0000 0.5520
vn -0.0998 0.8655 0.4908
vn -0.4461 -0.0000 0.8950
vn -0.0999 0.8655 0.4908
vn 0.4750 0.8655 -0.1589
vn 0.9483 -0.0002 -0.3173
vn -0.6626 -0.0002 0.7490
vn 0.9981 0.0001 -0.0610
vn 0.0306 0.8655 0.5000
vn 0.5000 0.8655 -0.0305
vn 0.5000 0.8655 -0.0306
vn 0.9981 -0.0000 -0.0611
vn 0.0305 0.8655 0.5000
vn 0.0306 0.8655 0.4999
vn 0.0305 0.8655 0.4999
vn 0.4999 0.8655 -0.0305
vn 0.9981 -0.0003 -0.0610
vn 0.4462 -0.0006 -0.8949
vn -0.1993 -0.0001 0.9799
vn 0.1589 0.8655 0.4750
vn 0.4908 0.8656 0.0998
vn 0.4908 0.8655 0.0998
vn 0.8339 0.0001 -0.5519
vn -0.1994 0.0001 0.9799
vn -0.3173 0.0004 -0.9483
vn -0.8949 0.0001 -0.4462
vn 0.7489 -0.0000 0.6626
vn 0.7490 -0.0002 0.6626
vn 0.3174 -0.0000 0.9483
vn -0.0000 1.0000 0.0002
vn -0.0002 1.0000 0.0003
vn 0.0001 1.0000 0.0001
vn 0.9799 0.0003 0.1994
vn -0.1994 -0.0001 0.9799
vn 0.9981 0.0001 -0.0611
vn -0.0000 1.0000 0.0001
vn -0.8339 -0.0001 0.5520
vn -0.5520 0.0002 -0.8339
vn 0.9483 0.0004 -0.3173
vn 0.0002 1.0000 0.0001
vn -0.7490 -0.0005 -0.6626
vn -0.3173 -0.0001 -0.9483
vn 0.8339 0.0002 -0.5519
vn 0.9981 -0.0001 -0.0610
vn 0.6626 0.0001 -0.7490
vn -0.8339 0.0001 0.5519
vn -0.4463 -0.0000 0.8949
vn -0.8339 -0.0002 0.5519
vn -0.8949 -0.0001 -0.4462
vn 0.4461 -0.0002 -0.8950
vn -0.5519 0.0001 -0.8339
vn 0.8950 -0.0000 0.4462
vn 0.0002 1.0000 -0.0000
vn 0.0001 1.0000 0.0002
vn 0.8950 -0.0000 0.4461
vn 0.8950 -0.0000 0.4460
vn 0.6251 -0.0000 -0.7806
vn 0.6251 -0.0000 -0.7805
vn 0.9885 -0.0000 0.1511
vn -0.3634 -0.0000 -0.9316
vn 0.3634 -0.0000 0.9316
vn 0.9885 -0.0000 0.1510
vn -0.9885 -0.0000 -0.1511
vn 0.3635 -0.0000 0.9316
vn -0.3635 -0.0000 -0.9316
vn 0.3635 -0.0001 0.9316
vn -0.9885 0.0001 -0.1511
vn -0.9885 -0.0001 -0.1511
vn -0.6251 -0.0000 0.7805
vn -0.9885 -0.0000 -0.1510
vn -0.6251 -0.0000 0.7806
vn -0.6251 0.0003 0.7805
vn -0.6251 0.0001 0.7805
vn 0.9885 -0.0001 0.1510
vn -0.3633 -0.0000 -0.9317
vn 0.6252 -0.0001 -0.7805
vn -0.6251 -0.0001 0.7806
vn 0.6252 -0.0000 -0.7805
vn 0.6251 0.0001 -0.7805
vn -0.6251 0.0001 0.7806
vn 0.3634 0.0001 0.9316
vn 0.3634 -0.0000 0.9317
vn -0.3634 0.0001 -0.9316
vn 0.9885 -0.0000 0.1512
vn 0.6203 -0.0000 -0.7844
vn 0.9894 -0.0000 0.1450
vn -0.3691 -0.0000 -0.9294
vn 0.3691 -0.0000 0.9294
vn -0.9894 -0.0000 -0.1450
vn 0.3692 -0.0000 0.9294
vn -0.3692 -0.0000 -0.9294
vn -0.9894 -0.0001 -0.1450
vn -0.6203 -0.0000 0.7844
vn -0.6203 0.0003 0.7844
vn -0.6203 0.0001 0.7844
vn 0.6203 -0.0000 -0.7843
vn 0.6203 -0.0001 -0.7844
vn 0.9894 -0.0001 0.1450
vn 0.3691 0.0001 0.9294
vn -0.3691 -0.0001 -0.9294
vn 0.6202 -0.0000 -0.7844
vn 0.9894 -0.0000 0.1449
vn -0.6202 -0.0000 0.7844
vn -0.6203 0.0001 0.7843
vn -0.3692 -0.0000 -0.9293
vn -0.9894 -0.0000 -0.1451
vn -0.3692 0.0002 -0.9294
vn 0.6204 -0.0000 -0.7843
vn -0.3690 -0.0000 -0.9294
vn 0.3690 -0.0000 0.9294
vn 0.6243 -0.0000 -0.7812
vn 0.6243 -0.0002 -0.7812
vn 0.9887 -0.0000 0.1501
vn -0.3644 -0.0000 -0.9312
vn -0.3644 -0.0001 -0.9312
vn 0.9887 -0.0001 0.1501
vn -0.3643 -0.0000 -0.9313
vn 0.9887 -0.0000 0.1500
vn 0.3644 0.0001 0.9312
vn 0.9887 -0.0000 0.1497
vn -0.9887 0.0001 -0.1500
vn 0.3644 -0.0000 0.9312
vn -0.9887 -0.0000 -0.1500
vn -0.3644 -0.0000 -0.9313
vn 0.3643 -0.0000 0.9313
vn 0.3644 -0.0000 0.9313
vn -0.6243 -0.0000 0.7812
vn -0.6243 -0.0000 0.7811
vn 0.6243 -0.0004 -0.7812
vn 0.9887 -0.0000 0.1499
vn 0.3645 -0.0000 0.9312
vn 0.9887 -0.0001 0.1500
vn -0.6243 0.0001 0.7812
vn -0.9887 -0.0000 -0.1502
vn -0.6245 -0.0000 0.7811
vn -0.3643 -0.0001 -0.9313
vn -0.9887 -0.0000 -0.1501
vn 0.6244 -0.0000 -0.7811
vn 0.6243 -0.0001 -0.7812
vn -0.3645 -0.0000 -0.9312
vn 0.6233 -0.0000 -0.7820
vn 0.9889 -0.0000 0.1489
vn 0.9889 -0.0000 0.1488
vn -0.3655 -0.0000 -0.9308
vn 0.9889 -0.0001 0.1489
vn 0.3655 -0.0000 0.9308
vn -0.9889 -0.0000 -0.1489
vn 0.3656 -0.0000 0.9308
vn -0.9889 -0.0000 -0.1488
vn 0.3654 -0.0000 0.9308
vn -0.9889 -0.0001 -0.1488
vn -0.6234 -0.0000 0.7819
vn -0.6233 -0.0000 0.7820
vn -0.6234 0.0001 0.7819
vn -0.6233 0.0001 0.7820
vn -0.6233 -0.0000 0.7819
vn -0.0002 1.0000 0.0001
vn 0.6234 -0.0000 -0.7819
vn 0.9888 -0.0001 0.1489
vn 0.9888 -0.0000 0.1489
vn 0.3655 0.0001 0.9308
vn -0.3655 -0.0001 -0.9308
vn -0.3656 0.0001 -0.9308
vn -0.3654 -0.0000 -0.9309
vn -0.9888 -0.0000 -0.1489
vn 0.6235 -0.0001 -0.7819
vn 0.3655 0.0002 0.9308
vn 0.3655 -0.0001 0.9308
vn -0.3655 0.0001 -0.9308
vn -0.3656 -0.0000 -0.9308
vn -0.9888 -0.0000 -0.1490
vn 0.6300 -0.0000 -0.7766
vn 0.9875 -0.0000 0.1573
vn -0.3575 -0.0001 -0.9339
vn -0.3575 -0.0000 -0.9339
vn 0.6300 -0.0001 -0.7766
vn -0.3576 -0.0000 -0.9339
vn 0.9876 -0.0000 0.1573
vn 0.3576 -0.0001 0.9339
vn -0.9876 0.0001 -0.1573
vn 0.3579 -0.0000 0.9338
vn 0.3578 -0.0000 0.9338
vn -0.9876 -0.0000 -0.1572
vn -0.3571 -0.0000 -0.9341
vn 0.3576 -0.0000 0.9339
vn 0.3575 -0.0000 0.9339
vn -0.9876 -0.0000 -0.1573
vn -0.6300 -0.0000 0.7766
vn -0.6298 -0.0000 0.7768
vn -0.6300 0.0001 0.7766
vn 0.6299 -0.0000 -0.7766
vn 0.3572 -0.0000 0.9340
vn 0.9875 -0.0000 0.1574
vn 0.9875 -0.0001 0.1574
vn 0.9876 -0.0000 0.1572
vn 0.9876 0.0001 0.1573
vn 0.3576 0.0001 0.9339
vn -0.9875 -0.0002 -0.1573
vn 0.6300 0.0001 -0.7766
vn 0.9875 0.0001 0.1573
vn 0.9876 -0.0001 0.1573
vn 0.9876 -0.0001 0.1572
vn -0.6301 -0.0000 0.7766
vn -0.9875 -0.0000 -0.1574
vt 0.075473 0.215445
vt 0.076220 0.214034
vt 0.075003 0.216453
vt 0.075746 0.215036
vt 0.074688 0.216626
vt 0.076310 0.212787
vt 0.074182 0.217149
vt 0.073892 0.217303
vt 0.075144 0.215647
vt 0.075563 0.214195
vt 0.074920 0.215723
vt 0.073684 0.217300
vt 0.074455 0.216643
vt 0.075232 0.214434
vt 0.076014 0.211381
vt 0.073061 0.217484
vt 0.072805 0.217630
vt 0.072630 0.217618
vt 0.074897 0.215693
vt 0.074982 0.214516
vt 0.074945 0.213069
vt 0.075268 0.212789
vt 0.073791 0.216047
vt 0.071363 0.217575
vt 0.074705 0.213194
vt 0.075347 0.209913
vt 0.071712 0.217434
vt 0.071497 0.217585
vt 0.070028 0.212676
vt 0.074082 0.211816
vt 0.074303 0.211647
vt 0.074606 0.211323
vt 0.072432 0.215986
vt 0.068526 0.216444
vt 0.073153 0.210476
vt 0.074352 0.208481
vt 0.070221 0.217004
vt 0.070053 0.217170
vt 0.069963 0.217174
vt 0.067149 0.215435
vt 0.073345 0.210265
vt 0.073617 0.209897
vt 0.070931 0.215543
vt 0.067147 0.215373
vt 0.065930 0.214216
vt 0.070627 0.208267
vt 0.073090 0.207184
vt 0.068689 0.216224
vt 0.068569 0.216415
vt 0.065888 0.214115
vt 0.064955 0.212873
vt 0.069195 0.207546
vt 0.071976 0.209266
vt 0.072130 0.209016
vt 0.072365 0.208608
vt 0.069388 0.214751
vt 0.067221 0.215147
vt 0.065920 0.213849
vt 0.064880 0.212729
vt 0.064295 0.211497
vt 0.067778 0.207152
vt 0.069260 0.207240
vt 0.071643 0.206109
vt 0.067909 0.213664
vt 0.064879 0.212419
vt 0.064199 0.211309
vt 0.064000 0.210181
vt 0.066473 0.207111
vt 0.067797 0.206832
vt 0.070738 0.207984
vt 0.070928 0.207543
vt 0.066597 0.212358
vt 0.065549 0.210922
vt 0.064175 0.210955
vt 0.063894 0.209952
vt 0.064090 0.209014
vt 0.065374 0.207425
vt 0.066449 0.206789
vt 0.067892 0.206351
vt 0.069403 0.206773
vt 0.064839 0.209456
vt 0.063860 0.209557
vt 0.064560 0.208074
vt 0.065314 0.207112
vt 0.066500 0.206304
vt 0.070107 0.205328
vt 0.064521 0.208059
vt 0.063987 0.208748
vt 0.064473 0.207780
vt 0.065327 0.206635
vt 0.068584 0.204894
vt 0.064618 0.206823
vt 0.063956 0.208318
vt 0.064458 0.207321
vt 0.067182 0.204835
vt 0.066000 0.205156
vt 0.065124 0.205834
vt 0.062251 0.214077
vt 0.063882 0.210288
vt 0.059931 0.210997
vt 0.061513 0.207181
vt 0.066821 0.213147
vt 0.062733 0.209713
vt 0.058353 0.207861
vt 0.065132 0.216892
vt 0.059832 0.205966
vt 0.059902 0.204036
vt 0.066322 0.213174
vt 0.070105 0.215557
vt 0.060154 0.205182
vt 0.057644 0.204881
vt 0.063068 0.208936
vt 0.068355 0.219245
vt 0.058168 0.201403
vt 0.057854 0.202188
vt 0.059178 0.201063
vt 0.070319 0.216105
vt 0.066672 0.212407
vt 0.073494 0.217344
vt 0.056981 0.205666
vt 0.060597 0.210256
vt 0.057861 0.202252
vt 0.071683 0.220967
vt 0.057274 0.197845
vt 0.054511 0.201051
vt 0.056964 0.198628
vt 0.059400 0.198458
vt 0.074425 0.218292
vt 0.070684 0.215353
vt 0.065056 0.214511
vt 0.076753 0.218379
vt 0.054812 0.200250
vt 0.057293 0.204867
vt 0.058987 0.200148
vt 0.060926 0.209465
vt 0.074886 0.221933
vt 0.057549 0.194739
vt 0.053398 0.196711
vt 0.053694 0.195913
vt 0.057237 0.195516
vt 0.060550 0.196391
vt 0.078355 0.219573
vt 0.074805 0.217557
vt 0.069999 0.218127
vt 0.065403 0.213733
vt 0.079669 0.218585
vt 0.054674 0.196192
vt 0.055736 0.200334
vt 0.058095 0.204743
vt 0.060931 0.198707
vt 0.065810 0.213203
vt 0.077756 0.222072
vt 0.058967 0.192286
vt 0.053739 0.192920
vt 0.054037 0.192130
vt 0.055000 0.192580
vt 0.061549 0.209131
vt 0.058650 0.193054
vt 0.062535 0.194998
vt 0.081855 0.219850
vt 0.078748 0.218855
vt 0.075049 0.220835
vt 0.070365 0.217367
vt 0.070537 0.216668
vt 0.082066 0.217947
vt 0.055305 0.191790
vt 0.054977 0.195395
vt 0.056044 0.199534
vt 0.058414 0.203945
vt 0.065196 0.194373
vt 0.061883 0.208341
vt 0.066162 0.212425
vt 0.080116 0.221375
vt 0.061412 0.190647
vt 0.055505 0.189921
vt 0.055811 0.189143
vt 0.056685 0.189729
vt 0.056998 0.188951
vt 0.061083 0.191402
vt 0.064339 0.190674
vt 0.063539 0.198026
vt 0.084720 0.219104
vt 0.082260 0.219149
vt 0.079853 0.222427
vt 0.075433 0.220096
vt 0.075372 0.219270
vt 0.070907 0.215907
vt 0.081830 0.219892
vt 0.068155 0.190922
vt 0.068325 0.194561
vt 0.086792 0.217393
vt 0.083806 0.216513
vt 0.058543 0.187910
vt 0.058862 0.187147
vt 0.059586 0.187826
vt 0.059912 0.187062
vt 0.064680 0.189933
vt 0.066608 0.198152
vt 0.087211 0.216720
vt 0.085133 0.218418
vt 0.084106 0.222780
vt 0.080254 0.221710
vt 0.079977 0.220809
vt 0.075760 0.218529
vt 0.082807 0.217733
vt 0.062594 0.187025
vt 0.068512 0.190196
vt 0.072239 0.192133
vt 0.071688 0.195550
vt 0.087969 0.214845
vt 0.088391 0.214180
vt 0.084797 0.214387
vt 0.062931 0.186280
vt 0.063457 0.187000
vt 0.067325 0.187332
vt 0.069909 0.199080
vt 0.091470 0.216641
vt 0.090059 0.219769
vt 0.087566 0.221869
vt 0.084520 0.222084
vt 0.084059 0.221168
vt 0.080381 0.220090
vt 0.082994 0.215051
vt 0.063799 0.186254
vt 0.072364 0.188818
vt 0.072612 0.191422
vt 0.076297 0.194229
vt 0.075045 0.197277
vt 0.088195 0.211643
vt 0.088617 0.210982
vt 0.091739 0.212714
vt 0.084987 0.211722
vt 0.067681 0.186605
vt 0.067980 0.187315
vt 0.073207 0.200748
vt 0.092173 0.212066
vt 0.091903 0.215989
vt 0.090489 0.219107
vt 0.087990 0.221192
vt 0.087384 0.220321
vt 0.084475 0.220469
vt 0.082382 0.212032
vt 0.068340 0.186586
vt 0.072739 0.188109
vt 0.077341 0.191387
vt 0.076684 0.193533
vt 0.080056 0.197072
vt 0.078168 0.199627
vt 0.087458 0.208012
vt 0.087878 0.207351
vt 0.090857 0.208265
vt 0.091289 0.207618
vt 0.084366 0.208703
vt 0.072801 0.188754
vt 0.076278 0.203045
vt 0.091398 0.211626
vt 0.091139 0.215366
vt 0.089781 0.218336
vt 0.087809 0.219640
vt 0.081003 0.208884
vt 0.073180 0.188043
vt 0.077734 0.190696
vt 0.081922 0.194870
vt 0.080455 0.196389
vt 0.080862 0.202444
vt 0.085793 0.204202
vt 0.086209 0.203538
vt 0.088858 0.203600
vt 0.089285 0.202948
vt 0.090549 0.207382
vt 0.090213 0.217669
vt 0.082967 0.205539
vt 0.077569 0.191226
vt 0.083282 0.200472
vt 0.078930 0.205819
vt 0.090983 0.206730
vt 0.091834 0.210974
vt 0.091574 0.214709
vt 0.077965 0.190533
vt 0.082330 0.194195
vt 0.083691 0.199800
vt 0.085832 0.199033
vt 0.086250 0.198372
vt 0.088626 0.202925
vt 0.089055 0.202268
vt 0.081963 0.194568
vt 0.082373 0.193890
vt 0.085717 0.198556
vt 0.086138 0.197891
vt 0.064933 0.214021
vt 0.059999 0.209346
vt 0.060329 0.208544
vt 0.070388 0.218014
vt 0.056301 0.203511
vt 0.065284 0.213234
vt 0.055990 0.204322
vt 0.059694 0.208885
vt 0.075944 0.221022
vt 0.070760 0.217247
vt 0.053545 0.198475
vt 0.055483 0.203643
vt 0.064871 0.213773
vt 0.053247 0.199287
vt 0.059367 0.209690
vt 0.064522 0.214563
vt 0.081211 0.222809
vt 0.076337 0.220278
vt 0.070586 0.217957
vt 0.052303 0.193756
vt 0.052601 0.198399
vt 0.055175 0.204457
vt 0.070215 0.218726
vt 0.052010 0.194565
vt 0.054808 0.204519
vt 0.059082 0.209846
vt 0.064337 0.214808
vt 0.085856 0.223236
vt 0.081621 0.222090
vt 0.076398 0.221118
vt 0.076005 0.221863
vt 0.052684 0.189651
vt 0.051301 0.193487
vt 0.052306 0.199215
vt 0.051882 0.199184
vt 0.070137 0.219048
vt 0.052390 0.190451
vt 0.048074 0.205810
vt 0.044095 0.198808
vt 0.053871 0.212827
vt 0.060959 0.219394
vt 0.089623 0.222272
vt 0.086280 0.222540
vt 0.081897 0.223007
vt 0.081486 0.223725
vt 0.076033 0.222243
vt 0.054655 0.186419
vt 0.051700 0.189213
vt 0.051013 0.194299
vt 0.050563 0.194181
vt 0.042297 0.192247
vt 0.068720 0.225030
vt 0.054351 0.187204
vt 0.092329 0.220000
vt 0.043678 0.198798
vt 0.047715 0.205887
vt 0.041855 0.192156
vt 0.053593 0.212992
vt 0.060779 0.219644
vt 0.092770 0.219342
vt 0.090057 0.221597
vt 0.086738 0.223473
vt 0.086313 0.224167
vt 0.081610 0.224139
vt 0.076529 0.229281
vt 0.058041 0.184269
vt 0.053761 0.185845
vt 0.051410 0.190015
vt 0.050968 0.189821
vt 0.042849 0.186515
vt 0.042415 0.186352
vt 0.068646 0.225354
vt 0.057722 0.185039
vt 0.093858 0.216596
vt 0.094303 0.215949
vt 0.042097 0.191320
vt 0.043929 0.197955
vt 0.047986 0.205045
vt 0.042659 0.185530
vt 0.053893 0.212161
vt 0.061112 0.218834
vt 0.062210 0.184103
vt 0.095056 0.216587
vt 0.093469 0.220128
vt 0.090658 0.222485
vt 0.090222 0.223158
vt 0.086518 0.224588
vt 0.083826 0.231785
vt 0.076555 0.229661
vt 0.057303 0.183604
vt 0.053462 0.186633
vt 0.053060 0.186378
vt 0.045698 0.181961
vt 0.045305 0.181739
vt 0.045564 0.180936
vt 0.069011 0.224572
vt 0.094150 0.212314
vt 0.094595 0.211672
vt 0.095359 0.212127
vt 0.062549 0.183353
vt 0.062015 0.182644
vt 0.045707 0.186705
vt 0.045201 0.191991
vt 0.046852 0.198055
vt 0.050512 0.204533
vt 0.048327 0.182521
vt 0.062373 0.217104
vt 0.069538 0.222322
vt 0.067440 0.184469
vt 0.094610 0.217231
vt 0.093027 0.220783
vt 0.090491 0.223557
vt 0.090167 0.232335
vt 0.083942 0.232197
vt 0.076950 0.228913
vt 0.056987 0.184374
vt 0.061678 0.183395
vt 0.056655 0.184077
vt 0.050582 0.178885
vt 0.050258 0.178621
vt 0.050542 0.177841
vt 0.055844 0.211026
vt 0.052818 0.179715
vt 0.076766 0.226268
vt 0.093194 0.207455
vt 0.093637 0.206813
vt 0.094367 0.207063
vt 0.094912 0.212765
vt 0.067498 0.183042
vt 0.067801 0.183740
vt 0.067139 0.183772
vt 0.048603 0.181721
vt 0.045971 0.185887
vt 0.045461 0.191160
vt 0.047121 0.197218
vt 0.050799 0.203697
vt 0.053116 0.178936
vt 0.056157 0.210201
vt 0.062715 0.216297
vt 0.069909 0.221542
vt 0.072993 0.186123
vt 0.094947 0.217517
vt 0.093339 0.221137
vt 0.095239 0.230900
vt 0.090356 0.232751
vt 0.084360 0.231485
vt 0.083544 0.228614
vt 0.061438 0.183078
vt 0.067003 0.183459
vt 0.057054 0.177510
vt 0.056821 0.177226
vt 0.057136 0.176471
vt 0.058775 0.178488
vt 0.077164 0.225519
vt 0.091027 0.202354
vt 0.091464 0.201707
vt 0.092116 0.201744
vt 0.093922 0.207701
vt 0.095254 0.212968
vt 0.072931 0.185490
vt 0.073313 0.184782
vt 0.073375 0.185414
vt 0.072903 0.185207
vt 0.045826 0.180130
vt 0.042907 0.184705
vt 0.042342 0.190482
vt 0.044183 0.197109
vt 0.048261 0.204200
vt 0.054197 0.211326
vt 0.059101 0.177733
vt 0.061449 0.218020
vt 0.069380 0.223788
vt 0.078460 0.188958
vt 0.100861 0.222768
vt 0.098841 0.227620
vt 0.095484 0.231293
vt 0.090792 0.232074
vt 0.089455 0.229167
vt 0.083963 0.227898
vt 0.064536 0.177955
vt 0.072395 0.180209
vt 0.064405 0.177673
vt 0.064753 0.176945
vt 0.050830 0.177058
vt 0.057455 0.175714
vt 0.065673 0.178942
vt 0.077348 0.228164
vt 0.087736 0.197354
vt 0.088165 0.196696
vt 0.088695 0.196526
vt 0.091677 0.202388
vt 0.094249 0.207813
vt 0.101245 0.216718
vt 0.078698 0.188208
vt 0.078624 0.188440
vt 0.079026 0.187752
vt 0.078861 0.188269
vt 0.080028 0.184127
vt 0.051120 0.176274
vt 0.046092 0.179323
vt 0.043157 0.183878
vt 0.042589 0.189641
vt 0.044440 0.196261
vt 0.048539 0.203352
vt 0.065105 0.176216
vt 0.066029 0.178213
vt 0.054504 0.210489
vt 0.061788 0.217204
vt 0.069753 0.223001
vt 0.083473 0.192787
vt 0.099124 0.227966
vt 0.101163 0.223049
vt 0.095932 0.230645
vt 0.094199 0.227892
vt 0.089892 0.228482
vt 0.084782 0.230772
vt 0.072368 0.179952
vt 0.080098 0.183917
vt 0.072748 0.179253
vt 0.057777 0.174956
vt 0.072936 0.181065
vt 0.077750 0.227412
vt 0.083890 0.192115
vt 0.084256 0.191756
vt 0.088265 0.197180
vt 0.091968 0.202404
vt 0.099985 0.209897
vt 0.101552 0.216918
vt 0.099579 0.227340
vt 0.086926 0.189442
vt 0.084002 0.192264
vt 0.083838 0.192425
vt 0.087078 0.189299
vt 0.060172 0.184078
vt 0.057065 0.186012
vt 0.055258 0.188949
vt 0.054909 0.192699
vt 0.056048 0.197022
vt 0.058575 0.201647
vt 0.065461 0.175486
vt 0.073131 0.178552
vt 0.073320 0.180361
vt 0.066826 0.210598
vt 0.071866 0.214305
vt 0.077009 0.217120
vt 0.101623 0.222437
vt 0.102011 0.216314
vt 0.094647 0.227235
vt 0.091232 0.231395
vt 0.085208 0.230058
vt 0.080504 0.183245
vt 0.062272 0.206276
vt 0.064312 0.183281
vt 0.080013 0.184719
vt 0.081894 0.218824
vt 0.088502 0.197103
vt 0.097111 0.202767
vt 0.100279 0.210010
vt 0.100736 0.209405
vt 0.097578 0.224910
vt 0.098034 0.224274
vt 0.092707 0.195796
vt 0.092924 0.195732
vt 0.087506 0.188650
vt 0.069141 0.183682
vt 0.073518 0.177850
vt 0.080914 0.182571
vt 0.080422 0.184041
vt 0.099477 0.220467
vt 0.099838 0.214901
vt 0.100038 0.226713
vt 0.096383 0.229996
vt 0.091676 0.230715
vt 0.086212 0.219285
vt 0.086431 0.189660
vt 0.097376 0.202790
vt 0.097828 0.202176
vt 0.098653 0.208607
vt 0.099935 0.219844
vt 0.102085 0.221825
vt 0.093366 0.195104
vt 0.074276 0.185263
vt 0.081328 0.181897
vt 0.087937 0.188001
vt 0.086859 0.189004
vt 0.100298 0.214284
vt 0.099110 0.207990
vt 0.102552 0.221213
vt 0.100501 0.226085
vt 0.096839 0.229345
vt 0.089721 0.218470
vt 0.091829 0.195555
vt 0.095955 0.202013
vt 0.096407 0.201388
vt 0.102475 0.215708
vt 0.102942 0.215103
vt 0.079341 0.187923
vt 0.088371 0.187351
vt 0.092271 0.194918
vt 0.101198 0.208799
vt 0.098284 0.201562
vt 0.093674 0.213369
vt 0.092246 0.216446
vt 0.093812 0.194475
vt 0.101663 0.208192
vt 0.093947 0.209468
vt 0.083996 0.191486
vt 0.094262 0.193845
vt 0.098743 0.200947
vt 0.087962 0.195716
vt 0.093053 0.205020
vt 0.091030 0.200330
vt 0.066565 0.204445
vt 0.068573 0.204051
vt 0.069029 0.203106
vt 0.067010 0.203489
vt 0.068536 0.204129
vt 0.068640 0.200964
vt 0.064570 0.201731
vt 0.066528 0.204524
vt 0.068149 0.201985
vt 0.068186 0.201907
vt 0.064137 0.202697
vt 0.064101 0.202777
vt 0.066513 0.204441
vt 0.068072 0.201999
vt 0.066222 0.199211
vt 0.064171 0.199596
vt 0.068444 0.204061
vt 0.065760 0.200324
vt 0.065744 0.200243
vt 0.065781 0.200164
vt 0.063741 0.200560
vt 0.063705 0.200640
vt 0.064180 0.202761
vt 0.066422 0.203939
vt 0.067609 0.202085
vt 0.065850 0.200812
vt 0.063799 0.200706
vt 0.067893 0.203651
vt 0.064363 0.201101
vt 0.064652 0.202663
vt 0.067855 0.203729
vt 0.067572 0.202163
vt 0.065814 0.200891
vt 0.064616 0.202744
vt 0.066386 0.204019
vt 0.064327 0.201181
vt 0.067043 0.205457
vt 0.066762 0.203889
vt 0.065020 0.202629
vt 0.063833 0.204499
vt 0.063547 0.202935
vt 0.065587 0.205762
vt 0.065536 0.205758
vt 0.066649 0.203983
vt 0.064999 0.202789
vt 0.063605 0.203080
vt 0.066915 0.205468
vt 0.063876 0.204562
vt 0.065387 0.204925
vt 0.065882 0.204138
vt 0.065149 0.203608
vt 0.064532 0.203737
vt 0.066001 0.204797
vt 0.064651 0.204395
vt 0.078150 0.212483
vt 0.080028 0.212179
vt 0.080535 0.211289
vt 0.078648 0.211580
vt 0.079987 0.212253
vt 0.080188 0.209068
vt 0.076382 0.209647
vt 0.078109 0.212558
vt 0.079641 0.210032
vt 0.079683 0.209958
vt 0.075893 0.210561
vt 0.075852 0.210637
vt 0.078095 0.212471
vt 0.079569 0.210042
vt 0.077945 0.207145
vt 0.076025 0.207432
vt 0.079901 0.212178
vt 0.077422 0.208204
vt 0.077408 0.208120
vt 0.077449 0.208045
vt 0.075538 0.208344
vt 0.075497 0.208420
vt 0.075926 0.210624
vt 0.078014 0.211952
vt 0.079136 0.210107
vt 0.077503 0.208709
vt 0.075585 0.208493
vt 0.079390 0.211730
vt 0.076110 0.208929
vt 0.076368 0.210549
vt 0.079348 0.211804
vt 0.079095 0.210181
vt 0.077462 0.208784
vt 0.076328 0.210625
vt 0.077973 0.212027
vt 0.076069 0.209005
vt 0.078441 0.213435
vt 0.078190 0.211811
vt 0.076569 0.210428
vt 0.075444 0.212286
vt 0.075188 0.210664
vt 0.077077 0.213673
vt 0.077023 0.213661
vt 0.078078 0.211897
vt 0.076542 0.210587
vt 0.075235 0.210811
vt 0.078316 0.213435
vt 0.075477 0.212348
vt 0.076890 0.212800
vt 0.077359 0.212017
vt 0.076676 0.211435
vt 0.076098 0.211535
vt 0.077465 0.212700
vt 0.076205 0.212217
vt 0.078117 0.223443
vt 0.079988 0.223026
vt 0.080494 0.222123
vt 0.078615 0.222527
vt 0.079946 0.223101
vt 0.080135 0.219716
vt 0.076343 0.220517
vt 0.078075 0.223519
vt 0.079589 0.220695
vt 0.079630 0.220619
vt 0.075855 0.221444
vt 0.075814 0.221521
vt 0.078061 0.223425
vt 0.079517 0.220709
vt 0.077887 0.217716
vt 0.075974 0.218114
vt 0.079861 0.223024
vt 0.077364 0.218799
vt 0.077350 0.218707
vt 0.077391 0.218631
vt 0.075487 0.219040
vt 0.075447 0.219117
vt 0.075888 0.221505
vt 0.077978 0.222862
vt 0.079086 0.220799
vt 0.077448 0.219347
vt 0.075534 0.219193
vt 0.079348 0.222557
vt 0.076061 0.219647
vt 0.076328 0.221403
vt 0.079306 0.222633
vt 0.079044 0.220875
vt 0.077407 0.219423
vt 0.076287 0.221480
vt 0.077937 0.222938
vt 0.076020 0.219724
vt 0.078400 0.224287
vt 0.078140 0.222529
vt 0.076515 0.221092
vt 0.075404 0.223166
vt 0.075139 0.221409
vt 0.077041 0.224608
vt 0.076986 0.224590
vt 0.078028 0.222620
vt 0.076489 0.221259
vt 0.075186 0.221560
vt 0.078274 0.224285
vt 0.075437 0.223225
vt 0.076848 0.223656
vt 0.077312 0.222782
vt 0.076627 0.222178
vt 0.076051 0.222312
vt 0.077422 0.223522
vt 0.076162 0.223051
vt 0.066553 0.220484
vt 0.068566 0.219945
vt 0.069021 0.218977
vt 0.066998 0.219504
vt 0.068528 0.220026
vt 0.068637 0.216564
vt 0.064560 0.217616
vt 0.066516 0.220566
vt 0.068147 0.217612
vt 0.068184 0.217531
vt 0.064127 0.218607
vt 0.064092 0.218689
vt 0.066501 0.220472
vt 0.068069 0.217631
vt 0.066222 0.214682
vt 0.064167 0.215207
vt 0.068436 0.219952
vt 0.065759 0.215833
vt 0.065744 0.215742
vt 0.065781 0.215660
vt 0.063737 0.216197
vt 0.063701 0.216279
vt 0.064171 0.218667
vt 0.066412 0.219907
vt 0.067606 0.217749
vt 0.065848 0.216382
vt 0.063795 0.216350
vt 0.067885 0.219512
vt 0.064359 0.216775
vt 0.064643 0.218536
vt 0.067848 0.219593
vt 0.067568 0.217830
vt 0.065812 0.216463
vt 0.064607 0.218618
vt 0.066376 0.219988
vt 0.064323 0.216857
vt 0.067035 0.221363
vt 0.066759 0.219599
vt 0.065018 0.218247
vt 0.063825 0.220418
vt 0.063543 0.218655
vt 0.065577 0.221773
vt 0.065526 0.221760
vt 0.066646 0.219700
vt 0.064997 0.218419
vt 0.063601 0.218807
vt 0.066908 0.221371
vt 0.063867 0.220477
vt 0.065379 0.220824
vt 0.065877 0.219909
vt 0.065144 0.219341
vt 0.064526 0.219513
vt 0.065994 0.220651
vt 0.064644 0.220254
vt 0.059627 0.209530
vt 0.061701 0.208980
vt 0.062121 0.207991
vt 0.060036 0.208529
vt 0.061666 0.209062
vt 0.061700 0.205735
vt 0.057499 0.206814
vt 0.059593 0.209613
vt 0.061248 0.206805
vt 0.061283 0.206723
vt 0.057105 0.207824
vt 0.057072 0.207908
vt 0.059577 0.209525
vt 0.061169 0.206825
vt 0.059185 0.204024
vt 0.057069 0.204565
vt 0.061571 0.208995
vt 0.058764 0.205189
vt 0.058748 0.205104
vt 0.058781 0.205021
vt 0.056677 0.205573
vt 0.056644 0.205657
vt 0.057153 0.207886
vt 0.059480 0.208997
vt 0.060691 0.206945
vt 0.058862 0.205703
vt 0.056742 0.205721
vt 0.060997 0.208594
vt 0.057328 0.206106
vt 0.057640 0.207752
vt 0.060963 0.208677
vt 0.060656 0.207028
vt 0.058828 0.205786
vt 0.057607 0.207835
vt 0.059446 0.209080
vt 0.057295 0.206190
vt 0.060215 0.210485
vt 0.059912 0.208834
vt 0.058102 0.207604
vt 0.056893 0.209671
vt 0.056585 0.208023
vt 0.058713 0.210903
vt 0.058664 0.210897
vt 0.059799 0.208937
vt 0.058085 0.207772
vt 0.056649 0.208170
vt 0.060087 0.210501
vt 0.056941 0.209731
vt 0.058504 0.210021
vt 0.059009 0.209151
vt 0.058247 0.208634
vt 0.057611 0.208810
vt 0.059137 0.209845
vt 0.057740 0.209503
s 1
usemtl Metall
f 2/1/1 4/2/1 5/3/1
f 5/3/1 4/2/1 1/4/1
f 6/5/2 2/1/1 5/3/1
f 2/1/3 3/6/4 4/2/5
f 5/3/6 1/4/3 15/7/3
f 6/5/7 5/3/8 7/8/8
f 18/9/9 2/1/10 6/5/11
f 8/10/3 3/6/4 2/1/4
f 15/7/6 1/4/3 10/11/3
f 7/8/12 5/3/13 15/7/8
f 7/8/14 22/12/15 6/5/15
f 6/5/16 11/13/17 18/9/17
f 13/14/18 2/1/19 18/9/20
f 13/14/21 8/10/21 2/1/21
f 8/10/22 9/15/23 3/6/23
f 26/16/24 15/7/25 10/11/26
f 16/17/27 7/8/28 15/7/29
f 17/18/30 22/12/31 7/8/31
f 22/12/32 11/13/33 6/5/33
f 11/13/19 12/19/34 18/9/34
f 18/9/35 19/20/19 13/14/19
f 28/21/36 8/10/37 13/14/37
f 20/22/38 9/15/23 8/10/22
f 26/16/24 10/11/26 14/23/39
f 16/17/25 15/7/25 26/16/40
f 16/17/24 17/18/28 7/8/24
f 27/24/41 22/12/31 17/18/41
f 22/12/41 12/19/42 11/13/42
f 18/9/43 12/19/43 19/20/33
f 19/20/43 23/25/43 13/14/43
f 13/14/44 23/25/44 28/21/43
f 28/21/45 20/22/45 8/10/44
f 20/22/46 21/26/46 9/15/47
f 30/27/48 26/16/49 14/23/46
f 25/28/50 16/17/51 26/16/52
f 27/24/53 17/18/54 16/17/55
f 27/24/56 68/29/57 22/12/53
f 22/12/58 68/29/59 12/19/60
f 12/19/61 23/25/62 19/20/58
f 23/25/63 33/30/64 28/21/62
f 24/31/43 20/22/65 28/21/65
f 29/32/43 21/26/46 20/22/46
f 30/27/48 14/23/46 34/33/43
f 25/28/66 26/16/67 30/27/66
f 25/28/68 27/24/69 16/17/70
f 43/34/71 68/29/71 27/24/72
f 12/19/53 68/29/73 23/25/53
f 23/25/62 32/35/57 33/30/74
f 28/21/75 33/30/76 24/31/56
f 24/31/77 29/32/78 20/22/76
f 29/32/79 40/36/80 21/26/77
f 42/37/43 30/27/43 34/33/79
f 35/38/66 25/28/81 30/27/82
f 36/39/69 27/24/69 25/28/66
f 36/39/83 43/34/70 27/24/41
f 43/34/84 31/40/85 68/29/86
f 68/29/87 32/35/84 23/25/88
f 33/30/89 32/35/90 24/31/87
f 37/41/43 29/32/89 24/31/91
f 38/42/92 40/36/43 29/32/43
f 42/37/93 34/33/92 41/43/92
f 35/38/94 30/27/95 42/37/95
f 35/38/96 36/39/97 25/28/98
f 35/38/99 43/34/100 36/39/101
f 43/34/84 47/44/102 31/40/85
f 31/40/87 49/45/88 68/29/84
f 68/29/103 56/46/104 32/35/104
f 24/31/105 32/35/106 37/41/107
f 37/41/108 38/42/109 29/32/109
f 39/47/110 40/36/111 38/42/112
f 46/48/113 42/37/114 41/43/114
f 48/49/115 35/38/116 42/37/113
f 35/38/117 48/49/94 43/34/118
f 48/49/119 47/44/101 43/34/120
f 47/44/121 44/50/119 31/40/119
f 31/40/122 44/50/121 49/45/123
f 49/45/124 51/51/125 68/29/126
f 68/29/112 53/52/124 56/46/124
f 32/35/127 56/46/108 55/53/108
f 32/35/128 55/53/129 37/41/130
f 45/54/128 38/42/129 37/41/131
f 39/47/132 38/42/133 70/55/134
f 46/48/135 41/43/136 59/56/135
f 46/48/137 48/49/82 42/37/82
f 60/57/138 47/44/139 48/49/139
f 61/58/140 44/50/141 47/44/140
f 44/50/142 50/59/143 49/45/144
f 49/45/123 50/59/123 51/51/123
f 51/51/125 67/60/145 68/29/126
f 68/29/146 52/61/147 53/52/148
f 56/46/149 53/52/150 54/62/149
f 55/53/151 56/46/152 45/54/151
f 37/41/151 55/53/151 45/54/151
f 45/54/153 70/55/134 38/42/133
f 57/63/154 39/47/155 70/55/156
f 58/64/157 46/48/158 59/56/158
f 60/57/159 48/49/160 46/48/159
f 61/58/161 47/44/139 60/57/138
f 44/50/141 61/58/140 65/65/140
f 44/50/162 65/65/162 50/59/162
f 50/59/163 75/66/163 51/51/163
f 51/51/164 75/66/147 67/60/148
f 67/60/149 76/67/165 68/29/165
f 68/29/166 77/68/167 52/61/167
f 52/61/168 78/69/169 53/52/168
f 78/69/170 54/62/171 53/52/172
f 56/46/173 54/62/174 62/70/175
f 45/54/176 56/46/176 62/70/177
f 62/70/178 70/55/179 45/54/180
f 57/63/181 70/55/182 63/71/182
f 60/57/183 46/48/184 58/64/183
f 61/58/158 60/57/185 71/72/158
f 61/58/186 64/73/187 65/65/187
f 50/59/188 65/65/189 73/74/188
f 50/59/162 73/74/190 75/66/190
f 75/66/191 66/75/163 67/60/163
f 67/60/192 66/75/193 76/67/193
f 76/67/194 81/76/194 68/29/195
f 68/29/196 83/77/196 77/68/196
f 77/68/197 69/78/198 52/61/199
f 69/78/200 78/69/200 52/61/201
f 86/79/202 54/62/202 78/69/202
f 79/80/203 62/70/204 54/62/205
f 62/70/178 63/71/206 70/55/179
f 79/80/207 57/63/207 63/71/208
f 71/72/209 60/57/210 58/64/209
f 61/58/211 71/72/212 64/73/211
f 65/65/213 64/73/214 72/81/214
f 65/65/213 72/81/215 73/74/216
f 75/66/217 73/74/218 74/82/216
f 75/66/192 74/82/217 66/75/217
f 66/75/194 81/76/219 76/67/192
f 68/29/220 81/76/221 82/83/194
f 68/29/220 82/83/222 83/77/223
f 83/77/224 89/84/225 77/68/225
f 89/84/226 69/78/227 77/68/227
f 91/85/228 78/69/229 69/78/230
f 91/85/231 86/79/232 78/69/233
f 86/79/234 79/80/203 54/62/205
f 79/80/235 63/71/236 62/70/236
f 92/86/237 57/63/237 79/80/238
f 73/74/239 72/81/237 87/87/237
f 73/74/239 87/87/240 74/82/240
f 66/75/241 74/82/242 80/88/242
f 66/75/243 80/88/244 81/76/245
f 81/76/246 80/88/243 82/83/247
f 82/83/248 94/89/246 83/77/249
f 94/89/250 89/84/251 83/77/251
f 84/90/252 69/78/253 89/84/248
f 84/90/233 91/85/254 69/78/254
f 91/85/255 85/91/232 86/79/233
f 86/79/256 92/86/257 79/80/257
f 74/82/258 87/87/259 88/92/259
f 80/88/260 74/82/261 93/93/261
f 80/88/262 94/89/263 82/83/263
f 94/89/264 95/94/262 89/84/262
f 89/84/265 95/94/264 84/90/264
f 84/90/266 90/95/267 91/85/267
f 90/95/254 85/91/268 91/85/268
f 85/91/269 92/86/254 86/79/254
f 74/82/270 88/92/271 93/93/271
f 80/88/272 93/93/270 94/89/270
f 94/89/273 93/93/272 95/94/272
f 95/94/264 96/96/274 84/90/274
f 96/96/267 90/95/264 84/90/264
f 93/93/268 88/92/265 97/97/265
f 93/93/275 97/97/268 95/94/268
f 95/94/276 97/97/275 96/96/277
f 98/98/195 100/99/195 99/100/195
f 99/100/195 100/99/195 105/101/195
f 98/98/193 104/102/194 100/99/194
f 102/103/278 105/101/192 100/99/192
f 99/100/222 105/101/278 101/104/279
f 102/103/280 100/99/220 104/102/223
f 98/98/193 103/105/281 104/102/194
f 102/103/193 108/106/193 105/101/282
f 101/104/279 105/101/278 109/107/192
f 116/108/220 102/103/220 104/102/278
f 103/105/282 112/109/282 104/102/220
f 102/103/163 114/110/163 108/106/282
f 108/106/194 109/107/194 105/101/163
f 101/104/283 109/107/283 110/111/194
f 116/108/251 104/102/248 112/109/283
f 102/103/284 116/108/285 106/112/251
f 103/105/192 107/113/192 112/109/285
f 108/106/163 114/110/163 113/114/192
f 102/103/163 106/112/163 114/110/163
f 108/106/223 118/115/223 109/107/220
f 110/111/194 109/107/194 120/116/194
f 128/117/283 116/108/283 112/109/283
f 106/112/251 116/108/285 117/118/251
f 107/113/285 111/119/248 112/109/248
f 108/106/192 113/114/285 118/115/286
f 126/120/123 113/114/192 114/110/192
f 133/121/123 114/110/192 106/112/123
f 118/115/223 120/116/220 109/107/220
f 110/111/43 120/116/43 115/122/43
f 128/117/43 112/109/43 111/119/43
f 116/108/287 128/117/288 117/118/289
f 133/121/123 106/112/123 117/118/268
f 107/113/285 124/123/268 111/119/248
f 118/115/290 113/114/291 125/124/268
f 126/120/123 119/125/290 113/114/192
f 133/121/123 126/120/123 114/110/192
f 118/115/163 134/126/292 120/116/163
f 115/122/43 120/116/43 121/127/43
f 129/128/123 128/117/43 111/119/43
f 117/118/250 128/117/123 122/129/123
f 123/130/248 133/121/123 117/118/268
f 124/123/43 127/131/43 111/119/251
f 118/115/293 125/124/43 134/126/43
f 119/125/290 125/124/43 113/114/192
f 126/120/288 132/132/289 119/125/289
f 133/121/268 131/133/268 126/120/268
f 134/126/294 121/127/290 120/116/294
f 115/122/163 121/127/163 142/134/163
f 129/128/43 111/119/43 127/131/43
f 128/117/88 129/128/88 122/129/88
f 123/130/248 117/118/268 122/129/248
f 133/121/43 123/130/248 130/135/248
f 124/123/43 144/136/43 127/131/43
f 134/126/220 125/124/220 140/137/43
f 119/125/290 152/138/295 125/124/43
f 119/125/194 132/132/194 147/139/194
f 126/120/296 131/133/296 132/132/296
f 133/121/297 130/135/297 131/133/297
f 134/126/298 135/140/299 121/127/298
f 142/134/300 121/127/123 141/141/300
f 129/128/43 127/131/43 136/142/43
f 122/129/192 129/128/192 137/143/192
f 138/144/88 123/130/248 122/129/248
f 130/135/248 123/130/248 143/145/301
f 144/136/266 139/146/266 127/131/88
f 134/126/220 140/137/43 135/140/266
f 152/138/295 140/137/43 125/124/43
f 119/125/194 147/139/194 152/138/43
f 132/132/248 154/147/251 147/139/43
f 131/133/220 156/148/248 132/132/248
f 130/135/223 164/149/295 131/133/220
f 121/127/195 135/140/194 141/141/194
f 142/134/296 141/141/302 148/150/302
f 136/142/303 127/131/304 139/146/305
f 129/128/306 136/142/306 137/143/306
f 138/144/88 122/129/248 137/143/300
f 123/130/43 138/144/123 143/145/123
f 143/145/43 160/151/43 130/135/223
f 144/136/307 145/152/192 139/146/192
f 135/140/73 140/137/308 146/153/73
f 152/138/295 163/154/268 140/137/43
f 152/138/293 147/139/266 153/155/266
f 147/139/43 154/147/251 174/156/43
f 132/132/248 156/148/248 154/147/251
f 131/133/220 164/149/295 156/148/248
f 130/135/223 159/157/43 164/149/295
f 135/140/251 165/158/251 141/141/251
f 148/150/309 141/141/309 149/159/309
f 136/142/309 139/146/309 178/160/310
f 137/143/311 136/142/309 158/161/310
f 180/162/312 138/144/88 137/143/300
f 143/145/313 138/144/312 150/163/312
f 160/151/43 159/157/43 130/135/223
f 151/164/313 160/151/43 143/145/43
f 145/152/314 167/165/314 139/146/313
f 135/140/315 146/153/88 165/158/316
f 140/137/43 163/154/268 146/153/88
f 152/138/293 153/155/43 163/154/43
f 147/139/43 174/156/43 153/155/163
f 154/147/317 155/166/163 174/156/163
f 156/148/318 296/167/309 154/147/309
f 164/149/297 290/168/319 156/148/73
f 159/157/43 157/169/297 164/149/297
f 141/141/266 165/158/43 149/159/43
f 149/159/309 176/170/268 148/150/268
f 178/160/310 139/146/309 167/165/309
f 136/142/309 178/160/310 158/161/310
f 180/162/312 137/143/300 158/161/309
f 138/144/309 180/162/309 150/163/309
f 150/163/309 151/164/313 143/145/43
f 159/157/320 160/151/312 169/171/312
f 160/151/313 151/164/313 170/172/313
f 145/152/314 161/173/321 167/165/314
f 165/158/84 146/153/84 183/174/84
f 163/154/268 162/175/43 146/153/88
f 163/154/163 153/155/43 173/176/43
f 174/156/43 185/177/163 153/155/163
f 174/156/309 155/166/309 326/178/163
f 154/147/309 296/167/309 155/166/309
f 156/148/318 290/168/309 296/167/309
f 164/149/24 157/169/24 290/168/24
f 159/157/297 169/171/297 157/169/322
f 165/158/43 175/179/43 149/159/43
f 149/159/266 184/180/268 176/170/268
f 148/150/309 176/170/323 166/181/309
f 178/160/324 167/165/268 177/182/325
f 158/161/326 178/160/248 179/183/248
f 180/162/312 158/161/309 181/184/222
f 150/163/309 180/162/309 182/185/220
f 150/163/309 168/186/220 151/164/313
f 169/171/194 160/151/194 170/172/194
f 170/172/327 151/164/328 171/187/328
f 172/188/329 167/165/329 161/173/329
f 165/158/84 183/174/84 175/179/330
f 146/153/88 162/175/43 183/174/331
f 163/154/73 173/176/73 162/175/332
f 153/155/163 185/177/163 173/176/333
f 174/156/43 326/178/43 185/177/43
f 149/159/300 175/179/334 184/180/335
f 176/170/317 184/180/311 192/189/311
f 176/170/192 187/190/192 166/181/192
f 177/182/163 167/165/292 195/191/163
f 178/160/28 177/182/28 179/183/28
f 181/184/222 158/161/309 179/183/313
f 180/162/43 181/184/313 182/185/313
f 182/185/43 168/186/220 150/163/309
f 151/164/297 168/186/336 171/187/43
f 172/188/309 189/192/309 167/165/297
f 183/174/297 184/180/297 175/179/309
f 162/175/43 190/193/297 183/174/331
f 162/175/268 173/176/337 191/194/268
f 185/177/163 201/195/248 173/176/333
f 185/177/220 326/178/338 186/196/251
f 199/197/194 192/189/220 184/180/220
f 176/170/339 192/189/340 187/190/194
f 166/181/341 187/190/339 194/198/339
f 167/165/342 189/192/341 195/191/341
f 195/191/332 203/199/329 177/182/329
f 179/183/28 177/182/28 196/200/332
f 181/184/222 179/183/313 214/201/332
f 182/185/73 181/184/73 197/202/73
f 182/185/43 204/203/43 168/186/220
f 171/187/123 168/186/43 188/204/43
f 198/205/309 189/192/300 172/188/300
f 183/174/297 199/197/309 184/180/297
f 162/175/193 191/194/193 190/193/309
f 183/174/331 190/193/297 206/206/192
f 173/176/333 201/195/248 191/194/163
f 185/177/343 186/196/292 201/195/292
f 199/197/313 202/207/8 192/189/8
f 187/190/43 192/189/313 193/208/313
f 187/190/297 209/209/43 194/198/82
f 195/191/344 189/192/297 210/210/297
f 195/191/336 212/211/309 203/199/309
f 177/182/329 203/199/329 196/200/297
f 214/201/332 179/183/313 196/200/297
f 181/184/345 214/201/346 197/202/345
f 182/185/43 197/202/347 204/203/43
f 168/186/264 204/203/348 188/204/349
f 198/205/350 222/212/351 189/192/352
f 183/174/331 206/206/192 199/197/353
f 191/194/24 206/206/24 190/193/354
f 201/195/248 217/213/28 191/194/163
f 186/196/43 200/214/43 201/195/43
f 199/197/353 218/215/88 202/207/88
f 202/207/310 193/208/309 192/189/355
f 187/190/356 193/208/356 209/209/317
f 194/198/8 209/209/8 220/216/300
f 189/192/329 222/212/329 210/210/8
f 210/210/273 212/211/309 195/191/336
f 203/199/43 212/211/43 225/217/43
f 196/200/297 203/199/43 226/218/313
f 214/201/332 196/200/297 227/219/313
f 197/202/311 214/201/309 215/220/313
f 197/202/347 216/221/309 204/203/43
f 188/204/357 204/203/313 229/222/313
f 205/223/358 222/212/264 198/205/264
f 199/197/353 206/206/192 218/215/88
f 191/194/348 217/213/348 206/206/348
f 201/195/248 200/214/264 217/213/28
f 186/196/353 207/224/264 200/214/264
f 202/207/88 218/215/88 239/225/350
f 202/207/8 208/226/8 193/208/350
f 209/209/24 193/208/24 219/227/8
f 209/209/43 221/228/43 220/216/28
f 210/210/88 222/212/359 224/229/43
f 210/210/309 211/230/317 212/211/88
f 225/217/43 212/211/43 213/231/309
f 226/218/313 203/199/43 225/217/43
f 227/219/313 196/200/297 226/218/313
f 214/201/123 227/219/123 215/220/123
f 197/202/347 215/220/360 216/221/309
f 204/203/274 216/221/361 229/222/360
f 205/223/264 223/232/274 222/212/264
f 217/213/362 218/215/313 206/206/274
f 200/214/264 232/233/313 217/213/28
f 207/224/43 237/234/43 200/214/43
f 232/233/311 239/225/311 218/215/309
f 202/207/88 239/225/350 208/226/363
f 208/226/264 219/227/313 193/208/313
f 221/228/364 209/209/365 219/227/352
f 220/216/267 221/228/366 240/235/364
f 222/212/367 223/232/267 224/229/265
f 224/229/360 211/230/367 210/210/367
f 212/211/43 211/230/360 213/231/309
f 213/231/8 243/236/8 225/217/368
f 225/217/43 233/237/43 226/218/8
f 226/218/73 234/238/73 227/219/293
f 215/220/323 227/219/309 235/239/73
f 215/220/360 228/240/309 216/221/309
f 229/222/88 216/221/88 230/241/88
f 236/242/360 223/232/360 205/223/360
f 217/213/362 232/233/43 218/215/313
f 200/214/264 237/234/43 232/233/313
f 207/224/342 231/243/274 237/234/43
f 232/233/311 238/244/309 239/225/329
f 208/226/363 239/225/350 255/245/309
f 208/226/369 246/246/274 219/227/274
f 221/228/43 219/227/43 247/247/43
f 221/228/267 248/248/267 240/235/267
f 223/232/366 260/249/366 224/229/364
f 224/229/267 241/250/267 211/230/267
f 211/230/360 242/251/367 213/231/309
f 213/231/360 252/252/367 243/236/367
f 225/217/368 243/236/8 233/237/360
f 226/218/8 233/237/43 234/238/360
f 227/219/293 234/238/43 235/239/43
f 215/220/360 235/239/43 228/240/309
f 216/221/43 228/240/43 230/241/43
f 236/242/73 258/253/43 223/232/43
f 237/234/43 238/244/73 232/233/313
f 231/243/309 245/254/311 237/234/73
f 238/244/88 255/245/88 239/225/309
f 246/246/88 208/226/363 255/245/309
f 246/246/3 247/247/370 219/227/3
f 248/248/43 221/228/43 247/247/43
f 240/235/329 248/248/329 249/255/329
f 223/232/309 258/253/309 260/249/309
f 260/249/273 241/250/267 224/229/267
f 211/230/360 241/250/274 242/251/367
f 242/251/43 252/252/43 213/231/329
f 270/256/267 243/236/267 252/252/43
f 233/237/371 243/236/267 271/257/267
f 234/238/371 233/237/371 273/258/371
f 235/239/43 234/238/371 228/240/309
f 230/241/246 228/240/246 244/259/246
f 253/260/372 258/253/372 236/242/373
f 237/234/43 245/254/3 238/244/73
f 231/243/137 263/261/3 245/254/3
f 238/244/137 254/262/43 255/245/137
f 246/246/88 255/245/309 265/263/43
f 246/246/43 256/264/43 247/247/82
f 257/265/28 248/248/24 247/247/43
f 248/248/309 257/265/311 249/255/24
f 258/253/54 259/266/73 260/249/309
f 260/249/3 267/267/3 241/250/73
f 241/250/274 250/268/374 242/251/367
f 242/251/264 251/269/264 252/252/264
f 270/256/267 252/252/43 279/270/309
f 271/257/267 243/236/267 270/256/267
f 273/258/371 233/237/371 271/257/267
f 228/240/309 234/238/371 273/258/371
f 228/240/264 342/271/309 244/259/309
f 253/260/267 266/272/264 258/253/264
f 245/254/3 254/262/265 238/244/73
f 263/261/43 264/273/43 245/254/267
f 254/262/246 265/263/246 255/245/43
f 256/264/246 246/246/88 265/263/43
f 256/264/375 276/274/376 247/247/377
f 257/265/246 247/247/246 276/274/246
f 249/255/373 257/265/378 262/275/373
f 258/253/3 266/272/3 259/266/3
f 259/266/43 267/267/43 260/249/43
f 241/250/274 267/267/374 250/268/374
f 250/268/360 251/269/3 242/251/379
f 279/270/309 252/252/43 251/269/360
f 279/270/8 269/276/8 270/256/360
f 270/256/28 272/277/28 271/257/8
f 271/257/309 261/278/309 273/258/29
f 273/258/73 342/271/73 228/240/309
f 262/275/22 266/272/22 253/260/380
f 264/273/25 254/262/265 245/254/3
f 263/261/264 274/279/264 264/273/264
f 254/262/311 280/280/309 265/263/309
f 277/281/264 256/264/246 265/263/43
f 256/264/381 277/281/264 276/274/264
f 266/272/43 257/265/265 276/274/265
f 262/275/22 257/265/43 266/272/22
f 266/272/246 276/274/246 259/266/43
f 259/266/382 277/281/382 267/267/246
f 267/267/374 278/282/382 250/268/374
f 250/268/162 268/283/162 251/269/162
f 279/270/309 251/269/360 282/284/383
f 279/270/25 446/285/384 269/276/384
f 270/256/43 269/276/25 272/277/25
f 271/257/25 272/277/293 261/278/43
f 273/258/3 261/278/25 342/271/25
f 280/280/374 254/262/265 264/273/25
f 274/279/361 275/286/361 264/273/3
f 280/280/385 278/282/8 265/263/360
f 277/281/264 265/263/43 278/282/382
f 276/274/309 277/281/344 259/266/385
f 267/267/374 277/281/264 278/282/382
f 278/282/28 268/283/28 250/268/309
f 282/284/383 251/269/360 268/283/29
f 282/284/25 446/285/25 279/270/25
f 275/286/309 280/280/374 264/273/25
f 274/279/386 499/287/309 275/286/309
f 280/280/246 268/283/265 278/282/265
f 282/284/383 268/283/29 281/288/246
f 282/284/43 283/289/43 446/285/246
f 281/288/246 280/280/374 275/286/309
f 499/287/162 281/288/162 275/286/43
f 281/288/246 268/283/29 280/280/374
f 281/288/162 283/289/43 282/284/43
f 499/287/382 283/289/382 281/288/382
f 284/290/43 285/291/43 170/172/43
f 170/172/43 285/291/43 169/171/43
f 284/290/43 170/172/43 171/187/43
f 285/291/43 284/290/43 289/292/43
f 285/291/43 157/169/43 169/171/43
f 286/293/192 284/290/43 171/187/43
f 285/291/293 289/292/192 291/294/219
f 289/292/43 284/290/43 287/295/43
f 285/291/43 288/296/43 157/169/43
f 286/293/192 171/187/43 188/204/43
f 284/290/195 286/293/137 287/295/43
f 285/291/219 291/294/194 288/296/194
f 294/297/43 291/294/219 289/292/192
f 287/295/43 294/297/43 289/292/192
f 288/296/43 290/168/43 157/169/43
f 299/298/43 286/293/192 188/204/43
f 287/295/163 286/293/137 298/299/43
f 288/296/194 291/294/387 292/300/163
f 294/297/43 301/301/195 291/294/219
f 303/302/195 294/297/43 287/295/43
f 288/296/43 293/303/43 290/168/43
f 299/298/43 188/204/43 229/222/43
f 286/293/137 299/298/137 298/299/43
f 298/299/43 303/302/195 287/295/43
f 288/296/194 292/300/163 293/303/43
f 301/301/195 292/300/43 291/294/219
f 302/304/43 301/301/43 294/297/43
f 294/297/163 303/302/163 295/305/43
f 293/303/43 296/167/163 290/168/43
f 299/298/43 229/222/43 297/306/220
f 298/299/43 299/298/220 305/307/388
f 306/308/43 303/302/195 298/299/43
f 293/303/293 292/300/43 300/309/43
f 301/301/195 307/310/43 292/300/43
f 315/311/43 301/301/43 302/304/43
f 294/297/43 295/305/43 302/304/43
f 303/302/300 310/312/300 295/305/300
f 293/303/43 304/313/43 296/167/163
f 297/306/220 229/222/43 230/241/43
f 299/298/220 297/306/220 305/307/43
f 306/308/43 298/299/43 305/307/388
f 303/302/43 306/308/43 310/312/43
f 293/303/83 300/309/389 304/313/390
f 307/310/43 300/309/143 292/300/43
f 315/311/43 307/310/143 301/301/143
f 302/304/43 308/314/43 315/311/43
f 295/305/43 309/315/43 302/304/43
f 310/312/123 311/316/123 295/305/43
f 304/313/43 155/166/123 296/167/163
f 297/306/220 230/241/43 312/317/43
f 305/307/250 297/306/137 313/318/43
f 318/319/251 306/308/43 305/307/388
f 306/308/43 319/320/43 310/312/248
f 304/313/390 300/309/389 314/321/43
f 307/310/43 321/322/83 300/309/143
f 320/323/143 307/310/143 315/311/143
f 309/315/43 308/314/43 302/304/43
f 308/314/43 316/324/162 315/311/43
f 311/316/123 309/315/43 295/305/43
f 317/325/391 311/316/123 310/312/123
f 304/313/43 336/326/162 155/166/123
f 312/317/43 230/241/43 244/259/43
f 297/306/137 312/317/293 313/318/43
f 318/319/251 305/307/388 313/318/43
f 306/308/88 318/319/88 319/320/137
f 317/325/391 310/312/123 319/320/88
f 304/313/293 314/321/43 336/326/293
f 321/322/83 314/321/162 300/309/143
f 320/323/251 321/322/190 307/310/162
f 315/311/43 316/324/162 320/323/248
f 309/315/43 322/327/251 308/314/43
f 308/314/43 323/328/43 316/324/162
f 324/329/43 309/315/43 311/316/123
f 325/330/43 311/316/123 317/325/391
f 155/166/123 336/326/162 326/178/50
f 312/317/43 244/259/43 335/331/50
f 313/318/43 312/317/293 327/332/50
f 318/319/251 313/318/43 354/333/43
f 318/319/43 343/334/43 319/320/43
f 328/335/43 317/325/391 319/320/88
f 336/326/293 314/321/43 329/336/43
f 321/322/83 337/337/43 314/321/162
f 338/338/43 321/322/43 320/323/43
f 316/324/162 330/339/43 320/323/248
f 322/327/251 323/328/43 308/314/43
f 324/329/43 322/327/251 309/315/43
f 323/328/43 331/340/84 316/324/162
f 325/330/43 324/329/43 311/316/123
f 332/341/84 325/330/43 317/325/391
f 336/326/162 333/342/84 326/178/50
f 335/331/50 244/259/43 334/343/43
f 312/317/217 335/331/293 327/332/43
f 354/333/43 313/318/43 327/332/246
f 318/319/43 354/333/246 343/334/43
f 328/335/43 319/320/88 343/334/266
f 332/341/84 317/325/391 328/335/43
f 336/326/293 329/336/268 333/342/268
f 314/321/162 337/337/43 329/336/43
f 338/338/50 337/337/50 321/322/43
f 320/323/248 330/339/43 338/338/50
f 316/324/162 331/340/84 330/339/43
f 322/327/251 358/344/392 323/328/43
f 324/329/43 339/345/393 322/327/251
f 323/328/43 357/346/43 331/340/84
f 325/330/43 340/347/43 324/329/43
f 332/341/84 341/348/43 325/330/43
f 326/178/50 333/342/84 186/196/43
f 244/259/43 342/271/43 334/343/43
f 334/343/43 352/349/43 335/331/43
f 327/332/43 335/331/293 353/350/43
f 354/333/43 327/332/246 361/351/43
f 354/333/43 362/352/43 343/334/43
f 328/335/43 343/334/266 344/353/43
f 345/354/53 332/341/84 328/335/43
f 333/342/293 329/336/333 346/355/333
f 337/337/43 366/356/394 329/336/43
f 367/357/217 337/337/217 338/338/43
f 330/339/43 347/358/246 338/338/50
f 331/340/84 348/359/43 330/339/43
f 358/344/392 357/346/43 323/328/43
f 339/345/393 358/344/392 322/327/251
f 340/347/43 339/345/393 324/329/43
f 357/346/43 349/360/43 331/340/84
f 341/348/43 340/347/43 325/330/43
f 350/361/43 341/348/43 332/341/84
f 333/342/84 355/362/268 186/196/43
f 334/343/43 342/271/43 381/363/268
f 334/343/293 351/364/43 352/349/266
f 335/331/25 352/349/395 353/350/43
f 361/351/43 327/332/246 353/350/22
f 354/333/43 361/351/43 362/352/43
f 344/353/43 343/334/266 362/352/43
f 345/354/53 328/335/43 344/353/43
f 345/354/53 350/361/43 332/341/84
f 333/342/43 346/355/43 355/362/43
f 329/336/43 366/356/394 346/355/43
f 367/357/43 366/356/394 337/337/43
f 338/338/50 347/358/246 367/357/43
f 330/339/43 348/359/43 347/358/246
f 331/340/84 349/360/43 348/359/43
f 358/344/392 356/365/43 357/346/43
f 339/345/393 371/366/43 358/344/392
f 340/347/43 359/367/43 339/345/393
f 357/346/319 377/368/73 349/360/73
f 340/347/43 341/348/43 360/369/43
f 341/348/267 350/361/267 372/370/267
f 186/196/43 355/362/268 365/371/43
f 342/271/43 261/278/43 381/363/268
f 381/363/297 351/364/297 334/343/293
f 352/349/43 351/364/43 382/372/297
f 353/350/22 352/349/43 385/373/43
f 361/351/43 353/350/22 384/374/22
f 361/351/43 374/375/40 362/352/22
f 344/353/43 362/352/43 363/376/43
f 345/354/53 344/353/43 364/377/43
f 389/378/43 350/361/43 345/354/53
f 346/355/43 365/371/43 355/362/43
f 366/356/394 393/379/43 346/355/43
f 375/380/43 366/356/394 367/357/43
f 367/357/43 347/358/246 368/381/43
f 347/358/246 348/359/43 369/382/43
f 348/359/43 349/360/43 370/383/43
f 357/346/43 356/365/43 377/368/43
f 358/344/392 371/366/43 356/365/43
f 339/345/393 359/367/43 371/366/43
f 340/347/29 360/369/29 359/367/43
f 349/360/43 377/368/43 376/384/24
f 360/369/396 341/348/267 372/370/43
f 372/370/43 350/361/43 379/385/267
f 186/196/43 365/371/43 207/224/43
f 381/363/268 261/278/43 400/386/43
f 381/363/297 380/387/43 351/364/43
f 382/372/297 351/364/43 373/388/297
f 385/373/43 352/349/43 382/372/297
f 384/374/22 353/350/22 385/373/43
f 361/351/43 384/374/43 374/375/297
f 363/376/43 362/352/43 374/375/43
f 364/377/43 344/353/43 363/376/43
f 389/378/43 345/354/53 364/377/43
f 350/361/374 389/378/397 379/385/374
f 346/355/43 402/389/43 365/371/43
f 375/380/43 393/379/43 366/356/394
f 346/355/43 393/379/43 405/390/43
f 367/357/43 368/381/43 375/380/43
f 347/358/246 369/382/43 368/381/43
f 348/359/43 370/383/43 369/382/43
f 349/360/43 376/384/43 370/383/43
f 356/365/43 407/391/398 377/368/43
f 371/366/43 408/392/43 356/365/43
f 359/367/43 409/393/43 371/366/43
f 360/369/43 378/394/43 359/367/43
f 377/368/43 410/395/43 376/384/43
f 372/370/43 412/396/43 360/369/43
f 379/385/43 413/397/43 372/370/43
f 207/224/43 365/371/43 391/398/43
f 261/278/43 272/277/8 400/386/43
f 400/386/24 380/387/8 381/363/8
f 351/364/43 380/387/24 373/388/297
f 417/399/293 382/372/43 373/388/29
f 383/400/264 385/373/264 382/372/43
f 374/375/43 384/374/43 385/373/264
f 363/376/43 374/375/43 386/401/43
f 364/377/43 363/376/43 387/402/43
f 389/378/43 364/377/43 388/403/43
f 379/385/399 389/378/363 390/404/43
f 346/355/43 405/390/43 402/389/363
f 402/389/43 391/398/43 365/371/43
f 392/405/3 393/379/3 375/380/3
f 393/379/43 394/406/43 405/390/43
f 375/380/43 368/381/43 395/407/43
f 368/381/43 369/382/43 396/408/43
f 369/382/43 370/383/43 406/409/43
f 370/383/43 376/384/43 397/410/43
f 407/391/398 410/395/43 377/368/43
f 356/365/43 408/392/43 407/391/398
f 371/366/43 409/393/43 408/392/43
f 359/367/43 378/394/43 409/393/43
f 360/369/43 398/411/43 378/394/43
f 410/395/43 411/412/43 376/384/43
f 412/396/43 398/411/43 360/369/43
f 372/370/43 413/397/43 412/396/43
f 379/385/43 399/413/43 413/397/43
f 207/224/43 391/398/43 231/243/43
f 272/277/8 447/414/293 400/386/43
f 400/386/293 415/415/43 380/387/43
f 380/387/24 432/416/43 373/388/297
f 417/399/43 373/388/43 418/417/43
f 383/400/43 382/372/43 417/399/293
f 374/375/43 385/373/43 383/400/43
f 386/401/43 374/375/43 383/400/43
f 387/402/43 363/376/43 386/401/43
f 388/403/43 364/377/43 387/402/43
f 389/378/360 388/403/43 390/404/43
f 390/404/360 399/413/43 379/385/43
f 402/389/363 405/390/43 401/418/360
f 402/389/8 403/419/8 391/398/8
f 375/380/43 395/407/43 392/405/43
f 392/405/264 394/406/43 393/379/43
f 394/406/43 404/420/352 405/390/352
f 368/381/43 396/408/43 395/407/43
f 369/382/43 406/409/43 396/408/43
f 370/383/43 397/410/43 406/409/43
f 376/384/43 411/412/43 397/410/43
f 407/391/398 437/421/43 410/395/43
f 408/392/313 440/422/313 407/391/43
f 409/393/43 441/423/43 408/392/313
f 378/394/360 442/424/360 409/393/43
f 398/411/43 426/425/43 378/394/360
f 410/395/43 439/426/43 411/412/43
f 398/411/43 412/396/43 427/427/43
f 412/396/251 413/397/251 429/428/43
f 413/397/220 399/413/220 414/429/251
f 231/243/43 391/398/43 422/430/220
f 272/277/8 269/276/195 447/414/293
f 447/414/266 415/415/194 400/386/194
f 380/387/24 415/415/268 432/416/43
f 418/417/193 373/388/400 432/416/268
f 416/431/191 417/399/163 418/417/193
f 419/432/292 383/400/43 417/399/163
f 386/401/43 383/400/43 419/432/292
f 387/402/43 386/401/43 420/433/43
f 388/403/43 387/402/43 421/434/43
f 390/404/43 388/403/43 434/435/43
f 390/404/360 466/436/43 399/413/43
f 405/390/352 404/420/352 401/418/401
f 402/389/363 401/418/360 403/419/360
f 403/419/43 422/430/137 391/398/360
f 392/405/43 395/407/43 423/437/43
f 392/405/43 423/437/43 394/406/43
f 394/406/43 424/438/43 404/420/43
f 395/407/43 396/408/43 425/439/43
f 396/408/43 406/409/43 456/440/402
f 397/410/274 456/440/274 406/409/43
f 411/412/43 455/441/329 397/410/43
f 410/395/43 437/421/43 439/426/43
f 407/391/398 440/422/43 437/421/43
f 408/392/313 441/423/43 440/422/313
f 409/393/43 442/424/43 441/423/43
f 378/394/360 426/425/43 442/424/360
f 398/411/43 427/427/274 426/425/43
f 439/426/43 428/442/274 411/412/274
f 427/427/1 412/396/43 429/428/43
f 429/428/137 413/397/360 414/429/360
f 414/429/251 399/413/220 430/443/43
f 231/243/43 422/430/220 263/261/43
f 269/276/195 460/444/43 447/414/293
f 447/414/293 431/445/43 415/415/43
f 415/415/268 463/446/43 432/416/43
f 418/417/268 432/416/268 462/447/43
f 416/431/191 418/417/193 433/448/266
f 419/432/292 417/399/163 416/431/191
f 420/433/43 386/401/43 419/432/292
f 421/434/43 387/402/43 420/433/43
f 388/403/251 421/434/251 434/435/251
f 390/404/360 434/435/222 466/436/43
f 399/413/403 466/436/220 430/443/220
f 404/420/297 435/449/194 401/418/194
f 403/419/360 401/418/360 470/450/297
f 403/419/193 451/451/193 422/430/297
f 395/407/43 425/439/43 423/437/43
f 394/406/43 423/437/43 424/438/43
f 404/420/43 424/438/43 436/452/193
f 396/408/43 456/440/402 425/439/43
f 397/410/404 455/441/163 456/440/163
f 411/412/43 428/442/43 455/441/329
f 437/421/43 438/453/43 439/426/43
f 440/422/43 473/454/43 437/421/43
f 491/455/374 440/422/43 441/423/374
f 492/456/43 441/423/374 442/424/3
f 475/457/43 442/424/3 426/425/43
f 494/458/43 426/425/43 427/427/43
f 439/426/43 477/459/43 428/442/274
f 429/428/43 494/458/43 427/427/43
f 443/460/43 429/428/43 414/429/43
f 444/461/273 414/429/43 430/443/273
f 263/261/43 422/430/220 445/462/273
f 269/276/195 446/285/43 460/444/43
f 460/444/43 431/445/43 447/414/293
f 415/415/268 431/445/43 463/446/43
f 462/447/43 432/416/43 463/446/43
f 418/417/193 462/447/43 433/448/266
f 448/463/121 416/431/191 433/448/266
f 449/464/123 419/432/292 416/431/191
f 420/433/43 419/432/292 449/464/123
f 421/434/43 420/433/43 450/465/123
f 434/435/274 421/434/274 484/466/274
f 434/435/222 505/467/13 466/436/43
f 430/443/220 466/436/220 467/468/405
f 404/420/43 436/452/193 435/449/8
f 401/418/43 435/449/137 470/450/43
f 403/419/360 470/450/297 451/451/43
f 451/451/43 445/462/137 422/430/43
f 423/437/43 425/439/43 452/469/43
f 423/437/43 452/469/43 424/438/43
f 424/438/43 453/470/43 436/452/193
f 425/439/43 456/440/402 454/471/43
f 455/441/297 454/471/43 456/440/402
f 428/442/43 457/472/336 455/441/329
f 438/453/43 458/473/297 439/426/43
f 473/454/43 438/453/43 437/421/43
f 491/455/374 473/454/43 440/422/43
f 492/456/43 491/455/374 441/423/374
f 475/457/43 492/456/43 442/424/3
f 494/458/43 475/457/43 426/425/43
f 439/426/43 497/474/309 477/459/309
f 477/459/309 479/475/311 428/442/309
f 443/460/43 494/458/43 429/428/43
f 444/461/273 443/460/43 414/429/43
f 480/476/309 444/461/273 430/443/273
f 274/279/309 263/261/43 445/462/273
f 446/285/43 459/477/309 460/444/43
f 460/444/309 461/478/309 431/445/309
f 431/445/43 481/479/309 463/446/43
f 462/447/309 463/446/309 500/480/309
f 433/448/266 462/447/43 464/481/309
f 449/464/123 416/431/191 448/463/121
f 448/463/121 433/448/266 465/482/309
f 450/465/123 420/433/43 449/464/123
f 421/434/309 450/465/309 484/466/309
f 434/435/222 484/466/309 505/467/13
f 466/436/43 505/467/43 467/468/43
f 480/476/309 430/443/273 467/468/43
f 435/449/8 436/452/193 468/483/43
f 435/449/3 469/484/406 470/450/43
f 451/451/43 470/450/297 510/485/3
f 451/451/43 471/486/43 445/462/137
f 425/439/43 454/471/43 452/469/43
f 424/438/43 452/469/43 453/470/43
f 436/452/193 453/470/43 472/487/266
f 455/441/322 457/472/268 454/471/268
f 428/442/43 479/475/297 457/472/336
f 438/453/313 489/488/313 458/473/297
f 439/426/43 458/473/297 497/474/309
f 473/454/43 513/489/43 438/453/313
f 491/455/43 490/490/43 473/454/43
f 492/456/43 474/491/43 491/455/43
f 475/457/335 493/492/123 492/456/43
f 494/458/43 476/493/43 475/457/123
f 477/459/309 497/474/309 519/494/43
f 477/459/264 478/495/264 479/475/264
f 494/458/8 443/460/385 495/496/8
f 443/460/29 444/461/407 521/497/29
f 444/461/43 480/476/43 498/498/43
f 274/279/309 445/462/273 487/499/43
f 446/285/43 283/289/43 459/477/309
f 459/477/137 461/478/43 460/444/43
f 431/445/43 461/478/43 481/479/309
f 500/480/357 463/446/313 481/479/408
f 462/447/43 500/480/309 464/481/309
f 433/448/266 464/481/309 465/482/309
f 482/500/309 449/464/123 448/463/121
f 483/501/309 448/463/121 465/482/309
f 450/465/123 449/464/123 482/500/309
f 484/466/309 450/465/309 504/502/309
f 484/466/309 485/503/309 505/467/13
f 467/468/309 505/467/309 506/504/309
f 480/476/309 467/468/43 486/505/309
f 468/483/43 436/452/193 472/487/266
f 469/484/309 435/449/8 468/483/43
f 470/450/309 469/484/309 510/485/309
f 471/486/309 451/451/43 510/485/3
f 471/486/309 487/499/309 445/462/309
f 452/469/43 454/471/43 532/506/309
f 452/469/43 532/506/309 453/470/43
f 472/487/266 453/470/43 488/507/309
f 457/472/309 532/506/311 454/471/309
f 479/475/297 531/508/309 457/472/336
f 489/488/43 497/474/309 458/473/309
f 438/453/43 513/489/43 489/488/43
f 473/454/22 490/490/43 513/489/293
f 491/455/43 474/491/25 490/490/25
f 492/456/268 493/492/43 474/491/293
f 475/457/297 476/493/268 493/492/268
f 494/458/313 495/496/297 476/493/322
f 496/509/43 519/494/313 497/474/313
f 477/459/309 519/494/43 478/495/43
f 478/495/43 511/510/43 479/475/43
f 495/496/43 443/460/43 521/497/43
f 521/497/88 444/461/88 498/498/43
f 498/498/309 480/476/309 524/511/88
f 499/287/309 274/279/309 487/499/43
f 283/289/43 487/499/43 459/477/309
f 526/512/43 461/478/43 459/477/137
f 461/478/43 527/513/409 481/479/309
f 500/480/43 481/479/264 538/514/264
f 464/481/309 500/480/309 501/515/43
f 465/482/309 464/481/309 502/516/43
f 482/500/309 448/463/121 483/501/309
f 483/501/309 465/482/309 529/517/24
f 482/500/73 503/518/28 450/465/28
f 450/465/43 503/518/73 504/502/73
f 484/466/309 504/502/43 485/503/309
f 505/467/43 485/503/43 506/504/43
f 486/505/309 467/468/43 506/504/43
f 480/476/410 486/505/313 524/511/313
f 468/483/43 472/487/266 507/519/309
f 508/520/309 469/484/309 468/483/43
f 469/484/297 509/521/297 510/485/309
f 527/513/409 471/486/309 510/485/3
f 471/486/309 526/512/297 487/499/309
f 488/507/309 453/470/43 532/506/309
f 556/522/268 472/487/266 488/507/309
f 457/472/326 531/508/268 532/506/268
f 479/475/297 511/510/251 531/508/309
f 489/488/411 496/509/220 497/474/248
f 512/523/221 489/488/194 513/489/295
f 490/490/313 514/524/195 513/489/295
f 474/491/363 515/525/313 490/490/313
f 493/492/192 516/526/193 474/491/363
f 476/493/163 517/527/192 493/492/192
f 495/496/191 518/528/163 476/493/163
f 496/509/335 536/529/123 519/494/123
f 478/495/43 519/494/43 546/530/43
f 478/495/43 520/531/43 511/510/43
f 521/497/43 522/532/43 495/496/191
f 498/498/43 523/533/43 521/497/43
f 524/511/25 525/534/25 498/498/43
f 283/289/43 499/287/309 487/499/43
f 526/512/43 459/477/137 487/499/22
f 461/478/43 526/512/43 527/513/409
f 527/513/253 538/514/43 481/479/43
f 500/480/309 538/514/248 501/515/43
f 464/481/309 501/515/43 502/516/43
f 465/482/309 502/516/43 529/517/24
f 483/501/43 528/535/43 482/500/248
f 529/517/43 530/536/43 483/501/43
f 482/500/43 528/535/293 503/518/43
f 504/502/43 503/518/43 485/503/309
f 506/504/43 485/503/43 543/537/43
f 486/505/309 506/504/43 560/538/43
f 524/511/88 486/505/43 552/539/43
f 508/520/309 468/483/43 507/519/309
f 507/519/309 472/487/266 556/522/268
f 509/521/88 469/484/309 508/520/309
f 510/485/309 509/521/309 527/513/88
f 526/512/43 471/486/309 527/513/409
f 531/508/53 488/507/412 532/506/309
f 533/540/43 556/522/43 488/507/73
f 511/510/251 533/540/43 531/508/309
f 512/523/221 496/509/267 489/488/194
f 514/524/195 512/523/221 513/489/295
f 515/525/313 514/524/195 490/490/313
f 474/491/363 516/526/193 515/525/313
f 493/492/192 517/527/192 516/526/193
f 476/493/163 518/528/163 517/527/192
f 495/496/191 534/541/267 518/528/163
f 535/542/43 536/529/267 496/509/267
f 536/529/43 546/530/43 519/494/43
f 478/495/43 546/530/43 520/531/43
f 520/531/43 559/543/43 511/510/43
f 495/496/191 522/532/43 534/541/267
f 521/497/43 523/533/43 522/532/43
f 498/498/43 525/534/25 523/533/43
f 524/511/25 537/544/43 525/534/25
f 509/521/43 538/514/43 527/513/43
f 501/515/43 538/514/248 539/545/43
f 502/516/43 501/515/43 540/546/43
f 529/517/24 502/516/43 541/547/43
f 483/501/274 530/536/342 528/535/274
f 529/517/309 542/548/309 530/536/309
f 503/518/43 528/535/313 550/549/313
f 485/503/309 503/518/43 550/549/313
f 485/503/297 551/550/297 543/537/313
f 560/538/43 506/504/43 543/537/297
f 486/505/266 560/538/266 552/539/266
f 524/511/25 552/539/251 537/544/43
f 508/520/309 507/519/309 544/551/248
f 555/552/248 507/519/309 556/522/268
f 539/545/43 509/521/88 508/520/309
f 531/508/53 533/540/220 488/507/412
f 533/540/221 554/553/220 556/522/220
f 559/543/194 533/540/43 511/510/251
f 512/523/221 535/542/43 496/509/267
f 535/542/43 545/554/194 536/529/267
f 536/529/274 557/555/274 546/530/274
f 520/531/43 546/530/43 547/556/193
f 520/531/43 558/557/192 559/543/43
f 538/514/248 509/521/88 539/545/43
f 501/515/43 539/545/43 540/546/43
f 502/516/43 540/546/43 541/547/43
f 541/547/163 542/548/163 529/517/413
f 528/535/313 530/536/123 548/558/163
f 549/559/123 530/536/123 542/548/300
f 550/549/313 528/535/313 548/558/163
f 550/549/43 551/550/43 485/503/43
f 543/537/297 551/550/43 578/560/43
f 560/538/43 543/537/297 579/561/43
f 552/539/414 560/538/414 567/562/414
f 552/539/251 553/563/43 537/544/43
f 539/545/43 508/520/309 544/551/248
f 544/551/248 507/519/309 555/552/248
f 554/553/248 555/552/43 556/522/43
f 559/543/194 554/553/248 533/540/43
f 545/554/194 557/555/251 536/529/267
f 557/555/43 547/556/415 546/530/43
f 558/557/43 520/531/43 547/556/193
f 558/557/43 572/564/43 559/543/43
f 540/546/43 539/545/43 544/551/248
f 541/547/43 540/546/43 573/565/43
f 541/547/43 574/566/43 542/548/43
f 548/558/163 530/536/123 549/559/123
f 549/559/123 542/548/300 563/567/43
f 548/558/73 564/568/73 550/549/73
f 550/549/73 564/568/73 551/550/309
f 578/560/43 551/550/43 565/569/309
f 579/561/43 543/537/297 578/560/43
f 560/538/88 579/561/88 567/562/309
f 552/539/251 567/562/88 553/563/43
f 573/565/43 544/551/248 555/552/248
f 554/553/88 569/570/88 555/552/88
f 572/564/392 554/553/248 559/543/194
f 545/554/194 561/571/43 557/555/251
f 557/555/43 570/572/415 547/556/415
f 558/557/43 547/556/193 562/573/267
f 558/557/43 571/574/267 572/564/43
f 540/546/43 544/551/248 573/565/43
f 573/565/43 574/566/43 541/547/267
f 563/567/43 542/548/300 574/566/43
f 549/559/43 576/575/43 548/558/43
f 563/567/43 575/576/43 549/559/293
f 548/558/43 576/575/43 564/568/43
f 551/550/43 564/568/43 565/569/309
f 565/569/273 566/577/273 578/560/43
f 578/560/309 588/578/309 579/561/329
f 567/562/43 579/561/43 580/579/309
f 567/562/88 568/580/43 553/563/43
f 555/552/43 569/570/43 573/565/43
f 584/581/43 569/570/416 554/553/248
f 584/581/43 554/553/248 572/564/392
f 561/571/43 570/572/43 557/555/251
f 570/572/415 562/573/43 547/556/415
f 571/574/43 558/557/43 562/573/267
f 571/574/43 584/581/43 572/564/392
f 573/565/274 569/570/416 574/566/43
f 563/567/43 574/566/43 590/582/274
f 549/559/293 575/576/43 576/575/329
f 563/567/43 591/583/43 575/576/43
f 564/568/43 576/575/43 577/584/43
f 565/569/309 564/568/43 577/584/43
f 565/569/43 586/585/43 566/577/415
f 578/560/43 566/577/415 588/578/43
f 579/561/50 588/578/43 580/579/43
f 567/562/88 580/579/417 568/580/43
f 590/582/274 569/570/416 584/581/43
f 581/586/418 570/572/43 561/571/43
f 570/572/415 582/587/43 562/573/43
f 583/588/223 571/574/43 562/573/267
f 571/574/43 583/588/223 584/581/223
f 590/582/274 574/566/43 569/570/416
f 590/582/43 591/583/43 563/567/43
f 576/575/43 575/576/43 585/589/43
f 575/576/43 591/583/43 597/590/43
f 576/575/43 585/589/43 577/584/43
f 577/584/43 586/585/43 565/569/43
f 566/577/415 586/585/43 587/591/43
f 588/578/43 566/577/415 589/592/43
f 580/579/417 588/578/43 568/580/43
f 584/581/73 583/588/73 590/582/43
f 581/586/418 582/587/73 570/572/43
f 582/587/309 596/593/309 562/573/309
f 583/588/223 562/573/267 596/593/88
f 590/582/43 583/588/73 591/583/84
f 575/576/43 597/590/43 585/589/43
f 591/583/43 596/593/88 597/590/43
f 585/589/43 592/594/43 577/584/315
f 577/584/88 592/594/88 586/585/43
f 587/591/43 586/585/43 593/595/84
f 589/592/43 566/577/415 587/591/43
f 588/578/43 589/592/43 568/580/43
f 594/596/43 582/587/73 581/586/418
f 582/587/246 595/597/43 596/593/43
f 591/583/43 583/588/223 596/593/88
f 597/590/43 599/598/246 585/589/246
f 596/593/43 595/597/43 597/590/43
f 585/589/43 599/598/43 592/594/43
f 593/595/84 586/585/43 592/594/43
f 598/599/43 582/587/73 594/596/43
f 598/599/43 595/597/43 582/587/73
f 597/590/264 595/597/43 599/598/43
f 600/600/264 592/594/43 599/598/264
f 593/595/84 592/594/43 600/600/264
f 601/601/309 595/597/43 598/599/43
f 601/601/309 599/598/264 595/597/43
f 600/600/264 599/598/264 601/601/309
f 612/602/419 606/603/420 602/604/420
f 612/602/419 602/604/420 604/605/420
f 612/602/419 605/606/420 606/603/420
f 606/603/421 603/607/421 602/604/421
f 607/608/422 612/602/422 604/605/422
f 609/609/419 605/606/420 612/602/419
f 615/610/421 606/603/421 605/606/421
f 620/611/421 603/607/421 606/603/421
f 617/612/422 612/602/422 607/608/422
f 608/613/422 609/609/422 612/602/422
f 609/609/43 610/614/43 605/606/43
f 605/606/43 611/615/43 615/610/43
f 615/610/421 620/611/421 606/603/293
f 621/616/423 603/607/423 620/611/424
f 617/612/425 607/608/425 622/617/426
f 608/613/422 612/602/422 617/612/425
f 609/609/43 608/613/427 610/614/43
f 610/614/43 613/618/43 605/606/43
f 605/606/43 613/618/43 611/615/43
f 611/615/43 614/619/43 615/610/43
f 625/620/43 620/611/43 615/610/43
f 621/616/43 620/611/43 616/621/43
f 617/612/293 622/617/43 623/622/398
f 608/613/426 617/612/428 626/623/43
f 610/614/43 608/613/427 618/624/423
f 610/614/43 619/625/426 613/618/43
f 613/618/43 630/626/426 611/615/43
f 611/615/43 632/627/426 614/619/43
f 615/610/43 614/619/43 625/620/425
f 616/621/425 620/611/425 625/620/429
f 623/622/398 621/616/430 616/621/425
f 622/617/43 621/616/425 623/622/398
f 626/623/43 617/612/293 623/622/398
f 608/613/427 626/623/43 624/628/43
f 608/613/427 624/628/43 618/624/423
f 610/614/43 618/624/423 619/625/426
f 619/625/426 628/629/43 613/618/43
f 613/618/43 628/629/43 630/626/426
f 630/626/426 632/627/426 611/615/43
f 624/628/43 614/619/43 632/627/426
f 626/623/43 625/620/425 614/619/43
f 623/622/398 616/621/425 625/620/43
f 623/622/398 625/620/43 626/623/43
f 624/628/43 626/623/43 614/619/43
f 618/624/423 624/628/43 633/630/43
f 619/625/426 618/624/423 627/631/43
f 619/625/426 631/632/426 628/629/43
f 629/633/431 630/626/431 628/629/426
f 632/627/431 630/626/431 636/634/431
f 633/630/43 624/628/43 632/627/426
f 618/624/423 633/630/43 627/631/43
f 638/635/432 619/625/425 627/631/433
f 634/636/43 631/632/43 619/625/425
f 629/633/293 628/629/43 631/632/43
f 636/634/137 630/626/43 629/633/43
f 633/630/43 632/627/43 636/634/82
f 639/637/43 627/631/43 633/630/43
f 638/635/43 634/636/43 619/625/43
f 638/635/43 627/631/43 639/637/43
f 634/636/43 644/638/43 631/632/43
f 635/639/431 629/633/434 631/632/43
f 636/634/431 629/633/431 640/640/435
f 633/630/43 636/634/82 639/637/431
f 637/641/43 634/636/43 638/635/43
f 641/642/398 638/635/43 639/637/43
f 642/643/420 644/638/420 634/636/43
f 635/639/431 631/632/43 644/638/420
f 640/640/424 629/633/436 635/639/424
f 639/637/423 636/634/423 640/640/423
f 637/641/43 642/643/43 634/636/43
f 637/641/43 638/635/43 641/642/398
f 639/637/423 640/640/423 641/642/437
f 642/643/420 643/644/422 644/638/427
f 644/638/421 645/645/420 635/639/438
f 635/639/423 646/646/424 640/640/421
f 642/643/431 637/641/426 643/644/423
f 637/641/432 641/642/439 647/647/433
f 641/642/427 640/640/425 646/646/425
f 643/644/425 650/648/422 644/638/422
f 644/638/440 650/648/425 645/645/425
f 645/645/424 646/646/441 635/639/441
f 643/644/423 637/641/421 648/649/421
f 637/641/442 647/647/443 648/649/444
f 647/647/445 641/642/433 646/646/431
f 643/644/425 649/650/427 650/648/422
f 650/648/422 651/651/432 645/645/432
f 652/652/420 646/646/420 645/645/432
f 643/644/425 648/649/440 649/650/427
f 648/649/440 647/647/421 653/653/421
f 647/647/421 646/646/420 652/652/420
f 649/650/427 654/654/446 650/648/422
f 650/648/422 654/654/446 651/651/432
f 651/651/432 652/652/420 645/645/432
f 648/649/440 655/655/423 649/650/427
f 648/649/440 653/653/421 655/655/423
f 653/653/421 647/647/421 652/652/420
f 649/650/427 652/652/420 654/654/446
f 654/654/446 652/652/420 651/651/432
f 649/650/427 655/655/423 653/653/421
f 649/650/427 653/653/421 652/652/420
f 667/656/447 660/657/447 658/658/447
f 667/656/447 658/658/447 656/659/447
f 667/656/447 664/660/447 660/657/447
f 660/657/448 657/661/448 658/658/448
f 659/662/449 667/656/449 656/659/449
f 662/663/447 664/660/447 667/656/447
f 666/664/448 660/657/448 664/660/448
f 670/665/448 657/661/448 660/657/448
f 675/666/449 667/656/449 659/662/449
f 661/667/449 662/663/449 667/656/449
f 662/663/43 663/668/43 664/660/43
f 664/660/43 665/669/43 666/664/43
f 666/664/448 670/665/448 660/657/293
f 674/670/450 657/661/450 670/665/448
f 675/666/451 659/662/451 673/671/452
f 661/667/449 667/656/449 675/666/451
f 662/663/43 661/667/453 663/668/43
f 663/668/43 668/672/43 664/660/43
f 664/660/43 668/672/43 665/669/43
f 665/669/43 669/673/43 666/664/43
f 679/674/43 670/665/43 666/664/43
f 674/670/450 670/665/448 672/675/43
f 675/666/451 673/671/452 678/676/43
f 661/667/43 675/666/43 676/677/43
f 663/668/43 661/667/453 671/678/43
f 663/668/43 688/679/43 668/672/43
f 668/672/43 680/680/450 665/669/43
f 665/669/43 685/681/450 669/673/43
f 666/664/43 669/673/43 679/674/450
f 672/675/452 670/665/452 679/674/452
f 678/676/451 674/670/454 672/675/451
f 673/671/451 674/670/451 678/676/451
f 676/677/43 675/666/43 678/676/293
f 661/667/453 676/677/43 677/682/43
f 661/667/453 677/682/43 671/678/43
f 663/668/43 671/678/43 688/679/43
f 688/679/43 683/683/43 668/672/43
f 668/672/43 683/683/43 680/680/450
f 680/680/450 685/681/450 665/669/43
f 677/682/43 669/673/43 685/681/450
f 676/677/43 679/674/450 669/673/43
f 678/676/293 672/675/43 679/674/43
f 678/676/293 679/674/43 676/677/43
f 677/682/43 676/677/43 669/673/43
f 671/678/43 677/682/43 687/684/43
f 688/679/43 671/678/43 686/685/43
f 688/679/450 682/686/450 683/683/43
f 684/687/455 680/680/456 683/683/450
f 685/681/455 680/680/455 693/688/455
f 687/684/43 677/682/43 685/681/450
f 671/678/43 687/684/43 686/685/43
f 681/689/451 688/679/451 686/685/455
f 694/690/43 682/686/43 688/679/451
f 684/687/293 683/683/43 682/686/43
f 693/688/137 680/680/43 684/687/43
f 687/684/43 685/681/43 693/688/43
f 692/691/43 686/685/43 687/684/43
f 681/689/43 694/690/43 688/679/43
f 681/689/43 686/685/43 692/691/43
f 694/690/43 690/692/293 682/686/43
f 689/693/457 684/687/455 682/686/43
f 693/688/455 684/687/455 691/694/457
f 687/684/43 693/688/43 692/691/455
f 698/695/43 694/690/43 681/689/43
f 701/696/43 681/689/43 692/691/43
f 697/697/458 690/692/293 694/690/43
f 689/693/448 682/686/459 690/692/447
f 691/694/450 684/687/460 689/693/448
f 692/691/43 693/688/450 691/694/461
f 698/695/43 697/697/43 694/690/43
f 698/695/43 681/689/43 701/696/43
f 692/691/462 691/694/449 701/696/43
f 697/697/463 695/698/447 690/692/449
f 690/692/448 696/699/448 689/693/447
f 689/693/450 705/700/450 691/694/464
f 697/697/465 698/695/466 695/698/461
f 698/695/451 701/696/451 699/701/455
f 701/696/467 691/694/449 705/700/451
f 695/698/468 700/702/468 690/692/469
f 690/692/470 700/702/458 696/699/454
f 696/699/448 705/700/448 689/693/447
f 695/698/450 698/695/450 706/703/448
f 698/695/455 699/701/455 706/703/450
f 699/701/449 701/696/462 705/700/455
f 695/698/451 702/704/451 700/702/471
f 700/702/471 703/705/463 696/699/451
f 704/706/447 705/700/447 696/699/451
f 695/698/451 706/703/464 702/704/451
f 706/703/464 699/701/448 707/707/448
f 699/701/448 705/700/447 704/706/447
f 702/704/451 708/708/472 700/702/471
f 700/702/471 708/708/472 703/705/463
f 703/705/463 704/706/447 696/699/451
f 706/703/464 709/709/450 702/704/451
f 706/703/464 707/707/448 709/709/450
f 707/707/448 699/701/448 704/706/447
f 702/704/451 704/706/447 708/708/472
f 708/708/472 704/706/447 703/705/463
f 702/704/451 709/709/450 707/707/448
f 702/704/451 707/707/448 704/706/447
f 710/710/473 714/711/473 711/712/473
f 710/710/473 711/712/473 712/713/473
f 710/710/473 717/714/474 714/711/473
f 714/711/475 713/715/473 711/712/473
f 720/716/476 710/710/475 712/713/475
f 715/717/473 717/714/476 710/710/477
f 719/718/475 714/711/473 717/714/474
f 731/719/475 713/715/475 714/711/475
f 726/720/475 710/710/475 720/716/476
f 721/721/476 715/717/476 710/710/478
f 715/717/479 716/722/476 717/714/479
f 717/714/479 718/723/43 719/718/476
f 719/718/43 731/719/43 714/711/293
f 732/724/480 713/715/43 731/719/43
f 726/720/481 720/716/482 733/725/482
f 721/721/483 710/710/484 726/720/484
f 715/717/479 721/721/485 716/722/476
f 716/722/476 722/726/485 717/714/479
f 717/714/479 722/726/485 718/723/43
f 718/723/43 723/727/476 719/718/476
f 724/728/43 731/719/486 719/718/486
f 732/724/43 731/719/43 725/729/43
f 726/720/43 733/725/43 727/730/293
f 721/721/43 726/720/43 728/731/43
f 716/722/476 721/721/485 729/732/43
f 716/722/476 730/733/43 722/726/485
f 722/726/485 739/734/484 718/723/43
f 718/723/43 741/735/487 723/727/476
f 719/718/476 723/727/476 724/728/487
f 725/729/484 731/719/484 724/728/484
f 727/730/485 732/724/483 725/729/485
f 733/725/485 732/724/485 727/730/485
f 728/731/43 726/720/43 727/730/293
f 721/721/485 728/731/43 734/736/43
f 721/721/485 734/736/43 729/732/43
f 716/722/476 729/732/43 730/733/43
f 730/733/43 735/737/43 722/726/485
f 722/726/485 735/737/43 739/734/484
f 739/734/484 741/735/487 718/723/43
f 734/736/43 723/727/476 741/735/487
f 728/731/43 724/728/487 723/727/476
f 727/730/293 725/729/43 724/728/43
f 727/730/293 724/728/43 728/731/43
f 734/736/43 728/731/43 723/727/476
f 729/732/43 734/736/43 745/738/43
f 730/733/43 729/732/43 736/739/43
f 730/733/488 744/740/488 735/737/43
f 740/741/489 739/734/489 735/737/484
f 741/735/489 739/734/489 738/742/489
f 745/738/43 734/736/43 741/735/487
f 729/732/43 745/738/43 736/739/43
f 746/743/485 730/733/485 736/739/489
f 737/744/43 744/740/43 730/733/485
f 740/741/293 735/737/43 744/740/43
f 738/742/43 739/734/43 740/741/43
f 745/738/43 741/735/43 738/742/43
f 742/745/43 736/739/43 745/738/43
f 746/743/137 737/744/43 730/733/43
f 746/743/43 736/739/43 742/745/43
f 737/744/43 747/746/137 744/740/43
f 743/747/490 740/741/490 744/740/43
f 738/742/43 740/741/43 752/748/489
f 745/738/489 738/742/489 742/745/489
f 750/749/43 737/744/43 746/743/489
f 757/750/43 746/743/43 742/745/43
f 748/751/43 747/746/137 737/744/43
f 743/747/490 744/740/43 747/746/137
f 752/748/489 740/741/43 743/747/491
f 742/745/492 738/742/473 752/748/473
f 750/749/475 748/751/475 737/744/43
f 750/749/493 746/743/43 757/750/43
f 742/745/492 752/748/473 757/750/484
f 748/751/43 751/752/82 747/746/481
f 747/746/43 754/753/43 743/747/43
f 743/747/476 749/754/486 752/748/43
f 748/751/473 750/749/473 751/752/476
f 750/749/480 757/750/480 756/755/473
f 757/750/484 752/748/484 749/754/494
f 751/752/495 753/756/495 747/746/484
f 747/746/496 753/756/485 754/753/497
f 754/753/477 749/754/498 743/747/483
f 751/752/499 750/749/485 755/757/476
f 750/749/500 756/755/501 755/757/485
f 756/755/480 757/750/480 749/754/473
f 751/752/488 758/758/487 753/756/480
f 753/756/480 759/759/489 754/753/484
f 760/760/490 749/754/489 754/753/484
f 751/752/488 755/757/476 758/758/487
f 755/757/476 756/755/502 761/761/476
f 756/755/502 749/754/489 760/760/490
f 758/758/487 762/762/499 753/756/480
f 753/756/480 762/762/499 759/759/489
f 759/759/489 760/760/490 754/753/484
f 755/757/476 763/763/485 758/758/487
f 755/757/476 761/761/476 763/763/485
f 761/761/476 756/755/502 760/760/490
f 758/758/487 760/760/490 762/762/499
f 762/762/499 760/760/490 759/759/489
f 758/758/487 763/763/485 761/761/476
f 758/758/487 761/761/476 760/760/490
f 765/764/503 768/765/503 764/766/503
f 765/764/503 764/766/503 766/767/503
f 765/764/503 767/768/503 768/765/503
f 768/765/504 775/769/505 764/766/504
f 769/770/506 765/764/506 766/767/506
f 770/771/503 767/768/503 765/764/503
f 773/772/504 768/765/504 767/768/504
f 774/773/504 775/769/505 768/765/504
f 776/774/506 765/764/506 769/770/507
f 780/775/506 770/771/506 765/764/506
f 770/771/43 771/776/43 767/768/506
f 767/768/506 772/777/43 773/772/43
f 773/772/504 774/773/43 768/765/293
f 786/778/508 775/769/505 774/773/504
f 776/774/509 769/770/510 785/779/510
f 780/775/506 765/764/511 776/774/509
f 770/771/43 780/775/506 771/776/43
f 771/776/43 777/780/506 767/768/506
f 767/768/506 777/780/506 772/777/43
f 772/777/43 778/781/43 773/772/43
f 784/782/43 774/773/43 773/772/43
f 786/778/43 774/773/43 783/783/43
f 776/774/509 785/779/510 779/784/43
f 780/775/43 776/774/43 787/785/398
f 771/776/43 780/775/506 781/786/43
f 771/776/43 791/787/508 777/780/506
f 777/780/506 782/788/512 772/777/43
f 772/777/43 792/789/508 778/781/43
f 773/772/43 778/781/43 784/782/508
f 783/783/509 774/773/508 784/782/508
f 779/784/511 786/778/513 783/783/511
f 785/779/43 786/778/511 779/784/511
f 787/785/398 776/774/43 779/784/293
f 780/775/506 787/785/43 788/790/43
f 780/775/506 788/790/43 781/786/43
f 771/776/43 781/786/43 791/787/508
f 791/787/508 790/791/43 777/780/506
f 777/780/506 790/791/43 782/788/512
f 782/788/512 792/789/508 772/777/43
f 788/790/43 778/781/43 792/789/508
f 787/785/43 784/782/508 778/781/43
f 779/784/293 783/783/43 784/782/43
f 779/784/293 784/782/43 787/785/398
f 788/790/43 787/785/43 778/781/43
f 781/786/43 788/790/43 797/792/43
f 791/787/508 781/786/43 789/793/43
f 791/787/508 795/794/508 790/791/508
f 796/795/514 782/788/514 790/791/514
f 792/789/515 782/788/515 793/796/515
f 797/792/43 788/790/43 792/789/508
f 781/786/43 797/792/43 789/793/43
f 798/797/511 791/787/511 789/793/511
f 794/798/43 795/794/43 791/787/43
f 796/795/514 790/791/514 795/794/43
f 793/796/137 782/788/43 796/795/43
f 797/792/43 792/789/43 793/796/43
f 800/799/43 789/793/43 797/792/43
f 798/797/43 794/798/43 791/787/43
f 798/797/43 789/793/43 800/799/43
f 794/798/43 804/800/293 795/794/43
f 806/801/516 796/795/43 795/794/43
f 793/796/515 796/795/515 801/802/517
f 797/792/43 793/796/518 800/799/518
f 802/803/519 794/798/43 798/797/43
f 809/804/43 798/797/43 800/799/43
f 799/805/520 804/800/293 794/798/43
f 806/801/503 795/794/43 804/800/503
f 801/802/504 796/795/521 806/801/522
f 800/799/508 793/796/508 801/802/523
f 802/803/519 799/805/43 794/798/43
f 802/803/519 798/797/43 809/804/43
f 800/799/524 801/802/137 809/804/43
f 799/805/520 810/806/506 804/800/525
f 804/800/504 805/807/520 806/801/520
f 806/801/508 814/808/505 801/802/504
f 799/805/515 802/803/508 810/806/510
f 802/803/511 809/804/515 808/809/514
f 809/804/526 801/802/513 814/808/509
f 810/806/527 803/810/506 804/800/506
f 804/800/520 803/810/511 805/807/511
f 805/807/505 814/808/520 806/801/528
f 810/806/529 802/803/522 807/811/507
f 802/803/514 808/809/510 807/811/530
f 808/809/531 809/804/515 814/808/514
f 810/806/527 811/812/532 803/810/506
f 803/810/506 812/813/533 805/807/509
f 813/814/503 814/808/503 805/807/509
f 810/806/527 807/811/503 811/812/532
f 807/811/503 808/809/505 815/815/505
f 808/809/505 814/808/503 813/814/503
f 811/812/532 816/816/504 803/810/506
f 803/810/506 816/816/504 812/813/533
f 812/813/533 813/814/503 805/807/509
f 807/811/503 817/817/508 811/812/532
f 807/811/503 815/815/505 817/817/508
f 815/815/505 808/809/505 813/814/503
f 811/812/532 813/814/503 816/816/504
f 816/816/504 813/814/503 812/813/533
f 811/812/532 817/817/508 815/815/505
f 811/812/532 815/815/505 813/814/503
f 820/818/534 819/819/534 818/820/534
f 820/818/534 818/820/534 821/821/534
f 820/818/534 824/822/534 819/819/534
f 819/819/534 825/823/534 818/820/534
f 828/824/535 820/818/535 821/821/534
f 822/825/536 824/822/537 820/818/535
f 823/826/534 819/819/538 824/822/537
f 836/827/535 825/823/535 819/819/534
f 832/828/535 820/818/535 828/824/535
f 829/829/537 822/825/536 820/818/535
f 822/825/536 826/830/539 824/822/537
f 824/822/537 827/831/43 823/826/537
f 823/826/43 836/827/43 819/819/293
f 838/832/540 825/823/43 836/827/43
f 832/828/541 828/824/535 839/833/535
f 829/829/542 820/818/543 832/828/544
f 822/825/536 829/829/545 826/830/539
f 826/830/539 830/834/545 824/822/537
f 824/822/537 830/834/545 827/831/43
f 827/831/43 831/835/539 823/826/537
f 837/836/546 836/827/43 823/826/546
f 838/832/43 836/827/43 843/837/43
f 832/828/547 839/833/535 842/838/43
f 829/829/43 832/828/43 840/839/43
f 826/830/539 829/829/545 833/840/43
f 826/830/539 834/841/43 830/834/545
f 830/834/545 846/842/43 827/831/43
f 827/831/43 835/843/43 831/835/539
f 823/826/537 831/835/539 837/836/43
f 843/837/548 836/827/548 837/836/548
f 842/838/548 838/832/548 843/837/548
f 839/833/549 838/832/549 842/838/549
f 840/839/549 832/828/549 842/838/549
f 829/829/545 840/839/43 841/844/43
f 829/829/545 841/844/43 833/840/43
f 826/830/539 833/840/43 834/841/43
f 834/841/43 849/845/43 830/834/545
f 830/834/545 849/845/43 846/842/43
f 846/842/43 835/843/43 827/831/43
f 841/844/43 831/835/539 835/843/43
f 840/839/43 837/836/43 831/835/539
f 842/838/43 843/837/43 837/836/43
f 842/838/43 837/836/43 840/839/43
f 841/844/43 840/839/43 831/835/539
f 833/840/43 841/844/43 850/846/43
f 834/841/43 833/840/43 844/847/43
f 834/841/43 845/848/43 849/845/43
f 848/849/548 846/842/548 849/845/43
f 835/843/550 846/842/550 851/850/547
f 850/846/43 841/844/43 835/843/43
f 833/840/43 850/846/43 844/847/43
f 847/851/550 834/841/550 844/847/550
f 853/852/549 845/848/549 834/841/551
f 848/849/293 849/845/43 845/848/549
f 851/850/43 846/842/43 848/849/43
f 850/846/43 835/843/43 851/850/43
f 854/853/43 844/847/43 850/846/43
f 847/851/550 853/852/43 834/841/550
f 847/851/398 844/847/43 854/853/43
f 853/852/43 861/854/43 845/848/43
f 852/855/43 848/849/43 845/848/43
f 851/850/43 848/849/43 860/856/43
f 850/846/550 851/850/550 854/853/550
f 855/857/552 853/852/550 847/851/550
f 856/858/43 847/851/398 854/853/43
f 858/859/43 861/854/43 853/852/43
f 852/855/43 845/848/43 861/854/43
f 860/856/553 848/849/43 852/855/43
f 854/853/540 851/850/534 860/856/534
f 855/857/554 858/859/555 853/852/556
f 855/857/43 847/851/547 856/858/547
f 854/853/43 860/856/137 856/858/43
f 858/859/539 857/860/43 861/854/43
f 861/854/534 867/861/536 852/855/536
f 852/855/557 863/862/534 860/856/534
f 858/859/541 855/857/540 857/860/558
f 855/857/550 856/858/559 859/863/548
f 856/858/549 860/856/550 863/862/550
f 857/860/536 862/864/549 861/854/549
f 861/854/560 862/864/539 867/861/539
f 867/861/561 863/862/542 852/855/545
f 857/860/562 855/857/534 864/865/534
f 855/857/548 859/863/563 864/865/564
f 859/863/550 856/858/548 863/862/547
f 857/860/537 865/866/565 862/864/550
f 862/864/550 866/867/537 867/861/539
f 868/868/566 863/862/549 867/861/539
f 857/860/537 864/865/549 865/866/565
f 864/865/549 859/863/534 869/869/534
f 859/863/534 863/862/549 868/868/566
f 865/866/565 870/870/534 862/864/550
f 862/864/550 870/870/534 866/867/537
f 866/867/537 868/868/566 867/861/539
f 864/865/549 871/871/557 865/866/565
f 864/865/549 869/869/534 871/871/557
f 869/869/534 859/863/534 868/868/566
f 865/866/565 868/868/566 870/870/534
f 870/870/534 868/868/566 866/867/537
f 865/866/565 871/871/557 869/869/534
f 865/866/565 869/869/534 868/868/566
o Rim_model_wheel
v 0.277372 0.051612 -0.053009
v 0.268472 0.051612 -0.087177
v 0.255359 0.051612 -0.119960
v 0.277372 0.123310 -0.053009
v 0.281919 0.123310 -0.017995
v 0.281919 0.051612 -0.017995
v 0.255359 0.123310 -0.119960
v 0.277372 0.128825 -0.053009
v 0.268472 0.123310 -0.087177
v 0.281919 0.128825 -0.017995
v 0.238242 0.051612 -0.150842
v 0.268472 0.128825 -0.087177
v 0.263010 0.128825 -0.085381
v 0.276182 0.128825 -0.017614
v 0.276303 0.128825 0.016972
v 0.282042 0.128825 0.017313
v 0.282042 0.123310 0.017313
v 0.282042 0.051612 0.017313
v 0.238242 0.123310 -0.150842
v 0.250166 0.128825 -0.117494
v 0.271728 0.128825 -0.051912
v 0.272088 0.128825 0.051301
v 0.277739 0.128825 0.052358
v 0.255359 0.128825 -0.119960
v 0.264709 0.128825 -0.016852
v 0.233398 0.128825 -0.147744
v 0.252656 0.128825 0.081315
v 0.263604 0.128825 0.084830
v 0.277739 0.123310 0.052358
v 0.217389 0.051612 -0.179334
v 0.238242 0.128825 -0.150842
v 0.239779 0.128825 -0.112562
v 0.252087 0.128825 -0.081790
v 0.264825 0.128825 0.016290
v 0.260786 0.128825 0.049186
v 0.269078 0.123310 0.086588
v 0.277739 0.051612 0.052358
v 0.217389 0.123310 -0.179334
v 0.212972 0.128825 -0.175654
v 0.251541 0.121655 -0.081611
v 0.260441 0.128825 -0.049718
v 0.264136 0.121655 -0.016814
v 0.260221 0.121655 0.049080
v 0.250985 0.128825 0.117032
v 0.269078 0.128825 0.086588
v 0.193130 0.051612 -0.204988
v 0.217389 0.128825 -0.179334
v 0.217637 0.128825 -0.149611
v 0.215105 0.123991 -0.147764
v 0.228798 0.122464 -0.104594
v 0.229367 0.129249 -0.104865
v 0.239260 0.121655 -0.112315
v 0.259877 0.121655 -0.049608
v 0.240042 0.121655 0.111929
v 0.269078 0.051612 0.086588
v 0.165847 0.123310 -0.227400
v 0.165847 0.051612 -0.227400
v 0.193130 0.123310 -0.204988
v 0.189209 0.128825 -0.200783
v 0.207286 0.129249 -0.141798
v 0.212103 0.080488 -0.098140
v 0.264251 0.121655 0.016256
v 0.252109 0.121655 0.081139
v 0.223440 0.080488 0.072548
v 0.231579 0.129207 0.106135
v 0.231013 0.122383 0.105870
v 0.234429 0.128825 0.147398
v 0.256195 0.128825 0.119462
v 0.256195 0.051612 0.119462
v 0.135969 0.051612 -0.246214
v 0.193130 0.128825 -0.204988
v 0.125835 0.085983 -0.036501
v 0.126681 0.089179 -0.036903
v 0.107904 0.089179 -0.068221
v 0.249590 0.116509 -0.074052
v 0.254556 0.116509 -0.054987
v 0.222938 0.080488 -0.071048
v 0.237904 0.085649 0.008984
v 0.234051 0.080488 -0.013877
v 0.262993 0.114627 -0.010010
v 0.234153 0.080488 0.015301
v 0.230598 0.080488 0.044262
v 0.250086 0.116483 0.073819
v 0.210341 0.129207 0.142882
v 0.240564 0.128825 0.112173
v 0.212794 0.080488 0.099715
v 0.239294 0.123310 0.150462
v 0.256195 0.123310 0.119462
v 0.239294 0.051612 0.150462
v 0.162483 0.128825 -0.222736
v 0.171214 0.129249 -0.184323
v 0.199712 0.129249 -0.152615
v 0.210029 0.128825 -0.160476
v 0.183583 0.082417 -0.124527
v 0.117644 0.086615 -0.030456
v 0.116456 0.059042 -0.031948
v 0.203441 0.082417 -0.091401
v 0.252105 0.114631 -0.074707
v 0.230293 0.080488 -0.042812
v 0.228139 0.085634 -0.066131
v 0.232122 -0.092367 -0.108230
v 0.237845 0.085649 -0.007800
v 0.252091 -0.092367 -0.047492
v 0.240452 0.083781 -0.007809
v 0.260386 0.116494 -0.010000
v 0.260455 0.116494 0.009700
v 0.232739 0.085660 0.051113
v 0.228621 0.085660 0.067387
v 0.256328 -0.092367 0.016303
v 0.252424 -0.092367 0.048095
v 0.254918 0.116483 0.054721
v 0.231154 0.083801 0.068028
v 0.131630 0.089142 0.045144
v 0.205389 0.082224 0.094370
v 0.232880 -0.092367 0.108971
v 0.214198 0.128825 0.175450
v 0.218640 0.128825 0.179099
v 0.239294 0.128825 0.150462
v 0.103970 0.051612 -0.261136
v 0.165847 0.128825 -0.227400
v 0.181367 0.128825 -0.192374
v 0.197427 0.124566 -0.150766
v 0.207588 0.123991 -0.158499
v 0.204916 0.124566 -0.140071
v 0.099799 0.089511 -0.062104
v 0.118529 0.089511 -0.030876
v 0.098654 0.059042 -0.061642
v 0.091813 0.060553 -0.056462
v 0.109674 0.060553 -0.026671
v 0.234885 0.083757 -0.050546
v 0.257071 0.114631 -0.055642
v 0.230654 0.083757 -0.066786
v 0.232369 0.085634 -0.049890
v 0.192320 0.080488 -0.131141
v 0.210563 -0.092367 -0.144247
v 0.267695 -0.098103 -0.086955
v 0.240510 0.083781 0.008975
v 0.263062 0.114627 0.009691
v 0.256216 -0.092367 -0.015728
v 0.257451 0.114623 0.055362
v 0.235272 0.083801 0.051754
v 0.257451 0.097747 0.055362
v 0.113852 0.089142 0.075914
v 0.193977 0.080488 0.132259
v 0.219235 0.128825 0.149073
v 0.218640 0.051612 0.179099
v 0.103970 0.123310 -0.261136
v 0.135969 0.123310 -0.246214
v 0.133217 0.128825 -0.241166
v 0.155757 0.128825 -0.213410
v 0.099001 0.086615 -0.061540
v 0.086057 0.061276 -0.061444
v 0.252105 0.097751 -0.074707
v 0.257071 0.097751 -0.055642
v 0.244017 -0.092367 -0.078489
v 0.281109 -0.098103 -0.017948
v 0.252618 0.114623 0.074460
v 0.130785 0.085912 0.044750
v 0.212257 -0.092367 0.144648
v 0.244567 -0.092367 0.079148
v 0.268300 -0.098103 0.086370
v 0.104338 0.058875 0.069538
v 0.112901 0.086115 0.075277
v 0.186514 0.082224 0.127016
v 0.182710 0.128825 0.192390
v 0.208823 0.123991 0.157858
v 0.190610 0.128825 0.200744
v 0.135969 0.128825 -0.246214
v 0.180975 0.121655 -0.191953
v 0.170784 0.122464 -0.183862
v 0.092704 0.086615 -0.070534
v 0.093474 0.089511 -0.071138
v 0.101552 0.089179 -0.077293
v 0.085770 0.060553 -0.065093
v 0.100660 0.086165 -0.076588
v 0.092630 0.059042 -0.070244
v 0.176861 0.082417 -0.134127
v 0.106979 0.086165 -0.067563
v 0.105144 0.090066 -0.015741
v 0.105144 0.087187 -0.015741
v 0.097813 0.090066 -0.040976
v 0.086057 0.046882 -0.061444
v 0.105144 0.061276 -0.015741
v 0.097813 0.061276 -0.040976
v 0.230654 0.081079 -0.066786
v 0.252105 0.096689 -0.074707
v 0.237542 -0.098103 -0.150458
v 0.260018 -0.098103 -0.122220
v 0.254616 -0.098103 -0.119655
v 0.273375 -0.098103 -0.088823
v 0.282442 -0.098103 -0.054014
v 0.276573 -0.098103 -0.052873
v 0.287075 -0.098103 -0.018344
v 0.281232 -0.098103 0.017271
v 0.287200 -0.098103 0.017625
v 0.276940 -0.098103 0.052227
v 0.257451 0.096685 0.055362
v 0.252618 0.097747 0.074460
v 0.105254 0.089511 0.069929
v 0.255450 -0.098103 0.119160
v 0.282817 -0.098103 0.053327
v 0.273993 -0.098103 0.088197
v 0.097124 0.060553 0.064471
v 0.207958 0.124509 0.141295
v 0.216710 0.123991 0.147392
v 0.186950 0.080488 0.141585
v 0.211254 0.128825 0.159666
v 0.199128 0.124566 0.151046
v 0.194561 0.128825 0.204922
v 0.218640 0.123310 0.179099
v 0.103970 0.128825 -0.261136
v 0.101872 0.128825 -0.255783
v 0.097676 0.128825 -0.245077
v 0.127438 0.121655 -0.230566
v 0.155421 0.121655 -0.212944
v 0.127713 0.128825 -0.231071
v 0.138130 0.080488 -0.186926
v 0.077910 0.089179 -0.103542
v 0.063275 0.060553 -0.090069
v 0.185622 0.080488 -0.140707
v 0.151825 0.082417 -0.161927
v 0.216742 -0.098103 -0.178878
v 0.097813 0.094864 -0.040976
v 0.065855 0.046882 -0.082176
v 0.097812 0.046882 -0.040976
v 0.105144 0.046882 -0.015741
v 0.230654 0.080017 -0.066786
v 0.234885 0.081079 -0.050546
v 0.203210 -0.092367 -0.154748
v 0.242579 -0.098103 -0.153680
v 0.240452 0.080030 -0.007809
v 0.240452 0.081092 -0.007809
v 0.262993 0.097748 -0.010010
v 0.262993 0.096687 -0.010010
v 0.263062 0.096687 0.009691
v 0.231154 0.081103 0.068028
v 0.235272 0.080041 0.051754
v 0.235272 0.081103 0.051754
v 0.105969 0.090066 0.010523
v 0.122945 0.089511 0.039308
v 0.098617 0.089511 0.078737
v 0.104441 0.086615 0.069383
v 0.121218 0.058875 0.040332
v 0.232809 -0.098103 0.158340
v 0.260869 -0.098103 0.121687
v 0.106328 0.089179 0.084160
v 0.201406 0.129249 0.152741
v 0.164039 0.128825 0.222883
v 0.167434 0.128825 0.227523
v 0.194561 0.051612 0.204922
v 0.194561 0.123310 0.204922
v 0.070352 0.123310 -0.271930
v 0.070352 0.051612 -0.271930
v 0.160677 0.080488 -0.168406
v 0.077271 0.085983 -0.102857
v 0.069960 0.089511 -0.097238
v 0.175668 -0.092367 -0.185366
v 0.105969 0.087187 0.010523
v 0.122057 0.086615 0.038893
v 0.105969 0.094864 0.010523
v 0.086057 0.090066 -0.061444
v 0.065855 0.061276 -0.082176
v 0.234885 0.080017 -0.050546
v 0.257071 0.096689 -0.055642
v 0.240510 0.081092 0.008975
v 0.240510 0.080030 0.008975
v 0.263062 0.097748 0.009691
v 0.231154 0.080041 0.068028
v 0.252618 0.096685 0.074460
v 0.097834 0.086615 0.078152
v 0.204543 -0.092367 0.154886
v 0.161860 0.080488 0.170338
v 0.114061 0.060553 0.035165
v 0.172550 0.122464 0.184868
v 0.157248 0.128825 0.213605
v 0.081813 0.085983 0.110857
v 0.172983 0.129249 0.185326
v 0.082457 0.089179 0.111538
v 0.035647 0.123310 -0.278425
v 0.068942 0.128825 -0.266356
v 0.066121 0.128825 -0.255209
v 0.150917 -0.092367 -0.205697
v 0.069291 0.086615 -0.096521
v 0.070207 0.059042 -0.095141
v 0.192544 -0.098103 -0.204468
v 0.221336 -0.098103 -0.182706
v 0.105969 0.061276 0.010523
v 0.077826 0.090930 -0.058646
v 0.105144 0.094864 -0.015741
v 0.065855 0.090066 -0.082176
v 0.065855 0.094864 -0.082176
v 0.243651 -0.098103 0.153268
v 0.100237 0.061276 0.036168
v 0.105969 0.046882 0.010523
v 0.156908 0.121655 0.213140
v 0.074695 0.059042 0.103331
v 0.074167 0.086615 0.105295
v 0.074841 0.089511 0.106007
v 0.134902 0.128825 0.241517
v 0.137689 0.128825 0.246546
v 0.035647 0.051612 -0.278425
v 0.113441 0.080488 -0.202474
v 0.043237 0.046882 -0.095552
v 0.055773 0.086912 -0.096506
v 0.196622 -0.098103 -0.208840
v 0.100237 0.090066 0.036168
v 0.090148 0.090930 -0.037811
v 0.062455 0.084366 0.006299
v 0.097661 0.090930 0.009627
v 0.060711 0.090930 -0.075761
v 0.086057 0.094864 -0.061444
v 0.088307 0.094864 0.059582
v 0.105425 0.086165 0.083486
v 0.224327 -0.098103 0.169597
v 0.176966 -0.092367 0.186499
v 0.153444 0.082417 0.164660
v 0.182315 0.121655 0.191972
v 0.068106 0.060553 0.098885
v 0.167434 0.123310 0.227523
v 0.167434 0.051612 0.227523
v 0.000402 0.123310 -0.280519
v 0.000402 0.051612 -0.280519
v 0.070352 0.128825 -0.271930
v 0.034947 0.128825 -0.272718
v 0.033545 0.128825 -0.261305
v 0.149206 0.114648 -0.215331
v 0.147835 0.116561 -0.213154
v 0.134824 0.085582 -0.193575
v 0.094783 -0.092367 -0.236303
v 0.123813 -0.092367 -0.222765
v 0.056095 0.089799 -0.096851
v 0.043237 0.061276 -0.095552
v 0.043237 0.087187 -0.095552
v 0.052879 0.060928 -0.093402
v 0.165330 -0.098103 -0.226822
v 0.092381 0.090930 0.033249
v 0.081392 0.090930 0.054816
v 0.100237 0.094864 0.036168
v 0.096900 0.090930 -0.014567
v 0.088307 0.090066 0.059582
v 0.070930 0.090066 0.079294
v 0.049196 0.094864 0.094064
v 0.097297 0.059042 0.077419
v 0.090784 0.060553 0.072885
v 0.222611 -0.098103 0.182442
v 0.178632 0.082417 0.135794
v 0.139443 0.080488 0.189015
v 0.129049 0.121655 0.230958
v 0.103660 0.128825 0.256353
v 0.035647 0.128825 -0.278425
v 0.086997 0.080488 -0.214806
v 0.097467 0.121655 -0.244542
v 0.131161 0.116561 -0.223654
v 0.132532 0.114648 -0.225832
v 0.120628 0.085582 -0.202515
v 0.135529 -0.098103 -0.245589
v 0.168828 -0.098103 -0.231671
v 0.018003 0.046882 -0.102884
v 0.046266 0.082265 0.004768
v 0.043237 0.090066 -0.095552
v 0.049196 0.090066 0.094064
v 0.088307 0.061276 0.059582
v 0.100237 0.046882 0.036168
v 0.152357 -0.092367 0.207003
v 0.099390 0.128825 0.245676
v 0.129328 0.128825 0.231461
v 0.070930 0.061276 0.079294
v 0.059909 0.060848 0.097233
v 0.063897 0.089737 0.101450
v 0.137689 0.123310 0.246546
v 0.137689 0.051612 0.246546
v 0.000422 0.128825 -0.274770
v 0.033475 0.121655 -0.260735
v 0.065980 0.121655 -0.254651
v 0.071283 0.116578 -0.248866
v 0.090047 0.116578 -0.242842
v 0.082160 0.085565 -0.220441
v 0.064286 -0.092367 -0.246095
v 0.132532 0.097760 -0.225832
v 0.149206 0.097760 -0.215331
v 0.121999 0.083669 -0.204692
v 0.138391 -0.098103 -0.250839
v 0.064541 0.088633 0.066250
v 0.071280 0.089674 0.025418
v 0.067948 0.089674 0.029483
v 0.061973 0.084366 -0.009035
v 0.079241 0.088633 -0.045453
v 0.018003 0.094864 -0.102884
v 0.018003 0.090066 -0.102884
v 0.043237 0.094864 -0.095552
v 0.016633 0.090930 -0.094836
v 0.041052 0.089674 -0.061400
v 0.074032 0.088862 -0.044782
v 0.064734 0.088633 -0.064449
v 0.070930 0.094864 0.079294
v 0.198080 -0.098103 0.208748
v 0.193971 -0.098103 0.204404
v 0.114862 0.080488 0.204736
v 0.067761 0.121655 0.255472
v 0.088505 0.080488 0.217251
v 0.132689 0.116473 0.224186
v 0.134099 0.114620 0.226391
v 0.067906 0.128825 0.256028
v 0.049196 0.061276 0.094064
v 0.070804 0.128825 0.267155
v 0.105794 0.123310 0.261691
v 0.105794 0.128825 0.261691
v 0.105794 0.051612 0.261691
v 0.000402 0.128825 -0.280519
v 0.066187 0.085565 -0.225569
v 0.103610 -0.098103 -0.260473
v 0.136195 0.083669 -0.195752
v 0.136195 0.081031 -0.195752
v -0.008261 0.061276 -0.103709
v 0.074510 0.088862 0.046915
v 0.079692 0.088633 0.047764
v 0.038695 0.082265 0.025799
v 0.049568 0.090486 0.026472
v -0.008261 0.090066 -0.103709
v 0.039877 0.090930 -0.088083
v 0.069363 0.089674 -0.023409
v 0.065385 0.090930 0.072973
v 0.049196 0.087187 0.094064
v 0.063499 0.086848 0.101028
v 0.022592 0.090930 0.094777
v 0.024472 0.094864 0.102965
v 0.070930 0.046882 0.079294
v 0.088307 0.046882 0.059582
v 0.166914 -0.098103 0.226948
v 0.125373 -0.092367 0.224260
v 0.122074 0.085670 0.204566
v 0.136217 0.085670 0.195521
v 0.123484 0.083817 0.206771
v 0.149285 0.116473 0.213573
v 0.099176 0.121655 0.245143
v 0.072254 0.128825 0.272719
v 0.072254 0.123310 0.272719
v -0.034828 0.051612 -0.278179
v -0.034088 0.128825 -0.272477
v 0.082944 0.083641 -0.222882
v 0.059216 0.080488 -0.223725
v 0.132532 0.096698 -0.225832
v 0.149206 0.096698 -0.215331
v 0.121999 0.079970 -0.204692
v 0.105792 -0.098103 -0.266040
v 0.018003 0.087187 -0.102884
v 0.003620 0.086615 -0.124199
v 0.018003 0.061276 -0.102884
v 0.074464 0.087769 0.046877
v 0.045912 0.082265 -0.006491
v 0.038412 0.077644 0.013818
v 0.043809 0.082513 0.015762
v 0.047718 0.090715 0.021558
v 0.003493 0.089511 -0.125171
v 0.011101 0.084366 -0.059909
v 0.044243 0.089674 -0.057222
v 0.073985 0.087769 -0.044746
v 0.066876 0.089674 -0.027587
v 0.062716 0.088862 -0.059600
v 0.045366 0.090930 0.086578
v 0.040979 0.089674 0.062390
v -0.001689 0.094864 0.105438
v 0.170446 -0.098103 0.231773
v 0.150695 0.114620 0.215778
v 0.137627 0.083817 0.197726
v 0.134099 0.097745 0.226391
v 0.035373 0.128825 0.262352
v 0.036854 0.128825 0.273755
v 0.037595 0.128825 0.279456
v 0.037595 0.123310 0.279456
v 0.072254 0.051612 0.272719
v -0.034828 0.128825 -0.278179
v -0.034828 0.123310 -0.278179
v -0.069487 0.128825 -0.271441
v -0.069487 0.123310 -0.271441
v 0.000462 0.128825 -0.263271
v 0.026689 0.116592 -0.257225
v 0.066971 0.083641 -0.228011
v 0.072067 0.114654 -0.251308
v 0.032802 -0.092367 -0.251986
v 0.070078 -0.098103 -0.271240
v 0.121999 0.081031 -0.204692
v 0.136195 0.079970 -0.195752
v 0.004756 0.060553 -0.115451
v -0.008261 0.046882 -0.103709
v -0.032484 0.046882 -0.098439
v 0.044311 0.089674 0.058324
v 0.062691 0.088862 0.061335
v 0.062645 0.087769 0.061297
v 0.042769 0.082265 -0.017308
v 0.037505 0.077644 -0.015031
v 0.040246 0.077644 -0.005593
v 0.040246 0.072174 -0.005593
v 0.040555 0.077644 0.004229
v -0.008261 0.094864 -0.103709
v 0.025833 0.084366 -0.055629
v 0.031878 0.090715 -0.039356
v 0.046385 0.090715 -0.020360
v 0.062669 0.087769 -0.059564
v 0.024472 0.090066 0.102965
v 0.014877 0.084366 0.060266
v 0.011330 0.082265 0.044396
v 0.137244 -0.098103 0.245923
v 0.123484 0.081111 0.206771
v 0.083731 0.085665 0.222769
v 0.091718 0.116479 0.243646
v 0.092535 0.114622 0.246130
v 0.024472 0.061276 0.102965
v 0.037595 0.051612 0.279456
v -0.068038 0.128825 -0.265878
v -0.103028 0.128825 -0.260413
v -0.069487 0.051612 -0.271441
v -0.103028 0.051612 -0.260413
v 0.024472 0.085551 -0.233366
v 0.090831 0.114654 -0.245284
v 0.066971 0.081016 -0.228011
v 0.035461 -0.098103 -0.277718
v 0.071545 -0.098103 -0.277036
v -0.028817 0.060553 -0.107915
v -0.032484 0.061276 -0.098439
v 0.032567 0.090715 0.040043
v 0.037749 0.090486 0.040892
v 0.037505 0.072174 -0.015031
v 0.040555 0.072174 0.004229
v 0.033951 0.077644 0.022574
v 0.027452 0.077644 0.029946
v 0.031245 0.082265 0.034248
v 0.037703 0.089394 0.040854
v -0.007560 0.090930 -0.095597
v -0.032484 0.094864 -0.098439
v -0.032484 0.090066 -0.098439
v -0.031182 0.090930 -0.090316
v 0.008557 0.082265 -0.043847
v 0.037087 0.090486 -0.040026
v 0.044196 0.088581 -0.057186
v 0.048403 0.090486 -0.025209
v 0.073322 0.072474 -0.044240
v 0.021929 0.082265 0.040580
v 0.027854 0.084366 0.055594
v 0.024472 0.087187 0.102965
v -0.001689 0.090066 0.105438
v 0.013142 0.089753 0.117062
v 0.140143 -0.098103 0.251152
v 0.096438 -0.092367 0.237999
v 0.060787 0.080488 0.226365
v 0.137627 0.081111 0.197726
v 0.002303 0.121655 0.263973
v 0.035299 0.121655 0.261781
v 0.073004 0.116479 0.249799
v 0.067784 0.085665 0.228012
v 0.068601 0.083808 0.230496
v 0.084548 0.081106 0.225253
v 0.123484 0.080050 0.206771
v 0.150695 0.096683 0.215778
v 0.002345 0.128825 0.276047
v 0.024472 0.046882 0.102965
v 0.049196 0.046882 0.094064
v -0.100893 0.128825 -0.255075
v 0.001410 0.080488 -0.230823
v 0.000464 0.121655 -0.262696
v 0.007014 0.116592 -0.258394
v 0.030536 0.080488 -0.229092
v 0.000827 -0.092367 -0.253886
v 0.072067 0.097763 -0.251308
v 0.082944 0.081016 -0.222882
v -0.028921 0.122464 -0.248740
v 0.002204 0.059042 -0.122974
v -0.029002 0.129249 -0.249364
v 0.000671 0.089179 -0.134340
v 0.000792 0.085983 -0.133411
v -0.031339 0.086615 -0.116356
v -0.031276 0.059042 -0.115459
v -0.038804 0.060553 -0.104574
v -0.057319 0.061276 -0.086047
v 0.062000 0.072474 0.060769
v 0.067902 0.088581 0.029446
v 0.049521 0.089394 0.026435
v 0.037036 0.082265 -0.026944
v 0.040555 0.061234 0.004229
v 0.038412 0.072174 0.013818
v 0.019325 0.077644 0.035469
v -0.034575 0.089179 -0.126434
v -0.057319 0.094864 -0.086047
v -0.019867 0.088633 -0.086501
v 0.029070 0.082265 -0.034970
v 0.066828 0.088581 -0.027551
v -0.025413 0.090930 0.093269
v -0.029170 0.094864 0.100861
v -0.001506 0.090930 0.097055
v 0.150695 0.097745 0.215778
v 0.002305 0.128825 0.264548
v 0.073821 0.114622 0.252283
v 0.084548 0.083808 0.225253
v 0.134099 0.096683 0.226391
v 0.002365 0.128825 0.281796
v 0.002365 0.051612 0.281796
v -0.134923 0.128825 -0.245269
v -0.103028 0.123310 -0.260413
v -0.134923 0.051612 -0.245269
v -0.032607 0.128825 -0.261074
v -0.032533 0.121655 -0.260504
v 0.007727 0.085551 -0.234361
v -0.031133 -0.092367 -0.251763
v 0.000305 -0.098103 -0.279807
v 0.072067 0.096701 -0.251308
v 0.090831 0.096701 -0.245284
v 0.090831 0.097763 -0.245284
v 0.036190 -0.098103 -0.283653
v -0.024445 0.082417 -0.219280
v -0.041746 0.086615 -0.112874
v -0.057319 0.046882 -0.086047
v 0.044265 0.088581 0.058286
v 0.073818 0.072474 0.046349
v 0.067257 0.073286 0.028917
v 0.067210 0.072194 0.028879
v 0.032503 0.077644 -0.023489
v 0.025555 0.072174 -0.030437
v 0.032503 0.072174 -0.023489
v 0.037505 0.061234 -0.015031
v 0.040246 0.061234 -0.005593
v 0.033951 0.072174 0.022574
v -0.057319 0.090066 -0.086047
v -0.031620 0.089511 -0.117293
v -0.074628 0.089511 -0.099486
v -0.069997 0.124566 -0.237068
v -0.000842 0.089674 -0.071628
v -0.008864 0.090486 -0.051291
v -0.004756 0.090715 -0.048019
v -0.042114 0.088633 -0.077765
v -0.020652 0.088862 -0.081308
v -0.006081 0.089674 -0.069707
v 0.019374 0.082265 -0.040704
v 0.007660 0.077644 -0.038181
v 0.017096 0.077644 -0.035440
v -0.002162 0.077644 -0.038490
v 0.048356 0.089394 -0.025172
v 0.043533 0.073286 -0.056680
v 0.062006 0.072474 -0.059058
v 0.061959 0.071381 -0.059022
v 0.073275 0.071381 -0.044204
v 0.000115 0.082584 0.045456
v -0.029170 0.090066 0.100861
v 0.004045 0.089511 0.127354
v -0.004823 0.090715 0.049267
v -0.000946 0.089674 0.072827
v -0.005864 0.089674 0.070970
v 0.107651 -0.098103 0.266581
v 0.066010 -0.092367 0.248004
v 0.105430 -0.098103 0.261030
v 0.032146 0.080488 0.231932
v 0.137627 0.080050 0.197726
v 0.008824 0.116488 0.259767
v 0.073821 0.097746 0.252283
v 0.068601 0.081106 0.230496
v -0.032180 0.128825 0.273995
v -0.032881 0.128825 0.279702
v 0.013816 0.060868 0.111570
v 0.005239 0.060553 0.117625
v 0.002365 0.123310 0.281796
v -0.132136 0.128825 -0.240240
v -0.164668 0.123310 -0.226245
v -0.074664 0.128825 -0.251656
v -0.070890 0.129249 -0.239982
v 0.007165 0.097766 -0.260946
v 0.026840 0.114659 -0.259777
v 0.066971 0.079955 -0.228011
v -0.027704 0.080488 -0.228889
v -0.041230 0.059042 -0.112128
v -0.069876 0.060553 -0.090912
v -0.074320 0.060913 -0.079845
v 0.073773 0.071381 0.046311
v 0.037058 0.074099 0.040326
v 0.048877 0.074099 0.025906
v 0.025555 0.077644 -0.030437
v 0.032503 0.061234 -0.023489
v 0.038412 0.061234 0.013818
v 0.033951 0.061234 0.022574
v -0.061961 0.082417 -0.210843
v -0.034245 0.086165 -0.125337
v -0.042073 0.089511 -0.113796
v -0.027003 0.090715 -0.039283
v -0.002702 0.082357 -0.044201
v 0.037040 0.089394 -0.039990
v 0.066165 0.073286 -0.027044
v 0.013209 0.086864 0.116513
v -0.051759 0.090066 0.090891
v -0.030609 0.089511 0.119971
v -0.019428 0.088633 0.087943
v -0.037723 0.088862 0.076173
v 0.071974 -0.098103 0.272029
v -0.030709 0.121655 0.262012
v 0.008997 0.114625 0.262371
v 0.026118 0.085655 0.236105
v 0.028653 0.114625 0.261066
v 0.068601 0.080045 0.230496
v 0.084548 0.080045 0.225253
v 0.092535 0.097746 0.246130
v -0.001689 0.046882 0.105438
v -0.001689 0.061276 0.105438
v -0.134923 0.123310 -0.245269
v -0.065100 0.080488 -0.220477
v 0.007165 0.114659 -0.260946
v 0.007878 0.083617 -0.236914
v 0.024624 0.083617 -0.235918
v 0.007878 0.081004 -0.236914
v 0.000284 -0.098103 -0.285786
v 0.082944 0.079955 -0.222882
v -0.045072 0.089179 -0.122922
v -0.077030 0.061276 -0.068669
v -0.077030 0.046882 -0.068669
v 0.043620 0.073286 0.057757
v 0.037012 0.073006 0.040288
v 0.061954 0.071381 0.060731
v 0.025555 0.061234 -0.030437
v 0.027452 0.072174 0.029946
v 0.027452 0.061234 0.029946
v 0.019325 0.061234 0.035469
v 0.019325 0.072174 0.035469
v 0.010079 0.072174 0.038798
v -0.077776 0.089179 -0.108548
v -0.052749 0.090930 -0.079327
v -0.077030 0.094864 -0.068669
v -0.008842 0.089394 -0.051235
v 0.007660 0.072174 -0.038181
v 0.017096 0.072174 -0.035440
v -0.002162 0.072174 -0.038490
v 0.047693 0.074099 -0.024666
v 0.036377 0.074099 -0.039484
v 0.066118 0.072194 -0.027008
v 0.043486 0.072194 -0.056643
v 0.036329 0.073006 -0.039448
v 0.010079 0.077644 0.038798
v -0.051759 0.094864 0.090891
v 0.004164 0.086615 0.126381
v 0.002770 0.059042 0.125223
v -0.020260 0.087769 0.082705
v -0.047627 0.090930 0.083656
v -0.041788 0.088633 0.079498
v 0.073482 -0.098103 0.277816
v 0.034569 -0.092367 0.254116
v 0.037403 -0.098103 0.278749
v -0.027217 0.122464 0.250328
v 0.028481 0.116488 0.258462
v 0.003032 0.080488 0.233866
v 0.009543 0.083791 0.239821
v 0.009370 0.085655 0.237218
v 0.002608 -0.092367 0.256239
v 0.026292 0.083791 0.238709
v 0.073821 0.096684 0.252283
v 0.092535 0.096684 0.246130
v -0.066176 0.128825 0.267633
v -0.067586 0.128825 0.273207
v -0.067586 0.051612 0.273207
v -0.032881 0.051612 0.279702
v -0.032881 0.123310 0.279702
v -0.161272 0.128825 -0.221606
v -0.073708 0.123991 -0.248538
v -0.164668 0.128825 -0.226245
v -0.164668 0.051612 -0.226245
v -0.071964 -0.092367 -0.242601
v 0.007165 0.096704 -0.260946
v 0.026840 0.097766 -0.259777
v -0.034836 -0.098103 -0.277473
v -0.077322 0.085983 -0.107728
v -0.044688 0.086165 -0.121842
v -0.091800 0.046882 -0.046935
v 0.048830 0.073006 0.025868
v 0.043574 0.072194 0.057720
v 0.017096 0.061234 -0.035440
v -0.076707 0.089787 -0.084152
v -0.077030 0.090066 -0.068669
v -0.074153 0.086615 -0.098628
v -0.070905 0.090930 -0.063320
v -0.040789 0.089674 -0.056077
v -0.044379 0.084366 -0.039934
v -0.013695 0.082265 -0.041743
v -0.011752 0.077644 -0.036346
v -0.020630 0.087769 -0.081253
v -0.020325 0.072474 -0.080477
v -0.006059 0.088581 -0.069652
v -0.045682 0.089674 -0.054156
v -0.038006 0.088862 -0.074493
v -0.002162 0.061234 -0.038490
v 0.007660 0.061234 -0.038181
v 0.047646 0.073006 -0.024630
v 0.000296 0.077644 0.039723
v -0.033416 0.089179 0.129067
v 0.001316 0.089179 0.136460
v 0.001430 0.085983 0.135530
v -0.011010 0.082265 0.043694
v -0.008888 0.090486 0.052591
v -0.045666 0.089674 0.055938
v -0.026330 0.090486 0.046004
v -0.027183 0.090715 0.040822
v -0.037702 0.087769 0.076118
v -0.020281 0.088862 0.082761
v 0.002263 -0.098103 0.281084
v -0.068019 0.129249 0.242348
v -0.027294 0.129249 0.250953
v -0.026094 0.080488 0.232135
v -0.029366 -0.092367 0.254339
v 0.009543 0.081098 0.239821
v 0.026292 0.081098 0.238709
v -0.029170 0.046882 0.100861
v -0.029170 0.061276 0.100861
v -0.191794 0.128825 -0.203644
v -0.087236 0.128825 -0.247449
v -0.126561 0.128825 -0.230183
v -0.191794 0.051612 -0.203644
v 0.026840 0.096704 -0.259777
v 0.024624 0.079942 -0.235918
v 0.024624 0.081004 -0.235918
v -0.069407 -0.098103 -0.270753
v -0.070914 -0.098103 -0.276539
v -0.035606 -0.098103 -0.283402
v -0.072188 0.059042 -0.098515
v -0.082373 0.124566 -0.232927
v -0.073070 0.082417 -0.207126
v -0.077030 0.087187 -0.068669
v -0.076469 0.086900 -0.083721
v -0.091800 0.087187 -0.046935
v -0.100701 0.061276 -0.022211
v 0.000296 0.061234 0.039723
v -0.122541 0.129249 -0.218610
v -0.122236 0.122464 -0.218058
v -0.091800 0.094864 -0.046935
v -0.084511 0.090930 -0.043300
v -0.026219 0.090486 -0.044476
v -0.086129 0.123991 -0.244382
v -0.037984 0.087769 -0.074438
v -0.005754 0.073286 -0.068875
v -0.040768 0.088581 -0.056022
v -0.026197 0.089394 -0.044420
v -0.009410 0.061234 0.038185
v -0.059740 0.082417 0.214595
v -0.072522 0.094864 0.074785
v -0.088628 0.090066 0.054022
v -0.072522 0.090066 0.074785
v -0.041037 0.089511 0.116381
v -0.030341 0.086615 0.119029
v -0.021348 0.082265 0.039220
v -0.008867 0.089394 0.052535
v -0.005842 0.088581 0.070914
v -0.030249 0.082265 0.032316
v -0.040748 0.089674 0.057795
v 0.038173 -0.098103 0.284679
v 0.002283 -0.098103 0.287063
v -0.032894 -0.098103 0.278995
v -0.033622 -0.098103 0.284929
v -0.030779 0.128825 0.262582
v 0.028653 0.097747 0.261066
v -0.067586 0.123310 0.273207
v -0.033103 0.086165 0.127978
v -0.037892 0.060553 0.107123
v -0.187844 0.128825 -0.199467
v -0.083406 0.129249 -0.235794
v -0.215874 0.128825 -0.177822
v -0.191794 0.123310 -0.203644
v 0.007878 0.079942 -0.236914
v -0.105084 -0.098103 -0.265304
v -0.076169 0.080488 -0.216773
v -0.091800 0.061276 -0.046935
v -0.100701 0.046882 -0.022211
v 0.010079 0.061234 0.038798
v 0.000296 0.072174 0.039723
v -0.107468 0.082417 -0.191983
v -0.023732 0.082265 -0.036629
v -0.008538 0.074099 -0.050459
v -0.009410 0.077644 0.038185
v -0.009410 0.072174 0.038185
v -0.018428 0.061234 0.034283
v -0.030284 0.059042 0.118175
v -0.088628 0.094864 0.054022
v -0.072522 0.087187 0.074785
v -0.074255 0.089511 0.102215
v -0.043887 0.089179 0.125462
v -0.040722 0.086615 0.115455
v -0.027930 0.060553 0.110552
v -0.022941 0.082417 0.222432
v -0.066753 0.090930 0.068820
v -0.040432 0.073286 0.056959
v -0.026309 0.089394 0.045948
v -0.041748 0.084366 0.043815
v -0.040727 0.088581 0.057739
v -0.037408 0.072474 0.075338
v -0.068978 -0.098103 0.278313
v -0.069213 -0.092367 0.245890
v 0.008997 0.097747 0.262371
v 0.008997 0.096686 0.262371
v -0.076257 -0.098103 0.269842
v 0.026292 0.080036 0.238709
v -0.071603 0.128825 0.253964
v -0.099105 0.128825 0.257060
v -0.101203 0.123310 0.262413
v -0.072522 0.046882 0.074785
v -0.051759 0.046882 0.090891
v -0.051759 0.061276 0.090891
v -0.069562 0.060553 0.093608
v -0.154481 0.128825 -0.212327
v -0.126283 0.121655 -0.229680
v -0.215874 0.051612 -0.177822
v -0.110421 0.080488 -0.201693
v -0.084115 -0.092367 -0.238535
v -0.053003 0.084366 -0.027245
v -0.032182 0.082265 -0.029180
v -0.020303 0.071381 -0.080421
v -0.008516 0.073006 -0.050403
v -0.040463 0.073286 -0.055246
v -0.025892 0.074099 -0.043644
v -0.011752 0.061234 -0.036346
v -0.011752 0.072174 -0.036346
v -0.020508 0.077644 -0.031885
v -0.067191 0.124566 0.239572
v -0.070718 0.123991 0.251001
v -0.081588 0.090930 0.049694
v -0.077310 0.089179 0.111216
v -0.073785 0.086615 0.101354
v -0.062746 0.080488 0.224331
v -0.018428 0.077644 0.034283
v -0.018428 0.072174 0.034283
v -0.019945 0.071381 0.081869
v -0.026014 0.074099 0.045168
v -0.008572 0.074099 0.051755
v -0.026193 0.072174 0.028260
v 0.009543 0.080036 0.239821
v -0.103225 -0.098103 0.267317
v 0.028653 0.096686 0.261066
v -0.130451 0.128825 0.242443
v -0.133203 0.123310 0.247491
v -0.101203 0.128825 0.262413
v -0.101203 0.051612 0.262413
v -0.072522 0.061276 0.074785
v -0.040214 0.059042 0.114757
v -0.211431 0.128825 -0.174172
v -0.102863 -0.098103 -0.259753
v -0.137576 -0.098103 -0.249875
v -0.108610 0.086900 -0.043364
v -0.125307 0.086615 -0.038288
v -0.104260 0.060913 -0.042550
v -0.103174 0.046882 0.003951
v -0.126270 0.089511 -0.038468
v -0.100701 0.094864 -0.022211
v -0.068060 0.089674 -0.023466
v -0.047400 0.090715 -0.011497
v -0.037680 0.072474 -0.073662
v -0.037658 0.071381 -0.073606
v -0.005732 0.072194 -0.068820
v -0.025870 0.073006 -0.043589
v -0.027879 0.077644 -0.025387
v -0.051150 0.084366 0.031693
v -0.099064 0.094864 0.029905
v -0.099064 0.090066 0.029905
v -0.125983 0.089511 0.043768
v -0.076861 0.085983 0.110393
v -0.070821 0.082417 0.210779
v -0.043520 0.086165 0.124391
v -0.079537 0.124566 0.235322
v -0.080505 0.129249 0.238049
v -0.019965 0.072474 0.081925
v -0.005548 0.073286 0.070133
v -0.008551 0.073006 0.051699
v -0.068102 0.089674 0.024337
v -0.032216 0.077644 0.020495
v -0.026193 0.077644 0.028260
v -0.032216 0.072174 0.020495
v -0.081334 -0.092367 0.241717
v -0.073787 0.080488 0.220529
v -0.089584 -0.098103 0.265254
v -0.083109 0.123991 0.246735
v -0.084145 0.128825 0.249646
v -0.124947 0.128825 0.232348
v -0.133203 0.051612 0.247491
v -0.236527 0.128825 -0.149184
v -0.154142 0.121655 -0.211863
v -0.215874 0.123310 -0.177822
v -0.236527 0.051612 -0.149184
v -0.135001 0.080488 -0.185973
v -0.134677 -0.098103 -0.244646
v -0.109094 0.089788 -0.043454
v -0.091800 0.090066 -0.046935
v -0.103174 0.061276 0.003951
v -0.100701 0.090066 -0.022211
v -0.103174 0.094864 0.003951
v -0.094988 0.090930 0.003412
v -0.038513 0.082265 -0.019863
v -0.040441 0.072194 -0.055190
v -0.020508 0.061234 -0.031885
v -0.020508 0.072174 -0.031885
v -0.027879 0.072174 -0.025387
v -0.088628 0.087187 0.054022
v -0.026193 0.061234 0.028260
v -0.037387 0.071381 0.075282
v -0.040411 0.072194 0.056903
v -0.025993 0.073006 0.045112
v -0.005527 0.072194 0.070078
v -0.037153 0.082265 0.023415
v -0.032216 0.061234 0.020495
v -0.135824 -0.098103 0.252115
v -0.159717 0.128825 0.224013
v -0.163080 0.123310 0.228676
v -0.163080 0.051612 0.228676
v -0.088628 0.046882 0.054022
v -0.071791 0.059042 0.101283
v -0.106153 0.082417 0.195715
v -0.231662 0.128825 -0.146121
v -0.202546 0.128825 -0.166874
v -0.179944 0.128825 -0.191113
v -0.179549 0.121655 -0.190695
v -0.236527 0.123310 -0.149184
v -0.164347 -0.098103 -0.225671
v -0.167878 -0.098103 -0.230496
v -0.116636 0.060553 -0.036665
v -0.129628 0.089511 -0.002510
v -0.092710 0.090930 -0.020526
v -0.088742 0.088633 -0.011534
v -0.042329 0.082265 -0.009264
v -0.033403 0.072174 -0.017259
v -0.091201 0.090930 0.027480
v -0.103174 0.090066 0.003951
v -0.135752 0.089142 0.043836
v -0.134837 0.085912 0.043659
v -0.125021 0.086615 0.043581
v -0.121045 0.129249 0.220852
v -0.120743 0.122464 0.220299
v -0.108999 0.080488 0.205517
v -0.047421 0.090715 0.012405
v -0.041627 0.082239 0.013076
v -0.036118 0.061234 0.011476
v -0.120377 -0.092367 0.225118
v -0.132962 -0.098103 0.246866
v -0.152991 0.128825 0.214687
v -0.133203 0.128825 0.247491
v -0.088628 0.061276 0.054022
v -0.099064 0.046882 0.029905
v -0.253429 0.128825 -0.118184
v -0.253429 0.123310 -0.118184
v -0.148922 -0.092367 -0.204650
v -0.121937 -0.092367 -0.221908
v -0.119844 0.060553 -0.002278
v -0.124597 0.058875 -0.036577
v -0.247913 0.129207 -0.047585
v -0.136041 0.089142 -0.038781
v -0.099064 0.061276 0.029905
v -0.088763 0.088633 0.012368
v -0.033403 0.077644 -0.017259
v -0.139318 0.089142 0.008489
v -0.129532 0.089511 0.008513
v -0.036118 0.077644 0.011476
v -0.043389 0.082265 0.001951
v -0.162763 -0.098103 0.228099
v -0.166261 -0.098103 0.232948
v -0.186442 0.128825 0.202060
v -0.163080 0.128825 0.228676
v -0.248218 0.128825 -0.115755
v -0.202102 0.121655 -0.166509
v -0.253429 0.051612 -0.118184
v -0.191404 -0.098103 -0.203127
v -0.195513 -0.098103 -0.207472
v -0.116361 0.060553 0.041898
v -0.128650 0.086615 -0.002487
v -0.135124 0.085912 -0.038610
v -0.139414 0.089142 -0.002585
v -0.143922 0.083580 -0.186977
v -0.142292 0.085528 -0.185021
v -0.157418 0.080488 -0.167295
v -0.084197 0.088862 -0.008901
v -0.068065 0.089674 -0.018209
v -0.084138 0.087769 -0.008902
v -0.068005 0.088581 -0.018210
v -0.051949 0.090486 -0.008873
v -0.051965 0.090486 0.009772
v -0.027879 0.061234 -0.025387
v -0.068098 0.089674 0.019080
v -0.128554 0.086615 0.008486
v -0.124324 0.058875 0.041706
v -0.037656 0.061234 0.001770
v -0.152655 0.121655 0.214221
v -0.190363 0.123310 0.206265
v -0.190363 0.128825 0.206265
v -0.190363 0.051612 0.206265
v -0.266312 0.128825 -0.085310
v -0.156810 0.083580 -0.176239
v -0.155180 0.085528 -0.174283
v -0.158375 0.114667 -0.206527
v -0.156745 0.116615 -0.204572
v -0.173530 -0.092367 -0.184147
v -0.251936 0.129207 -0.003761
v -0.127702 0.058875 0.008213
v -0.036731 0.077644 -0.008013
v -0.037656 0.077644 0.001770
v -0.051889 0.089394 -0.008872
v -0.068038 0.088581 0.019080
v -0.033403 0.061234 -0.017259
v -0.084214 0.088862 0.009743
v -0.246955 0.122383 0.050806
v -0.247569 0.129207 0.050925
v -0.217615 0.082224 0.046053
v -0.124672 0.121655 0.231844
v -0.037656 0.072174 0.001770
v -0.036118 0.072174 0.011476
v -0.147481 -0.092367 0.208049
v -0.194055 -0.098103 0.210117
v -0.178208 0.121655 0.193231
v -0.210206 0.128825 0.176931
v -0.214623 0.123310 0.180611
v -0.260838 0.128825 -0.083553
v -0.221933 0.128825 -0.139993
v -0.221446 0.121655 -0.139687
v -0.173521 0.114667 -0.193908
v -0.171891 0.116615 -0.191952
v -0.274973 0.128825 -0.051081
v -0.266312 0.123310 -0.085310
v -0.195375 -0.092367 -0.160721
v -0.220043 -0.098103 -0.181165
v -0.258824 0.123992 -0.003727
v -0.248891 0.124509 -0.003658
v -0.138156 0.086115 0.008462
v -0.119752 0.060553 0.008253
v -0.127794 0.058875 -0.002280
v -0.138252 0.086115 -0.002554
v -0.221488 0.082224 -0.002734
v -0.258020 0.128825 -0.047908
v -0.247299 0.122383 -0.047470
v -0.257455 0.121655 -0.047802
v -0.217920 0.082224 -0.041311
v -0.262059 0.128825 -0.003838
v -0.083304 0.072474 -0.008901
v -0.067172 0.073286 -0.018208
v -0.251820 0.129207 0.009443
v -0.225852 0.080488 0.045855
v -0.221385 0.082224 0.008976
v -0.156236 0.080488 0.171448
v -0.172232 -0.092367 0.187718
v -0.155269 0.116535 0.207119
v -0.274973 0.123310 -0.051081
v -0.266312 0.051612 -0.085310
v -0.177318 0.080488 -0.145956
v -0.229712 0.080488 -0.002736
v -0.273537 0.128825 -0.015695
v -0.158375 0.097770 -0.206527
v -0.084154 0.087769 0.009743
v -0.083320 0.072474 0.009744
v -0.051055 0.074099 -0.008872
v -0.051906 0.089394 0.009772
v -0.036731 0.061234 -0.008013
v -0.036731 0.072174 -0.008013
v -0.257110 0.121655 0.050886
v -0.248776 0.124509 0.009397
v -0.141021 0.085609 0.188900
v -0.133689 0.080488 0.189968
v -0.214175 -0.098103 0.180155
v -0.189977 -0.098103 0.205744
v -0.218769 -0.098103 0.183983
v -0.178601 0.128825 0.193651
v -0.201372 0.128825 0.169571
v -0.170493 0.116535 0.194613
v -0.230632 0.128825 0.149021
v -0.214623 0.051612 0.180611
v -0.269322 0.128825 -0.050023
v -0.237797 0.128825 -0.110895
v -0.274973 0.051612 -0.051081
v -0.215423 -0.098103 -0.177370
v -0.241084 -0.098103 -0.151991
v -0.258710 0.123992 0.009371
v -0.226156 0.080488 -0.041219
v -0.273416 0.128825 0.018891
v -0.249342 0.121655 -0.079862
v -0.261943 0.128825 0.009419
v -0.067112 0.072194 -0.018208
v -0.067205 0.073286 0.019081
v -0.051072 0.074099 0.009773
v -0.083261 0.071381 0.009744
v -0.248774 0.121655 0.082888
v -0.257674 0.128825 0.050995
v -0.229610 0.080488 0.008936
v -0.172135 0.114639 0.196612
v -0.235476 0.128825 0.152119
v -0.214623 0.128825 0.180611
v -0.249890 0.128825 -0.080038
v -0.184120 0.085530 -0.143249
v -0.202834 0.116614 -0.158768
v -0.195998 0.083582 -0.131132
v -0.173521 0.097770 -0.193908
v -0.156810 0.080984 -0.176239
v -0.194385 0.080488 -0.122290
v -0.236024 -0.098103 -0.148805
v -0.248989 -0.092367 -0.045743
v -0.158375 0.096708 -0.206527
v -0.143922 0.080984 -0.186977
v -0.051012 0.073006 0.009773
v -0.050995 0.073006 -0.008872
v -0.067145 0.072194 0.019081
v -0.268962 0.128825 0.053189
v -0.194240 -0.092367 0.164445
v -0.153987 0.085609 0.178250
v -0.155629 0.083713 0.180248
v -0.240012 -0.098103 0.154957
v -0.200930 0.121655 0.169203
v -0.183140 0.085591 0.147404
v -0.201676 0.116552 0.161660
v -0.176284 0.080488 0.150248
v -0.247400 0.128825 0.118772
v -0.235476 0.123310 0.152119
v -0.235476 0.051612 0.152119
v -0.208352 0.080488 -0.096672
v -0.186186 0.083582 -0.144738
v -0.214366 0.116614 -0.142779
v -0.193933 0.085530 -0.129643
v -0.173521 0.096708 -0.193908
v -0.156810 0.079922 -0.176239
v -0.143922 0.079922 -0.186977
v -0.279276 0.128825 -0.016036
v -0.279276 0.051612 -0.016036
v -0.258302 -0.098103 -0.120411
v -0.241132 -0.092367 -0.076796
v -0.252893 -0.092367 -0.003341
v -0.220370 0.085535 -0.076769
v -0.218999 0.080488 -0.069506
v -0.229445 -0.092367 -0.106618
v -0.083244 0.071381 -0.008900
v -0.249320 0.128825 0.083067
v -0.242640 0.116570 0.087787
v -0.248655 -0.092367 0.049845
v -0.260244 0.128825 0.086659
v -0.252781 -0.092367 0.009471
v -0.156910 0.114639 0.209117
v -0.142663 0.083713 0.190899
v -0.156910 0.097755 0.209117
v -0.204899 0.114666 -0.160257
v -0.186186 0.080984 -0.144738
v -0.216431 0.114666 -0.144268
v -0.279153 0.128825 0.019272
v -0.279276 0.123310 -0.016036
v -0.279153 0.051612 0.019272
v -0.214112 -0.092367 -0.134741
v -0.252883 -0.098103 -0.117884
v -0.274372 -0.098103 -0.050950
v -0.274605 0.128825 0.054286
v -0.237276 0.121655 -0.110652
v -0.243273 0.116608 -0.084586
v -0.265733 -0.098103 -0.085093
v -0.218497 0.080488 0.074091
v -0.155629 0.081055 0.180248
v -0.142663 0.081055 0.190899
v -0.252049 -0.098103 0.120932
v -0.234975 -0.098103 0.151735
v -0.257451 -0.098103 0.123497
v -0.220946 0.128825 0.142826
v -0.237013 0.128825 0.113840
v -0.207662 0.080488 0.101183
v -0.236493 0.121655 0.113593
v -0.220461 0.121655 0.142516
v -0.193048 0.085591 0.133865
v -0.193516 0.080488 0.126702
v -0.172135 0.097755 0.196612
v -0.172135 0.096694 0.196612
v -0.265705 0.051612 0.088454
v -0.252593 0.051612 0.121238
v -0.204899 0.097770 -0.160257
v -0.279153 0.123310 0.019272
v -0.271426 -0.098103 -0.086921
v -0.280250 -0.098103 -0.052050
v -0.278665 -0.098103 -0.004159
v -0.284633 -0.098103 -0.016349
v -0.278542 -0.098103 0.009929
v -0.284508 -0.098103 0.019621
v -0.236081 0.116608 -0.102940
v -0.214249 0.085535 -0.092388
v -0.240582 -0.092367 0.080841
v -0.274006 -0.098103 0.054150
v -0.213158 -0.092367 0.138597
v -0.203756 0.114645 0.163182
v -0.215393 0.114645 0.147281
v -0.213314 0.116552 0.145759
v -0.265705 0.123310 0.088454
v -0.252593 0.128825 0.121238
v -0.252593 0.123310 0.121238
v -0.195998 0.080984 -0.131132
v -0.216431 0.097770 -0.144268
v -0.274605 0.123310 0.054286
v -0.216622 0.083591 -0.093318
v -0.245647 0.114664 -0.085516
v -0.222743 0.083591 -0.077699
v -0.235322 0.116570 0.106084
v -0.219843 0.085573 0.081163
v -0.215998 0.083655 0.097694
v -0.213613 0.085573 0.096740
v -0.279875 -0.098103 0.055291
v -0.156910 0.096694 0.209117
v -0.228686 -0.092367 0.110582
v -0.270808 -0.098103 0.090099
v -0.215393 0.097759 0.147281
v -0.203756 0.097759 0.163182
v -0.185219 0.083684 0.148926
v -0.195128 0.081039 0.135387
v -0.265705 0.128825 0.088454
v -0.274605 0.051612 0.054286
v -0.186186 0.079923 -0.144738
v -0.216431 0.096708 -0.144268
v -0.195998 0.079923 -0.131132
v -0.216622 0.080989 -0.093318
v -0.238454 0.114664 -0.103870
v -0.238454 0.097769 -0.103870
v -0.245025 0.114651 0.088740
v -0.265128 -0.098103 0.088232
v -0.155629 0.079994 0.180248
v -0.142663 0.079994 0.190899
v -0.195128 0.083684 0.135387
v -0.204899 0.096708 -0.160257
v -0.222743 0.080989 -0.077699
v -0.237707 0.114651 0.107038
v -0.222228 0.083655 0.082117
v -0.203756 0.096697 0.163182
v -0.185219 0.081039 0.148926
v -0.185219 0.079977 0.148926
v -0.245647 0.097769 -0.085516
v -0.245647 0.096707 -0.085516
v -0.222743 0.079928 -0.077699
v -0.237707 0.097762 0.107038
v -0.237707 0.096700 0.107038
v -0.245025 0.097762 0.088740
v -0.222228 0.081024 0.082117
v -0.195128 0.079977 0.135387
v -0.215393 0.096697 0.147281
v -0.238454 0.096707 -0.103870
v -0.216622 0.079928 -0.093318
v -0.245025 0.096700 0.088740
v -0.215998 0.081024 0.097694
v -0.215998 0.079962 0.097694
v -0.222228 0.079962 0.082117
vn 0.9677 -0.0000 -0.2521
vn 0.9917 -0.0000 -0.1288
vn 0.9285 -0.0000 -0.3714
vn 0.9285 -0.0000 -0.3713
vn 0.9285 -0.0001 -0.3714
vn 0.9677 -0.0000 -0.2520
vn 1.0000 -0.0000 -0.0035
vn 0.8746 -0.0000 -0.4848
vn -0.0000 1.0000 -0.0000
vn -0.0000 1.0000 0.0001
vn 0.8747 -0.0000 -0.4847
vn -0.0000 1.0000 -0.0001
vn 0.9925 -0.0000 0.1219
vn 0.9926 -0.0000 0.1218
vn 0.8070 -0.0000 -0.5906
vn 0.8069 -0.0000 -0.5906
vn 0.8746 -0.0002 -0.4848
vn -0.0001 1.0000 -0.0000
vn 0.0004 1.0000 0.0012
vn 0.0012 1.0000 0.0047
vn 0.8069 -0.0001 -0.5906
vn 0.8070 0.0001 -0.5906
vn 0.8070 -0.0000 -0.5905
vn 0.8746 0.0001 -0.4848
vn -0.0000 1.0000 -0.0002
vn 0.9695 -0.0000 0.2453
vn 0.9695 -0.0000 0.2451
vn 0.7266 -0.0000 -0.6870
vn 0.7266 -0.0000 -0.6871
vn 0.0282 0.9995 -0.0168
vn -0.9255 0.0798 0.3702
vn -0.9646 0.0798 0.2512
vn -0.9255 0.0797 0.3703
vn -0.9255 0.0798 0.3701
vn -0.9646 0.0797 0.2513
vn -0.9885 0.0797 0.1283
vn -0.9968 0.0798 0.0035
vn -0.9885 0.0798 0.1284
vn -0.9885 0.0797 0.1284
vn -0.9894 0.0798 -0.1215
vn -0.9664 0.0797 -0.2443
vn -0.9894 0.0797 -0.1215
vn -0.9664 0.0798 -0.2445
vn -0.9664 0.0797 -0.2445
vn 0.9694 -0.0000 0.2453
vn 0.9695 -0.0001 0.2453
vn 0.8070 -0.0001 -0.5906
vn -0.0018 1.0000 0.0047
vn 0.0282 0.9995 -0.0169
vn 0.5939 -0.0178 0.8043
vn -0.9968 0.0798 0.0034
vn -0.9663 0.0798 -0.2446
vn -0.9663 0.0796 -0.2446
vn -0.9281 0.0798 -0.3637
vn -0.9281 0.0798 -0.3638
vn -0.9281 0.0797 -0.3636
vn 0.0001 1.0000 -0.0000
vn 0.0001 1.0000 0.0001
vn 0.9311 -0.0000 0.3647
vn 0.9311 -0.0001 0.3648
vn 0.9311 -0.0000 0.3649
vn 0.6347 -0.0001 -0.7728
vn 0.6347 -0.0002 -0.7727
vn 0.9311 -0.0000 0.3648
vn 0.6347 -0.0000 -0.7728
vn -0.6022 0.0103 -0.7983
vn -0.6022 0.0104 -0.7983
vn -0.2658 0.9508 0.1589
vn 0.5548 -0.0134 0.8319
vn 0.5930 -0.0151 0.8051
vn 0.5929 -0.0152 0.8051
vn 0.5549 -0.0135 0.8318
vn -0.7790 0.5933 0.2029
vn 0.5930 -0.0152 0.8051
vn -0.7462 0.5951 0.2985
vn -0.7462 0.5950 0.2985
vn -0.7995 0.5916 0.1038
vn -0.8073 0.5901 0.0028
vn -0.8073 0.5901 0.0030
vn -0.7994 0.5918 0.1038
vn -0.8023 0.5888 -0.0985
vn -0.7844 0.5877 -0.1985
vn -0.7844 0.5877 -0.1984
vn -0.7540 0.5867 -0.2955
vn 0.9310 -0.0000 0.3649
vn 0.6347 -0.0000 -0.7727
vn 0.7266 0.0001 -0.6871
vn 0.6347 -0.0001 -0.7727
vn -0.0001 1.0000 0.0001
vn 0.7266 0.0001 -0.6870
vn -0.6874 0.5439 0.4813
vn -0.6875 0.5438 0.4813
vn 0.5636 -0.0456 0.8248
vn -0.2655 0.9509 0.1592
vn 0.5648 -0.0575 0.8232
vn 0.5852 -0.1057 0.8040
vn 0.5648 -0.0574 0.8232
vn -0.7789 0.5934 0.2029
vn 0.5853 -0.1056 0.8039
vn -0.7463 0.5950 0.2984
vn -0.7462 0.5951 0.2984
vn -0.8073 0.5902 0.0028
vn -0.7995 0.5917 0.1038
vn -0.8073 0.5902 0.0031
vn -0.7844 0.5876 -0.1986
vn -0.8022 0.5888 -0.0985
vn -0.8022 0.5888 -0.0984
vn -0.7845 0.5876 -0.1979
vn -0.7844 0.5876 -0.1984
vn 0.5574 -0.0124 -0.8302
vn 0.5573 -0.0126 -0.8302
vn -0.7843 0.5877 -0.1985
vn 0.5469 -0.1161 -0.8291
vn 0.5470 -0.1161 -0.8291
vn 0.5574 -0.0123 -0.8302
vn -0.7539 0.5867 -0.2956
vn 0.5470 -0.1160 -0.8291
vn 0.8780 -0.0000 0.4787
vn 0.5329 -0.0000 -0.8462
vn 0.6348 -0.0000 -0.7727
vn 0.0244 0.9995 -0.0220
vn 0.0244 0.9995 -0.0219
vn -0.6021 0.0103 -0.7984
vn -0.5965 0.0059 -0.8026
vn 0.5902 -0.0550 0.8054
vn 0.5797 -0.1006 0.8086
vn 0.5798 -0.1007 0.8085
vn 0.6019 -0.0751 0.7951
vn 0.6018 -0.0751 0.7951
vn 0.5934 -0.1172 0.7963
vn 0.5935 -0.1172 0.7963
vn -0.5668 -0.8105 0.1476
vn -0.5667 -0.8106 0.1476
vn -0.5741 -0.8050 0.1495
vn -0.7842 0.5857 0.2049
vn -0.7790 0.5932 0.2029
vn -0.7790 0.5932 0.2030
vn -0.9209 -0.1280 0.3682
vn -0.9209 -0.1281 0.3682
vn -0.8073 0.5901 0.0027
vn -0.9836 -0.1275 0.1277
vn -0.5824 -0.8129 0.0020
vn -0.5825 -0.8129 0.0020
vn -0.8073 0.5901 0.0029
vn -0.7844 0.5876 -0.1985
vn -0.9845 -0.1270 -0.1208
vn -0.9845 -0.1269 -0.1208
vn -0.5622 -0.8146 -0.1422
vn -0.5622 -0.8147 -0.1422
vn -0.5622 -0.8146 -0.1423
vn 0.5564 -0.0140 -0.8308
vn 0.0306 0.9994 0.0177
vn 0.0305 0.9994 0.0177
vn 0.5616 -0.1240 -0.8181
vn 0.5615 -0.1239 -0.8182
vn 0.5615 -0.1240 -0.8181
vn -0.9236 -0.1267 -0.3619
vn 0.0305 0.9994 0.0176
vn -0.0000 1.0000 -0.0061
vn 0.0007 1.0000 -0.0065
vn 0.8780 -0.0001 0.4787
vn 0.8780 0.0001 0.4787
vn 0.8780 -0.0000 0.4786
vn 0.0245 0.9995 -0.0219
vn 0.6064 0.0180 0.7949
vn 0.6064 0.0179 0.7949
vn 0.6062 0.0192 0.7951
vn 0.6062 0.0191 0.7951
vn -0.6021 0.0103 -0.7983
vn -0.5970 0.0081 -0.8022
vn -0.5970 0.0080 -0.8022
vn 0.5895 -0.0633 0.8053
vn 0.5915 -0.0641 0.8038
vn 0.5916 -0.0640 0.8037
vn 0.1862 -0.9762 -0.1115
vn 0.1861 -0.9762 -0.1116
vn -0.1495 -0.9847 0.0896
vn -0.1495 -0.9847 0.0897
vn 0.2850 0.0476 0.9573
vn 0.2849 0.0476 0.9574
vn -0.2423 0.0140 -0.9701
vn 0.5667 0.8106 -0.1476
vn -0.8509 -0.1283 0.5094
vn -0.9208 -0.1281 0.3683
vn -0.9208 -0.1280 0.3683
vn -0.9209 -0.1281 0.3683
vn 0.5825 0.8129 -0.0020
vn 0.5825 0.8128 -0.0020
vn 0.0357 0.0451 0.9983
vn -0.9598 -0.1278 0.2501
vn -0.9598 -0.1278 0.2499
vn -0.9598 -0.1278 0.2500
vn -0.9836 -0.1274 0.1277
vn 0.0358 0.0450 0.9983
vn 0.0084 0.0169 -0.9998
vn 0.0086 0.0169 -0.9998
vn 0.5623 0.8146 0.1422
vn 0.5623 0.8146 0.1423
vn -0.2163 0.0415 0.9755
vn -0.2163 0.0415 0.9754
vn -0.2164 0.0415 0.9754
vn -0.9919 -0.1272 0.0035
vn -0.9919 -0.1272 0.0034
vn -0.9845 -0.1269 -0.1209
vn -0.2164 0.0414 0.9754
vn -0.2163 0.0414 0.9754
vn -0.5622 -0.8147 -0.1423
vn 0.2596 0.0207 -0.9655
vn 0.2595 0.0207 -0.9655
vn 0.5239 -0.0105 -0.8517
vn 0.5239 -0.0104 -0.8517
vn -0.2804 0.9461 -0.1621
vn -0.2804 0.9461 -0.1620
vn -0.1624 -0.9822 -0.0939
vn -0.1625 -0.9822 -0.0939
vn 0.5465 -0.1110 -0.8301
vn 0.5466 -0.1110 -0.8300
vn 0.5466 -0.1111 -0.8300
vn -0.9616 -0.1268 -0.2433
vn -0.9235 -0.1267 -0.3620
vn -0.9235 -0.1267 -0.3619
vn -0.5709 0.0123 0.8209
vn -0.5709 0.0122 0.8209
vn 0.8111 0.0001 0.5849
vn 0.8111 -0.0001 0.5849
vn 0.8111 -0.0000 0.5849
vn 0.8110 0.0001 0.5850
vn 0.8110 -0.0000 0.5850
vn 0.8110 -0.0001 0.5850
vn 0.4226 -0.0000 -0.9063
vn 0.4227 -0.0000 -0.9063
vn -0.6327 0.0798 0.7703
vn -0.6327 0.0797 0.7703
vn -0.6216 -0.0120 -0.7832
vn -0.6216 -0.0120 -0.7833
vn -0.6215 -0.0120 -0.7833
vn -0.2298 0.9511 0.2065
vn 0.6031 0.0206 0.7974
vn 0.6031 0.0205 0.7974
vn 0.6061 0.0181 0.7952
vn 0.6061 0.0182 0.7952
vn -0.6873 0.5440 0.4813
vn -0.5966 0.0059 -0.8026
vn -0.1496 -0.9847 0.0897
vn -0.6022 0.0105 -0.7983
vn -0.5967 0.0059 -0.8025
vn 0.7523 -0.1365 0.6445
vn 0.7404 -0.1305 0.6594
vn 0.7523 -0.1366 0.6445
vn 0.7403 -0.1305 0.6594
vn 0.7403 -0.1305 0.6595
vn 0.0378 0.9990 -0.0226
vn 0.0379 0.9990 -0.0226
vn 0.1860 -0.9762 -0.1115
vn 0.1861 -0.9762 -0.1115
vn -0.1496 -0.9847 0.0895
vn -0.2133 -0.9686 0.1279
vn 0.3464 -0.0000 0.9381
vn -0.9677 -0.0001 0.2521
vn -0.9677 -0.0000 0.2521
vn -0.2422 0.0139 -0.9701
vn 0.5667 0.8106 -0.1477
vn 0.5666 0.8107 -0.1476
vn 0.5666 0.8106 -0.1475
vn -0.9598 -0.1279 0.2500
vn -0.8506 -0.1284 0.5099
vn -0.1906 -0.9750 0.1141
vn -0.2066 -0.9749 0.0826
vn -0.2160 -0.9748 0.0563
vn -0.2160 -0.9748 0.0562
vn -0.2161 -0.9748 0.0563
vn -0.2220 -0.9746 0.0288
vn 0.0971 -0.0000 0.9953
vn -1.0000 -0.0000 0.0036
vn -1.0000 -0.0000 0.0034
vn 0.5622 0.8146 0.1423
vn 0.5622 0.8147 0.1422
vn -0.2245 -0.9745 0.0008
vn -0.2233 -0.9744 -0.0274
vn -0.1605 -0.0000 0.9870
vn -0.9694 -0.0000 -0.2453
vn 0.5296 -0.0351 -0.8475
vn 0.2594 0.0207 -0.9655
vn -0.2804 0.9461 -0.1619
vn 0.5296 -0.0352 -0.8475
vn -0.5722 0.0072 0.8201
vn -0.5725 0.0106 0.8199
vn -0.5724 0.0106 0.8199
vn -0.8588 -0.1263 -0.4965
vn -0.1626 -0.9822 -0.0939
vn 0.5508 -0.0588 -0.8326
vn -0.8588 -0.1264 -0.4965
vn -0.8587 -0.1264 -0.4966
vn -0.2186 -0.9742 -0.0553
vn 0.5509 -0.0589 -0.8325
vn -0.2104 -0.9741 -0.0824
vn -0.2186 -0.9742 -0.0554
vn -0.5744 0.0150 0.8184
vn -0.2104 -0.9741 -0.0823
vn -0.5710 0.0128 0.8208
vn -0.5745 0.0149 0.8184
vn -0.6767 0.5311 -0.5099
vn -0.6767 0.5310 -0.5100
vn 0.8111 -0.0000 0.5850
vn -0.6224 -0.0137 -0.7826
vn 0.6072 0.0061 0.7945
vn -0.6225 -0.0137 -0.7825
vn 0.6071 0.0061 0.7946
vn -0.2295 0.9511 0.2068
vn -0.2294 0.9511 0.2067
vn 0.6072 0.0062 0.7945
vn -0.2295 0.9511 0.2067
vn 0.6068 0.0063 0.7948
vn 0.6001 0.0228 0.7996
vn 0.6034 0.0214 0.7972
vn 0.6034 0.0213 0.7972
vn -0.8124 -0.1288 0.5687
vn -0.8124 -0.1289 0.5687
vn -0.5964 0.0078 -0.8026
vn -0.5965 0.0079 -0.8026
vn -0.5965 0.0078 -0.8026
vn 0.7621 -0.0000 0.6474
vn 0.9238 -0.0000 0.3829
vn 0.7621 -0.0000 0.6475
vn 0.0312 0.9995 -0.0090
vn 0.0393 0.9990 -0.0225
vn 0.0311 0.9995 -0.0090
vn 0.0312 0.9995 -0.0091
vn -0.6021 0.0105 -0.7984
vn -0.2400 -0.9610 0.1378
vn -0.0934 -0.9953 0.0271
vn -0.2401 -0.9609 0.1379
vn -0.9677 0.0001 0.2521
vn 0.3463 -0.0000 0.9381
vn -0.2239 -0.0001 -0.9746
vn -0.2239 -0.0000 -0.9746
vn -0.2239 -0.0003 -0.9746
vn -0.1843 -0.9775 0.1023
vn -0.2066 -0.9749 0.0827
vn -0.1843 -0.9775 0.1021
vn -0.1843 -0.9776 0.1021
vn 0.0317 -0.0000 -0.9995
vn -1.0000 0.0001 0.0034
vn 0.0318 -0.0000 -0.9995
vn -0.2234 -0.9743 -0.0274
vn -0.1606 -0.0000 0.9870
vn -0.9695 -0.0000 -0.2453
vn 0.2870 -0.0000 -0.9579
vn 0.5560 -0.0442 -0.8300
vn 0.2870 0.0001 -0.9579
vn 0.5560 -0.0441 -0.8300
vn 0.5559 -0.0442 -0.8301
vn -0.5713 0.0067 0.8207
vn 0.1970 -0.9738 0.1139
vn -0.5726 0.0140 0.8197
vn -0.8588 -0.1264 -0.4964
vn 0.5529 -0.0598 -0.8311
vn -0.2103 -0.9742 -0.0824
vn -0.5724 0.0072 0.8199
vn -0.5724 0.0072 0.8200
vn -0.5711 0.0124 0.8208
vn -0.6767 0.5311 -0.5100
vn 0.5757 0.0163 -0.8175
vn 0.5757 0.0164 -0.8175
vn 0.7314 -0.0000 0.6820
vn 0.7313 -0.0000 0.6820
vn 0.3057 -0.0000 -0.9521
vn 0.3057 -0.0001 -0.9521
vn -0.5312 0.0798 0.8435
vn -0.5066 0.6025 0.6167
vn -0.6226 -0.1339 -0.7710
vn -0.6520 -0.0101 -0.7581
vn -0.6227 -0.1339 -0.7709
vn 0.6059 0.0067 0.7955
vn -0.6520 -0.0103 -0.7582
vn -0.6520 -0.0102 -0.7582
vn 0.6058 0.0067 0.7956
vn 0.0243 0.9995 -0.0219
vn 0.6017 0.0087 0.7987
vn 0.6017 -0.0000 0.7987
vn 0.6034 0.0215 0.7972
vn 0.1609 -0.9763 -0.1450
vn 0.1610 -0.9763 -0.1450
vn -0.1293 -0.9847 0.1165
vn -0.1294 -0.9847 0.1165
vn -0.7373 -0.1289 0.6632
vn 0.7762 -0.3199 -0.5433
vn 0.7761 -0.3199 -0.5434
vn 0.7762 -0.3198 -0.5433
vn 0.9995 -0.0000 -0.0314
vn 0.9995 0.0001 -0.0314
vn 0.9995 -0.0001 -0.0314
vn 0.9603 -0.0000 -0.2790
vn 0.8671 0.0001 -0.4981
vn 0.8672 0.0001 -0.4980
vn 0.0390 0.9989 -0.0273
vn 0.7762 -0.3199 -0.5434
vn -0.2972 -0.9319 0.2081
vn 0.8672 -0.0000 -0.4980
vn 0.3464 0.0001 0.9381
vn 0.3463 -0.0001 0.9381
vn -0.9677 -0.0000 0.2520
vn -0.1787 -0.9759 0.1251
vn -0.0000 -1.0000 -0.0001
vn -0.1786 -0.9759 0.1251
vn -0.0000 -1.0000 -0.0000
vn 0.0971 -0.0001 0.9953
vn 0.0972 -0.0000 0.9953
vn 0.9695 -0.0000 0.2452
vn -0.0000 -1.0000 0.0001
vn -0.9694 0.0001 -0.2453
vn 0.0329 0.9994 0.0083
vn 0.2870 -0.0003 -0.9579
vn 0.5537 -0.0510 -0.8312
vn 0.5536 -0.0509 -0.8312
vn -0.5711 0.0056 0.8209
vn -0.5711 -0.0000 0.8209
vn 0.5536 -0.0510 -0.8312
vn -0.5713 0.0057 0.8207
vn -0.5710 0.0055 0.8209
vn -0.6768 0.5310 -0.5099
vn -0.6767 0.5310 -0.5099
vn -0.5714 0.0057 0.8207
vn -0.1963 -0.9740 -0.1135
vn -0.1962 -0.9740 -0.1135
vn -0.7923 -0.1265 -0.5969
vn -0.1963 -0.9740 -0.1134
vn 0.5750 -0.0597 -0.8159
vn 0.5751 -0.0597 -0.8159
vn -0.7922 -0.1266 -0.5970
vn -0.0002 -1.0000 0.0002
vn -0.5736 0.0078 0.8191
vn -0.5761 0.0162 0.8172
vn -0.5763 0.0162 0.8171
vn 0.0267 0.9994 0.0232
vn 0.0266 0.9994 0.0232
vn 0.0267 0.9994 0.0233
vn 0.0266 0.9994 0.0233
vn 0.5755 0.0160 -0.8177
vn 0.5756 0.0160 -0.8176
vn 0.5756 0.0161 -0.8176
vn 0.4230 -0.0000 -0.9061
vn -0.5066 0.6026 0.6167
vn -0.6046 -0.1429 -0.7836
vn -0.6467 -0.0341 -0.7620
vn -0.6468 -0.0341 -0.7619
vn 0.6058 0.0050 0.7956
vn 0.6062 0.0048 0.7953
vn 0.0170 0.9995 -0.0280
vn 0.1609 -0.9763 -0.1449
vn -0.1294 -0.9847 0.1164
vn -0.7369 -0.1289 0.6636
vn -0.1589 -0.9769 0.1430
vn -0.7369 -0.1290 0.6636
vn -0.1590 -0.9769 0.1430
vn 0.7762 -0.3198 -0.5434
vn 0.7761 -0.3198 -0.5434
vn 0.9995 -0.0000 -0.0313
vn 0.8671 -0.0000 -0.4981
vn 0.0343 0.9989 -0.0309
vn -0.2115 -0.9554 0.2060
vn 0.7162 -0.0001 -0.6979
vn 0.7162 -0.0000 -0.6979
vn 0.9603 -0.0000 -0.2789
vn -0.9677 -0.0001 0.2522
vn -0.1793 -0.9750 0.1312
vn -0.2239 0.0001 -0.9746
vn -0.2240 -0.0000 -0.9746
vn -0.1792 -0.9750 0.1312
vn -0.0007 -1.0000 0.0010
vn 1.0000 -0.0000 -0.0034
vn -1.0000 -0.0000 0.0035
vn 0.0316 -0.0000 -0.9995
vn 0.9694 0.0001 0.2453
vn -0.1606 -0.0001 0.9870
vn 0.0165 0.9998 0.0095
vn 0.0166 0.9998 0.0095
vn 0.7314 0.0001 0.6820
vn 0.8521 -0.1917 -0.4870
vn 0.7566 -0.3199 0.5702
vn 0.7567 -0.3198 0.5702
vn 0.8521 -0.1917 -0.4871
vn 0.7567 -0.3199 0.5702
vn 0.7566 -0.3200 0.5702
vn 0.7567 -0.3198 0.5701
vn -0.1625 -0.9822 -0.0938
vn -0.1962 -0.9740 -0.1134
vn -0.1625 -0.9822 -0.0940
vn 0.9206 -0.2382 -0.3094
vn 0.9206 -0.2381 -0.3094
vn 0.9206 -0.2382 -0.3093
vn 0.5755 0.0164 -0.8176
vn 0.5755 0.0164 -0.8177
vn -0.5881 -0.0170 0.8086
vn 0.5755 0.0165 -0.8177
vn -0.5882 -0.0170 0.8086
vn -0.2447 0.9458 -0.2133
vn -0.2447 0.9458 -0.2134
vn 0.5818 0.0115 -0.8133
vn 0.5818 0.0113 -0.8132
vn 0.6401 -0.0001 0.7683
vn 0.6401 -0.0000 0.7683
vn 0.6401 0.0001 0.7683
vn 0.6402 -0.0001 0.7682
vn 0.6402 -0.0000 0.7682
vn 0.1839 -0.0000 -0.9829
vn 0.3056 -0.0000 -0.9522
vn 0.1840 -0.0001 -0.9829
vn -0.4213 0.0798 0.9034
vn -0.4212 0.0798 0.9034
vn -0.4245 0.6043 0.6742
vn -0.4246 0.6043 0.6742
vn -0.4246 0.6044 0.6741
vn -0.4245 0.6044 0.6742
vn -0.6294 -0.1297 0.7662
vn -0.6293 -0.1298 0.7662
vn -0.4245 0.6044 0.6741
vn -0.6195 -0.1306 -0.7740
vn -0.6196 -0.1306 -0.7740
vn -0.6219 -0.0434 -0.7819
vn -0.6218 -0.0434 -0.7820
vn -0.6218 -0.0434 -0.7819
vn -0.1562 -0.9777 0.1406
vn -0.1561 -0.9777 0.1406
vn -0.6217 -0.0606 -0.7809
vn -0.5979 -0.0598 -0.7993
vn -0.6294 -0.1298 0.7662
vn -0.1601 -0.9754 0.1515
vn -0.1601 -0.9754 0.1514
vn 0.9759 -0.0000 0.2181
vn 0.8614 -0.0000 -0.5080
vn 0.8698 -0.0000 -0.4933
vn 0.8698 0.0001 -0.4933
vn -0.4136 0.9025 0.1201
vn -0.4291 0.9031 0.0135
vn -0.4136 0.9025 0.1202
vn -0.4292 0.9031 0.0135
vn -0.3632 0.9081 0.2085
vn 0.0295 0.9992 -0.0288
vn -0.3631 0.9081 0.2085
vn 0.0295 0.9992 -0.0287
vn -0.5720 0.8066 0.1490
vn -0.5719 0.8067 0.1490
vn -0.2238 -0.0001 -0.9746
vn -0.2238 -0.0000 -0.9746
vn -0.5941 0.8044 0.0021
vn -0.5942 0.8043 0.0021
vn -0.5941 0.8044 0.0020
vn 0.0318 0.0001 -0.9995
vn 0.0317 0.0001 -0.9995
vn -0.5785 0.8025 -0.1464
vn -0.5785 0.8025 -0.1463
vn -0.5784 0.8025 -0.1463
vn -0.5784 0.8025 -0.1464
vn 0.0441 0.9990 0.0098
vn 0.0224 0.9996 0.0169
vn 0.7567 -0.3200 0.5702
vn 0.0246 0.9996 0.0125
vn 0.0224 0.9996 0.0168
vn -0.1810 -0.9740 -0.1364
vn -0.7474 -0.1263 -0.6522
vn -0.1810 -0.9740 -0.1363
vn -0.0531 -0.9985 -0.0118
vn -0.7474 -0.1262 -0.6522
vn -0.0543 -0.9980 -0.0315
vn -0.0531 -0.9985 -0.0119
vn -0.0530 -0.9985 -0.0119
vn 0.5740 0.0172 -0.8187
vn -0.0544 -0.9980 -0.0315
vn -0.5890 -0.0146 0.8080
vn 0.5740 0.0171 -0.8187
vn -0.6290 -0.0123 0.7773
vn -0.5891 -0.0146 0.8079
vn -0.5891 -0.0145 0.8079
vn -0.6381 0.0798 -0.7658
vn -0.6380 0.0798 -0.7659
vn -0.6200 -0.0419 0.7835
vn -0.6200 -0.0420 0.7835
vn 0.5829 0.0070 -0.8125
vn -0.2446 0.9458 -0.2134
vn 0.5830 0.0071 -0.8125
vn 0.6408 -0.0000 0.7677
vn 0.3056 -0.0000 -0.9521
vn -0.4213 0.0797 0.9034
vn -0.4246 0.6044 0.6742
vn -0.4247 0.6044 0.6741
vn -0.5283 -0.1302 0.8390
vn -0.6235 -0.0491 -0.7803
vn -0.6234 -0.0491 -0.7804
vn -0.0666 -0.9914 0.1126
vn -0.6236 -0.0597 -0.7795
vn -0.0665 -0.9914 0.1126
vn -0.0064 -0.2389 -0.9710
vn -0.1394 -0.9756 0.1697
vn -0.0063 -0.2389 -0.9710
vn -0.1394 -0.9756 0.1698
vn -0.4179 0.9037 -0.0934
vn 0.9759 -0.0001 0.2181
vn -0.3721 0.9018 0.2199
vn -0.3720 0.9018 0.2200
vn -0.4137 0.9025 0.1202
vn -0.4137 0.9024 0.1202
vn -0.4291 0.9032 0.0135
vn -0.4178 0.9037 -0.0934
vn -0.3185 0.8928 0.3185
vn 0.0188 0.9993 -0.0317
vn 0.0186 0.9993 -0.0317
vn 0.0076 0.9994 -0.0341
vn 0.5091 -0.0000 -0.8607
vn 0.0001 -1.0000 -0.0000
vn -0.0001 -1.0000 -0.0000
vn 0.0249 0.9996 0.0127
vn 0.5753 0.0096 -0.8179
vn 0.0204 0.9996 0.0180
vn 0.5753 0.0097 -0.8179
vn 0.5730 0.0107 -0.8195
vn 0.0204 0.9996 0.0179
vn -0.0397 -0.9988 -0.0299
vn 0.5730 0.0106 -0.8195
vn -0.0396 -0.9988 -0.0297
vn -0.0397 -0.9988 -0.0297
vn -0.1416 -0.9822 -0.1236
vn -0.1811 -0.9740 -0.1363
vn -0.7475 -0.1264 -0.6521
vn -0.1415 -0.9822 -0.1237
vn -0.1417 -0.9822 -0.1237
vn -0.7475 -0.1263 -0.6521
vn 0.5817 0.0115 -0.8133
vn 0.9759 -0.0000 0.2182
vn -0.5905 -0.1209 0.7979
vn 0.5817 0.0114 -0.8133
vn 0.5816 0.0114 -0.8134
vn -0.6174 -0.0561 0.7846
vn -0.6381 0.0797 -0.7658
vn -0.5371 0.0798 -0.8398
vn -0.6175 -0.0561 0.7845
vn -0.6175 -0.0561 0.7846
vn -0.5371 0.0797 -0.8397
vn -0.5370 0.0797 -0.8398
vn -0.5904 -0.0527 0.8054
vn -0.5904 -0.0526 0.8054
vn -0.5903 -0.0526 0.8054
vn 0.5756 0.0105 -0.8177
vn 0.5755 0.0105 -0.8177
vn 0.5387 -0.0000 0.8425
vn 0.0070 1.0000 -0.0058
vn 0.5388 -0.0000 0.8425
vn 0.0593 -0.0000 -0.9982
vn 0.1839 -0.0000 -0.9830
vn -0.0001 1.0000 -0.0001
vn -0.3047 0.0797 0.9491
vn -0.3362 0.6061 0.7208
vn -0.3047 0.0798 0.9491
vn -0.3362 0.6062 0.7208
vn -0.3179 -0.8025 0.5049
vn -0.8414 0.0119 -0.5403
vn -0.3180 -0.8025 0.5049
vn -0.3180 -0.8024 0.5049
vn -0.8413 0.0119 -0.5405
vn -0.5284 -0.1302 0.8390
vn -0.1167 -0.9757 0.1853
vn -0.1166 -0.9757 0.1853
vn -0.0360 -0.9994 -0.0001
vn -0.0361 -0.9994 -0.0001
vn 0.5090 -0.0000 -0.8608
vn 0.5090 -0.0001 -0.8607
vn 0.2972 -0.1458 -0.9436
vn 0.2971 -0.1459 -0.9436
vn -0.1395 -0.9756 0.1697
vn -0.3807 0.9041 -0.1940
vn -0.3807 0.9041 -0.1939
vn 0.8910 -0.0000 0.4540
vn -0.3808 0.9041 -0.1940
vn 0.8910 -0.0000 0.4541
vn 0.8910 0.0003 0.4541
vn -0.1838 0.9829 0.0057
vn -0.1795 0.9829 -0.0401
vn -0.1838 0.9829 0.0058
vn -0.3111 0.9008 0.3031
vn -0.1880 0.9640 0.1880
vn -0.3110 0.9008 0.3031
vn 0.0207 0.9998 -0.0000
vn 0.8910 0.0001 0.4539
vn 0.5754 0.0105 -0.8178
vn 0.8910 -0.0000 0.4539
vn 0.0203 0.9996 0.0177
vn 0.5753 0.0106 -0.8179
vn 0.5753 0.0105 -0.8179
vn 0.7501 -0.0000 0.6613
vn 0.0204 0.9996 0.0177
vn -0.1417 -0.9822 -0.1236
vn -0.0779 -0.9962 -0.0397
vn -0.0778 -0.9962 -0.0396
vn -0.0778 -0.9962 -0.0398
vn -0.1713 -0.9738 -0.1494
vn -0.1712 -0.9738 -0.1494
vn -0.6350 -0.1267 -0.7620
vn -0.1417 -0.9821 -0.1237
vn -0.6349 -0.1267 -0.7621
vn -0.6350 -0.1267 -0.7621
vn 0.5816 0.0076 -0.8134
vn -0.5754 -0.1377 0.8062
vn -0.5865 -0.1240 0.8004
vn -0.5753 -0.1377 0.8062
vn -0.5190 0.5853 -0.6229
vn -0.5865 -0.1241 0.8004
vn -0.5698 -0.0781 0.8181
vn -0.5698 -0.0780 0.8181
vn -0.5189 0.5853 -0.6230
vn -0.5370 0.0798 -0.8398
vn -0.4367 0.5855 -0.6830
vn -0.4367 0.5855 -0.6829
vn -0.4369 0.5855 -0.6829
vn -0.5905 -0.0605 0.8048
vn -0.5883 -0.0616 0.8063
vn -0.5905 -0.0605 0.8047
vn 0.0267 0.9994 0.0231
vn 0.5388 -0.0000 0.8424
vn 0.1841 -0.0000 -0.9829
vn 0.1840 -0.0000 -0.9829
vn -0.3361 0.6062 0.7208
vn -0.3180 -0.8025 0.5048
vn -0.3182 -0.8025 0.5047
vn 0.3180 0.8025 -0.5049
vn 0.3180 0.8025 -0.5050
vn -0.4191 -0.1306 0.8985
vn -0.4190 -0.1306 0.8985
vn -0.4190 -0.1306 0.8986
vn -0.0301 -0.1152 -0.9929
vn -0.0301 -0.1153 -0.9929
vn 0.2177 -0.0000 -0.9760
vn 0.2178 -0.0000 -0.9760
vn 0.2790 0.0001 -0.9603
vn 0.2790 -0.0000 -0.9603
vn -0.0777 -0.1097 -0.9909
vn -0.0778 -0.1097 -0.9909
vn -0.3901 0.8991 -0.1987
vn -0.4621 0.8640 0.2000
vn 0.0503 0.9561 -0.2886
vn 0.5091 0.0001 -0.8607
vn 0.0502 0.9561 -0.2886
vn -0.2215 0.9003 0.3746
vn -0.4217 0.8476 0.3221
vn -0.2216 0.9003 0.3746
vn -0.1021 -0.1068 -0.9890
vn -0.4217 0.8476 0.3220
vn 0.7501 -0.0001 0.6613
vn -0.1020 -0.1068 -0.9890
vn 0.0128 0.9997 0.0189
vn 0.5621 -0.0000 0.8271
vn 0.1720 -0.9736 0.1501
vn 0.1721 -0.9736 0.1501
vn -0.0512 -0.9977 -0.0447
vn -0.0512 -0.9977 -0.0446
vn -0.1712 -0.9739 -0.1493
vn 0.1721 -0.9736 0.1500
vn -0.5190 0.5853 -0.6230
vn -0.4368 0.5855 -0.6829
vn -0.4368 0.5856 -0.6829
vn -0.4276 0.0797 -0.9005
vn -0.4275 0.0797 -0.9005
vn -0.4367 0.5856 -0.6829
vn -0.2005 -0.1897 0.9612
vn -0.2005 -0.1897 0.9611
vn -0.3702 -0.1399 0.9184
vn -0.3703 -0.1399 0.9183
vn 0.4290 -0.0000 0.9033
vn 0.4289 -0.0000 0.9033
vn -0.0663 -0.0000 -0.9978
vn -0.0662 -0.0000 -0.9978
vn 0.0597 -0.0000 -0.9982
vn -0.0661 -0.0000 -0.9978
vn -0.1833 0.0798 0.9798
vn -0.2427 0.6078 0.7561
vn -0.2447 0.6002 0.7615
vn -0.1834 0.0798 0.9798
vn -0.2427 0.6079 0.7560
vn 0.8639 0.0485 0.5014
vn 0.8639 0.0484 0.5014
vn -0.5329 -0.0000 0.8462
vn -0.8329 -0.0000 -0.5535
vn -0.5329 -0.0001 0.8461
vn 0.3179 0.8025 -0.5049
vn -0.0923 -0.9759 0.1978
vn -0.0922 -0.9759 0.1979
vn 0.2789 -0.0000 -0.9603
vn -0.0758 0.0001 -0.9971
vn -0.0759 0.0001 -0.9971
vn -0.2854 0.9294 -0.2339
vn -0.0886 0.9929 0.0796
vn -0.3201 0.9044 -0.2822
vn -0.1800 0.9832 0.0298
vn -0.1291 0.9916 0.0040
vn -0.1050 0.9697 -0.2208
vn -0.1049 0.9697 -0.2208
vn -0.2215 0.9003 0.3747
vn -0.1457 0.9582 0.2463
vn 0.0399 0.9987 -0.0305
vn 0.0126 0.9997 0.0194
vn 0.5621 0.0001 0.8271
vn 0.5620 0.0001 0.8271
vn -0.2397 0.9045 -0.3527
vn -0.0499 -0.9978 -0.0440
vn 0.8910 -0.0001 0.4540
vn 0.0001 -1.0000 0.0001
vn -0.0000 -1.0000 0.0002
vn -0.1452 -0.9740 -0.1742
vn -0.1451 -0.9740 -0.1742
vn -0.5344 -0.1269 -0.8357
vn -0.5345 -0.1269 -0.8356
vn -0.4368 0.5855 -0.6830
vn -0.4276 0.0797 -0.9004
vn -0.3475 0.5861 -0.7320
vn -0.4276 0.0798 -0.9004
vn -0.3113 -0.8162 -0.4868
vn -0.3476 0.5860 -0.7320
vn -0.3114 -0.8162 -0.4868
vn -0.3114 -0.8161 -0.4868
vn -0.0277 -0.9988 -0.0409
vn -0.3715 -0.0837 0.9247
vn -0.0278 -0.9988 -0.0410
vn -0.0278 -0.9988 -0.0409
vn -0.3847 -0.0812 0.9195
vn -0.3716 -0.0835 0.9246
vn -0.3717 -0.0836 0.9246
vn -0.3846 -0.0812 0.9195
vn 0.4289 -0.0001 0.9033
vn 0.4289 -0.0000 0.9034
vn 0.4289 -0.0001 0.9034
vn 0.0594 -0.0000 -0.9982
vn -0.1834 0.0797 0.9798
vn -0.2428 0.6079 0.7559
vn -0.2428 0.6079 0.7560
vn -0.3031 -0.1310 0.9439
vn -0.3031 -0.1311 0.9439
vn 0.8950 -0.0001 0.4460
vn 0.8951 -0.0000 0.4459
vn 0.8950 -0.0000 0.4460
vn -0.8328 -0.0000 -0.5535
vn 0.5329 -0.0001 -0.8462
vn -0.0923 -0.9759 0.1979
vn 0.5328 -0.0000 -0.8462
vn 0.2789 0.0001 -0.9603
vn 0.0314 -0.0000 -0.9995
vn 0.0314 0.0001 -0.9995
vn 0.2790 -0.0001 -0.9603
vn 0.2789 0.0002 -0.9603
vn -0.3090 0.9112 -0.2725
vn -0.3091 0.9112 -0.2725
vn 0.0390 0.9987 0.0318
vn 0.0389 0.9987 0.0318
vn 0.0388 0.9987 0.0318
vn 0.0389 0.9987 0.0319
vn 0.9007 -0.1426 0.4103
vn -0.1290 0.9916 0.0040
vn 0.1135 0.8835 -0.4545
vn -0.1217 0.8997 0.4192
vn -0.1218 0.8997 0.4191
vn 0.0496 0.9978 0.0448
vn 0.0405 0.9982 0.0433
vn 0.0497 0.9978 0.0448
vn 0.0401 0.9988 -0.0292
vn 0.0400 0.9987 -0.0307
vn 0.0400 0.9987 -0.0305
vn 0.0400 0.9987 -0.0304
vn -0.2397 0.9045 -0.3528
vn -0.4491 -0.0681 0.8909
vn -0.4459 -0.0675 0.8925
vn -0.4492 -0.0681 0.8909
vn 0.3387 -0.0000 0.9409
vn 0.3387 0.0001 0.9409
vn 0.3386 0.0001 0.9409
vn -0.1445 0.9044 -0.4014
vn 0.7501 0.0001 0.6613
vn -0.5344 -0.1269 -0.8356
vn -0.8314 0.0275 0.5550
vn -0.8315 0.0275 0.5549
vn -0.3113 0.0798 -0.9469
vn -0.3113 0.0798 -0.9470
vn -0.2529 0.5867 -0.7693
vn -0.3476 0.5860 -0.7319
vn -0.3474 0.5861 -0.7320
vn 0.8550 0.0349 -0.5175
vn -0.3112 -0.8162 -0.4868
vn -0.3113 -0.8162 -0.4867
vn -0.0277 -0.9988 -0.0408
vn -0.0279 -0.9988 -0.0408
vn -0.0278 -0.9988 -0.0408
vn -0.2859 -0.0997 0.9531
vn 0.3124 -0.0000 0.9500
vn 0.3123 -0.0000 0.9500
vn 0.3122 -0.0000 0.9500
vn -0.1908 -0.0000 -0.9816
vn 0.3123 -0.0001 0.9500
vn -0.1908 -0.0002 -0.9816
vn -0.0592 0.0797 0.9951
vn -0.1458 0.6094 0.7793
vn -0.0591 0.0798 0.9951
vn -0.1459 0.6094 0.7793
vn -0.1835 -0.7999 0.5714
vn -0.9489 0.0135 -0.3154
vn -0.1835 -0.7998 0.5715
vn -0.3030 -0.1310 0.9439
vn -0.3030 -0.1311 0.9439
vn -0.0666 -0.9760 0.2073
vn -0.0665 -0.9760 0.2073
vn 0.6882 -0.0000 -0.7255
vn 0.0314 -0.0001 -0.9995
vn 0.6882 0.0001 -0.7255
vn 0.6883 -0.0000 -0.7255
vn 0.0959 0.9382 -0.3325
vn 0.0313 -0.0001 -0.9995
vn 0.0959 0.9382 -0.3326
vn -0.0745 0.9473 0.3116
vn -0.6300 0.7763 0.0198
vn -0.0745 0.9473 0.3115
vn -0.7223 0.6408 -0.2601
vn -0.6300 0.7763 0.0197
vn -0.7224 0.6408 -0.2600
vn 0.0389 0.9987 0.0320
vn 0.0313 -0.0000 -0.9995
vn -0.1217 0.8998 0.4191
vn -0.1217 0.8997 0.4191
vn 0.8289 -0.0000 -0.5594
vn -0.0513 0.9830 0.1765
vn -0.3090 0.9493 0.0583
vn -0.0513 0.9830 0.1764
vn -0.3089 0.9493 0.0583
vn 0.0465 0.9985 -0.0278
vn 0.0467 0.9985 -0.0277
vn 0.0466 0.9985 -0.0278
vn -0.7936 0.0544 0.6060
vn 0.0399 0.9987 -0.0304
vn -0.0314 0.9984 -0.0462
vn -0.0314 0.9984 -0.0460
vn -0.4378 -0.0000 0.8991
vn -0.4374 0.0039 0.8993
vn -0.0313 0.9984 -0.0462
vn -0.1446 0.9044 -0.4015
vn -0.1445 0.9044 -0.4015
vn -0.0623 0.9829 -0.1730
vn -0.0623 0.9830 -0.1730
vn 0.7501 -0.0000 0.6614
vn -0.1221 -0.9740 -0.1910
vn -0.1221 -0.9740 -0.1909
vn -0.4254 -0.1271 -0.8960
vn -0.4254 -0.1271 -0.8961
vn -0.1222 -0.9740 -0.1909
vn 0.3113 0.8162 0.4868
vn 0.3112 0.8162 0.4867
vn 0.3113 0.8161 0.4868
vn -0.8315 0.0276 0.5548
vn -0.8315 0.0275 0.5548
vn -0.3114 0.0798 -0.9469
vn -0.2529 0.5868 -0.7692
vn -0.2528 0.5868 -0.7692
vn 0.8550 0.0349 -0.5174
vn 0.8551 0.0349 -0.5173
vn -0.2530 0.5867 -0.7692
vn 0.8795 -0.0000 -0.4759
vn -0.5387 -0.0000 -0.8425
vn -0.5388 -0.0000 -0.8424
vn -0.5388 -0.0000 -0.8425
vn -0.4377 -0.0001 0.8991
vn -0.4379 -0.0000 0.8990
vn -0.4377 -0.0000 0.8991
vn 0.3123 0.0001 0.9500
vn -0.1909 -0.0000 -0.9816
vn 0.3124 -0.0001 0.9500
vn -0.9489 0.0135 -0.3153
vn 0.1834 0.8000 -0.5713
vn -0.9489 0.0136 -0.3153
vn -0.1823 -0.1314 0.9744
vn 0.1834 0.7999 -0.5714
vn 0.1835 0.7999 -0.5714
vn -0.0665 -0.9760 0.2072
vn 0.8951 0.0001 0.4460
vn -0.8328 -0.0000 -0.5536
vn 0.8216 -0.1489 -0.5503
vn 0.0104 -0.9989 0.0464
vn 0.8215 -0.1489 -0.5504
vn -0.2126 0.0001 -0.9771
vn -0.0063 -0.9800 0.1991
vn -0.2126 -0.0000 -0.9771
vn -0.0062 -0.9800 0.1991
vn 0.0390 0.9987 0.0319
vn -0.7723 0.0543 -0.6330
vn -0.9351 0.0274 0.3533
vn -0.9351 0.0273 0.3533
vn -0.1628 -0.0272 0.9863
vn -0.1628 -0.0271 0.9863
vn -0.2520 0.9650 0.0732
vn -0.6301 0.7763 0.0198
vn -0.6152 0.7763 -0.1375
vn 0.1624 -0.9850 0.0585
vn -0.6792 0.4246 -0.5987
vn -0.6791 0.4247 -0.5987
vn 0.0388 0.9987 0.0319
vn 0.0008 0.9997 -0.0254
vn -0.0036 0.9997 -0.0257
vn -0.0137 0.8992 0.4373
vn 0.8309 -0.1440 -0.5374
vn 0.8309 -0.1441 -0.5374
vn -0.0513 0.9830 0.1766
vn -0.0513 0.9829 0.1766
vn -0.3907 0.8974 -0.2050
vn -0.3908 0.8974 -0.2050
vn 0.0400 0.9987 -0.0306
vn -0.9225 0.0272 -0.3850
vn 0.0408 0.9989 -0.0242
vn -0.9225 0.0272 -0.3851
vn -0.9224 0.0272 -0.3852
vn 0.1288 0.0271 0.9913
vn 0.0408 0.9989 -0.0243
vn -0.7935 0.0545 0.6061
vn 0.1288 0.0270 0.9913
vn -0.3845 0.9229 0.0219
vn -0.7936 0.0545 0.6060
vn -0.7936 0.0545 0.6059
vn -0.3845 0.9229 0.0218
vn -0.0402 0.9042 -0.4253
vn 0.0941 -0.0000 0.9956
vn -0.0402 0.9042 -0.4252
vn -0.0401 0.9042 -0.4252
vn -0.0173 0.9830 -0.1830
vn 0.0942 -0.0000 0.9956
vn -0.0173 0.9829 -0.1831
vn -0.0622 0.9830 -0.1730
vn -0.1222 -0.9740 -0.1910
vn -0.4256 -0.1270 -0.8960
vn -0.1221 -0.9740 -0.1908
vn -0.4255 -0.1271 -0.8960
vn -0.8100 -0.0000 0.5864
vn -0.1902 0.0798 -0.9785
vn -0.1903 0.0798 -0.9785
vn -0.9445 0.0228 0.3277
vn 0.8795 -0.0000 -0.4758
vn 0.8796 0.0001 -0.4758
vn 0.5621 -0.0001 0.8271
vn -0.0002 1.0000 0.0001
vn 0.1908 -0.0000 0.9816
vn 0.1909 -0.0000 0.9816
vn -0.3123 -0.0000 -0.9500
vn -0.3124 -0.0000 -0.9500
vn -0.3124 -0.0001 -0.9500
vn -0.3123 -0.0001 -0.9500
vn 0.0661 0.0798 0.9946
vn -0.0469 0.6108 0.7904
vn 0.0660 0.0798 0.9946
vn -0.0470 0.6108 0.7904
vn -0.1824 -0.1315 0.9744
vn 0.9612 0.0463 0.2720
vn -0.1824 -0.1314 0.9744
vn 0.9612 0.0464 0.2720
vn 0.9611 0.0464 0.2721
vn -0.3057 -0.0000 0.9521
vn -0.9432 -0.0000 -0.3321
vn -0.3057 0.0001 0.9521
vn -0.0399 -0.9761 0.2134
vn -0.3090 0.8147 0.4907
vn 0.8951 -0.0000 0.4460
vn -0.3091 0.8147 0.4907
vn 0.9556 -0.0555 -0.2895
vn 0.0411 -0.9822 0.1834
vn 0.0181 -0.9964 0.0830
vn 0.0412 -0.9822 0.1832
vn 0.0411 -0.9822 0.1832
vn 0.0180 -0.9964 0.0831
vn 0.1627 0.0274 -0.9863
vn 0.1628 0.0274 -0.9863
vn -0.7723 0.0545 -0.6329
vn -0.7723 0.0545 -0.6330
vn -0.9352 0.0271 0.3532
vn -0.1628 -0.0269 0.9863
vn -0.9351 0.0271 0.3533
vn 0.1387 0.2834 0.9489
vn -0.1627 -0.0269 0.9863
vn -0.6054 0.7763 0.1758
vn -0.6053 0.7763 0.1759
vn -0.6054 0.7763 0.1759
vn -0.9995 -0.0000 0.0314
vn -0.9759 -0.0000 -0.2181
vn -0.9995 0.0001 0.0314
vn -0.6295 0.7608 -0.1578
vn -0.5705 0.7751 -0.2715
vn -0.5705 0.7751 -0.2716
vn -0.6296 0.7608 -0.1578
vn -0.4728 0.7763 -0.4168
vn -0.4729 0.7763 -0.4168
vn -0.6761 0.4857 -0.5541
vn -0.6750 0.4924 -0.5494
vn -0.4728 0.7764 -0.4168
vn -0.0136 0.8992 0.4373
vn -0.0066 0.9995 -0.0295
vn -0.0066 0.9995 -0.0294
vn 0.9548 -0.0562 -0.2918
vn 0.2145 0.9532 0.2131
vn -0.0360 0.9916 0.1239
vn -0.9013 0.3936 0.1812
vn -0.0361 0.9916 0.1239
vn -0.9012 0.3936 0.1813
vn 0.9224 -0.0273 0.3852
vn 0.9224 -0.0272 0.3852
vn 0.9225 -0.0273 0.3851
vn -0.9224 0.0272 -0.3853
vn -0.9224 0.0273 -0.3853
vn -0.1287 -0.0271 -0.9913
vn -0.1288 -0.0271 -0.9913
vn 0.0412 0.9987 -0.0300
vn 0.0413 0.9987 -0.0300
vn 0.1287 0.0270 0.9913
vn -0.7936 0.0543 0.6061
vn -0.3849 0.9227 0.0228
vn -0.3850 0.9226 0.0228
vn 0.0941 0.0001 0.9956
vn 0.0022 0.9997 0.0240
vn 0.0023 0.9997 0.0240
vn 0.2869 0.9570 -0.0429
vn 0.2870 0.9570 -0.0430
vn -0.0437 0.9916 -0.1214
vn -0.0438 0.9916 -0.1215
vn -0.0971 -0.9740 -0.2046
vn -0.3098 -0.1274 -0.9422
vn -0.0972 -0.9740 -0.2046
vn 0.5388 0.0001 0.8424
vn -0.3098 -0.1273 -0.9422
vn -0.8100 -0.0000 0.5865
vn -0.1544 0.5877 -0.7942
vn -0.1809 -0.8153 -0.5500
vn -0.2528 0.5868 -0.7693
vn -0.1808 -0.8153 -0.5501
vn -0.2529 0.5868 -0.7693
vn 0.1809 0.8153 0.5501
vn -0.2529 0.5869 -0.7692
vn 0.1810 0.8153 0.5501
vn 0.1808 0.8153 0.5500
vn 0.1808 0.8153 0.5501
vn -0.9445 0.0228 0.3276
vn -0.9446 0.0228 0.3275
vn -0.9443 0.0285 0.3277
vn 0.0661 0.0797 0.9946
vn -0.0588 -0.1318 0.9895
vn 0.9769 -0.0000 0.2137
vn -0.0589 -0.1318 0.9895
vn 0.9769 -0.0000 0.2136
vn -0.9433 -0.0000 -0.3321
vn -0.3056 -0.0000 0.9522
vn -0.3058 -0.0000 0.9521
vn -0.9433 -0.0000 -0.3320
vn -0.0385 -0.9760 0.2142
vn 0.3057 0.0001 -0.9521
vn -0.0399 -0.9761 0.2135
vn 0.9488 -0.0705 -0.3079
vn -0.3090 0.8147 0.4908
vn 0.9558 -0.0482 -0.2901
vn 0.9489 -0.0696 -0.3079
vn 0.9489 -0.0695 -0.3079
vn 0.0292 -0.9958 0.0872
vn 0.0412 -0.9822 0.1833
vn 0.0411 -0.9822 0.1833
vn -0.4465 -0.0000 -0.8948
vn 0.0292 -0.9958 0.0873
vn 0.1627 0.0273 -0.9863
vn 0.9351 -0.0273 -0.3532
vn 0.1628 0.0273 -0.9863
vn -0.7723 0.0544 -0.6330
vn -0.9351 0.0272 0.3534
vn -0.7723 0.0544 -0.6329
vn 0.7723 -0.0545 0.6329
vn -0.9351 0.0272 0.3533
vn -0.1628 -0.0273 0.9863
vn -0.7522 0.4836 0.4476
vn -0.1627 -0.0273 0.9863
vn -0.5426 0.7763 0.3209
vn -0.7522 0.4835 0.4476
vn -0.9603 0.0001 0.2789
vn -0.5426 0.7762 0.3209
vn -0.9603 -0.0000 0.2789
vn -0.9603 -0.0000 0.2790
vn -0.9603 -0.0001 0.2790
vn -0.5792 0.7599 -0.2951
vn -0.5793 0.7598 -0.2951
vn -0.3543 0.7763 -0.5213
vn -0.3544 0.7762 -0.5214
vn -0.4729 0.7763 -0.4169
vn -0.4702 0.5480 -0.6918
vn -0.3543 0.7763 -0.5214
vn 0.7723 -0.0546 0.6329
vn 0.0931 0.8990 0.4279
vn 0.0931 0.8990 0.4280
vn 0.7722 -0.0546 0.6330
vn -0.0076 0.9994 -0.0338
vn -0.0076 0.9994 -0.0339
vn -0.0065 0.9995 -0.0297
vn -0.0064 0.9995 -0.0297
vn 0.0943 0.9018 0.4217
vn 0.0942 0.9018 0.4217
vn 0.0402 0.9043 0.4250
vn -0.0077 0.9994 -0.0338
vn 0.3867 0.9219 0.0234
vn -0.0609 0.9981 0.0081
vn -0.0657 0.9916 0.1111
vn -0.0360 0.9916 0.1241
vn -0.0360 0.9916 0.1240
vn -0.6082 0.5155 0.6036
vn -0.6082 0.5154 0.6037
vn -0.6081 0.5155 0.6037
vn 0.9224 -0.0271 0.3852
vn -0.9224 0.0273 -0.3852
vn -0.1288 -0.0275 -0.9913
vn -0.1288 -0.0274 -0.9913
vn 0.0401 0.9987 -0.0305
vn 0.1288 0.0272 0.9913
vn -0.5927 0.7628 0.2587
vn -0.5927 0.7627 0.2587
vn -0.0438 0.9916 -0.1214
vn 0.7689 -0.0000 0.6393
vn 0.0704 0.9036 -0.4226
vn -0.1643 -0.0000 0.9864
vn 0.7766 -0.1001 0.6220
vn 0.0015 0.9997 0.0249
vn 0.1892 0.9671 -0.1703
vn 0.0016 0.9997 0.0249
vn 0.0082 0.9986 -0.0515
vn 0.1892 0.9671 -0.1701
vn 0.0081 0.9986 -0.0516
vn 0.0082 0.9986 -0.0516
vn -0.3096 -0.1273 -0.9423
vn -0.3099 -0.1273 -0.9422
vn -0.0661 0.0798 -0.9946
vn -0.8100 0.0001 0.5864
vn -0.0536 0.5889 -0.8064
vn -0.0661 0.0799 -0.9946
vn -0.1544 0.5876 -0.7943
vn -0.0535 0.5889 -0.8064
vn 0.9577 0.0395 -0.2852
vn -0.1545 0.5877 -0.7942
vn 0.9577 0.0394 -0.2852
vn -0.1807 -0.8154 -0.5500
vn -0.1808 -0.8154 -0.5500
vn 0.9576 0.0393 -0.2853
vn 0.9576 0.0395 -0.2853
vn -0.9340 0.0002 0.3573
vn 0.3124 0.0001 0.9500
vn -0.9340 -0.0000 0.3573
vn -0.5388 0.0001 -0.8424
vn -0.5388 0.0005 -0.8424
vn 0.8796 -0.0000 -0.4758
vn 0.6283 -0.0000 0.7780
vn 0.0662 -0.0000 0.9978
vn 0.0663 -0.0000 0.9978
vn -0.4289 -0.0000 -0.9034
vn -0.4289 -0.0000 -0.9033
vn -0.4290 -0.0000 -0.9033
vn 0.9561 -0.0134 -0.2926
vn 0.0524 0.6121 0.7890
vn 0.0524 0.6121 0.7891
vn -0.0462 0.6117 0.7897
vn -0.0358 -0.7976 0.6021
vn -0.0357 -0.7976 0.6021
vn -0.9973 0.0162 -0.0716
vn -0.9973 0.0162 -0.0715
vn -0.0471 0.6108 0.7904
vn -0.0129 -0.9762 0.2163
vn -0.0128 -0.9762 0.2164
vn -0.0128 -0.9762 0.2163
vn -0.9433 -0.0000 -0.3319
vn -0.9433 -0.0001 -0.3321
vn 0.9630 -0.0520 -0.2645
vn 0.9630 -0.0521 -0.2645
vn 0.9641 -0.0399 -0.2626
vn -0.9512 0.0078 0.3084
vn -0.0500 -0.9737 -0.2225
vn 0.0355 -0.9961 0.0808
vn -0.3005 -0.3201 -0.8985
vn -0.3006 -0.3200 -0.8985
vn -0.3006 -0.3200 -0.8984
vn 0.0324 -0.9974 0.0649
vn 0.0324 -0.9974 0.0648
vn 0.0323 -0.9974 0.0648
vn 0.1628 0.0272 -0.9863
vn 0.1627 0.0270 -0.9863
vn 0.9352 -0.0272 -0.3532
vn 0.9351 -0.0274 -0.3533
vn -0.7722 0.0545 -0.6330
vn 0.7723 -0.0545 0.6330
vn 0.7722 -0.0544 0.6330
vn -0.7363 0.3765 0.5623
vn -0.5433 0.7747 0.3234
vn -0.7362 0.3765 0.5623
vn -0.7362 0.3765 0.5624
vn -0.8608 -0.0000 0.5090
vn -0.5434 0.7747 0.3233
vn -0.9603 -0.0001 0.2789
vn -0.8608 -0.0000 0.5089
vn -0.8608 0.0001 0.5090
vn -0.8910 -0.0000 -0.4539
vn -0.9759 -0.0000 -0.2182
vn -0.7501 -0.0000 -0.6613
vn -0.8910 -0.0000 -0.4540
vn -0.5620 -0.0000 -0.8271
vn -0.5621 -0.0000 -0.8271
vn -0.9516 0.0077 0.3073
vn -0.0100 0.9995 -0.0298
vn -0.9516 0.0077 0.3074
vn -0.9516 -0.0000 0.3074
vn 0.2001 0.8940 0.4010
vn 0.0017 0.9996 -0.0291
vn -0.0099 0.9995 -0.0298
vn 0.1179 0.9657 0.2314
vn 0.0699 0.9475 0.3119
vn 0.0700 0.9475 0.3119
vn 0.4836 0.8548 0.1883
vn 0.4836 0.8548 0.1884
vn -0.0183 0.9987 -0.0471
vn -0.0182 0.9987 -0.0470
vn -0.0181 0.9987 -0.0468
vn -0.3208 0.7763 0.5427
vn -0.3208 0.7763 0.5426
vn -0.1758 0.7763 0.6053
vn -0.1758 0.7763 0.6054
vn -0.4476 0.7761 0.4442
vn -0.4475 0.7762 0.4442
vn 0.7936 -0.0544 -0.6059
vn 0.7936 -0.0543 -0.6061
vn 0.9224 -0.0272 0.3853
vn -0.1288 -0.0272 -0.9913
vn 0.7935 -0.0546 -0.6061
vn -0.1288 -0.0273 -0.9913
vn 0.7935 -0.0547 -0.6061
vn 0.7935 -0.0546 -0.6062
vn -0.2135 0.7763 -0.5931
vn -0.7936 0.0546 0.6060
vn 0.7660 -0.1028 0.6345
vn 0.0685 0.8992 -0.4322
vn 0.7661 -0.1028 0.6345
vn 0.0684 0.8992 -0.4321
vn -0.0042 0.9996 0.0265
vn 0.7461 -0.1075 0.6570
vn -0.0043 0.9996 0.0265
vn -0.0044 0.9996 0.0265
vn 0.4548 0.8899 -0.0354
vn 0.7461 -0.1075 0.6571
vn -0.6323 0.1255 -0.7645
vn 0.4548 0.8899 -0.0355
vn -0.6323 0.1254 -0.7645
vn -0.0707 -0.9741 -0.2150
vn -0.0707 -0.9741 -0.2149
vn -0.1891 -0.1276 -0.9736
vn -0.0706 -0.9740 -0.2151
vn -0.1892 -0.1277 -0.9736
vn -0.8101 -0.0001 0.5863
vn -0.8101 -0.0000 0.5863
vn -0.0659 0.0797 -0.9946
vn -0.0535 0.5888 -0.8065
vn -0.0535 0.5889 -0.8065
vn -0.0660 0.0798 -0.9946
vn -0.0537 0.5889 -0.8064
vn 0.9725 -0.0000 -0.2330
vn 0.9725 -0.0000 -0.2329
vn -0.9340 0.0001 0.3573
vn -0.3227 0.8009 -0.5044
vn -0.3226 0.8009 -0.5045
vn -0.9340 -0.0000 0.3572
vn -0.3226 0.8009 -0.5044
vn -0.0051 -0.9985 -0.0536
vn -0.0051 -0.9986 -0.0536
vn 0.9558 -0.0156 -0.2936
vn 0.9558 -0.0155 -0.2936
vn -0.0075 0.9994 -0.0338
vn 0.9528 -0.1035 -0.2853
vn 0.9528 -0.1033 -0.2855
vn 0.0523 0.6121 0.7890
vn 0.9528 -0.1033 -0.2854
vn -0.0469 0.6109 0.7903
vn -0.0358 -0.7977 0.6020
vn 0.0358 0.7976 -0.6021
vn 0.0357 0.7976 -0.6021
vn 0.0657 -0.1322 0.9890
vn -0.0129 -0.9762 0.2164
vn 0.0657 -0.1321 0.9891
vn -0.3057 -0.0001 0.9521
vn -0.9432 0.0001 -0.3321
vn 0.9514 -0.1063 -0.2891
vn 0.9514 -0.1063 -0.2890
vn 0.9674 -0.0118 -0.2529
vn 0.9514 -0.1062 -0.2890
vn 0.0699 0.9475 0.3121
vn 0.9674 -0.0118 -0.2530
vn -0.9515 0.0078 0.3075
vn 0.0699 0.9475 0.3120
vn -0.9515 0.0078 0.3074
vn 0.0757 -0.9822 0.1721
vn -0.0500 -0.9736 -0.2225
vn -0.3006 -0.3202 -0.8984
vn 0.0387 -0.9981 0.0480
vn 0.0389 -0.9981 0.0480
vn -0.6612 -0.0000 -0.7502
vn -0.6613 -0.0000 -0.7501
vn 0.9351 -0.0272 -0.3533
vn -0.9352 0.0269 0.3532
vn -0.9351 0.0269 0.3533
vn -0.7722 0.0544 -0.6330
vn 0.9351 -0.0272 -0.3532
vn 0.7723 -0.0544 0.6330
vn -0.1628 -0.0270 0.9863
vn -0.4478 0.7740 0.4478
vn -0.4477 0.7740 0.4478
vn -0.7070 -0.0001 0.7072
vn -0.7070 0.0001 0.7072
vn -0.7070 -0.0000 0.7072
vn -0.9603 0.0001 0.2790
vn -0.8910 -0.0001 -0.4541
vn -0.8910 -0.0000 -0.4541
vn -0.2134 0.7764 -0.5931
vn -0.4464 -0.0000 -0.8948
vn -0.9516 0.0077 0.3071
vn -0.4466 -0.0000 -0.8948
vn -0.9516 0.0075 0.3074
vn -0.9515 0.0075 0.3074
vn -0.9517 0.0077 0.3071
vn -0.9515 0.0075 0.3075
vn -0.0124 0.9995 -0.0283
vn -0.2971 -0.3200 -0.8996
vn -0.3007 -0.3199 -0.8985
vn 0.1991 0.8987 0.3908
vn -0.0165 0.9995 -0.0257
vn 0.1443 0.9187 0.3677
vn -0.9514 0.0102 0.3079
vn 0.1444 0.9187 0.3677
vn 0.0792 0.5390 0.8386
vn -0.9514 0.0101 0.3079
vn -0.0177 0.9987 -0.0469
vn -0.0178 0.9988 -0.0467
vn -0.0184 0.9987 -0.0468
vn -0.0171 0.9988 -0.0467
vn -0.0183 0.9987 -0.0468
vn -0.0175 0.9987 -0.0479
vn -0.0183 0.9987 -0.0467
vn -0.0175 0.9987 -0.0478
vn -0.1759 0.7763 0.6054
vn -0.3209 0.7763 0.5426
vn -0.0167 0.7734 0.6336
vn -0.0198 0.7763 0.6301
vn 0.7936 -0.0544 -0.6060
vn 0.7936 -0.0544 -0.6061
vn 0.7936 -0.0545 -0.6060
vn 0.9225 -0.0272 0.3852
vn 0.1288 0.0273 0.9913
vn 0.1287 0.0230 0.9914
vn -0.0376 0.7747 -0.6312
vn -0.0376 0.7746 -0.6313
vn -0.0377 0.7748 -0.6311
vn 0.5745 -0.1399 0.8065
vn 0.1702 0.9068 -0.3857
vn -0.4037 -0.0000 0.9149
vn -0.0061 0.9996 0.0285
vn -0.0061 0.9996 0.0286
vn 0.7260 -0.1919 0.6604
vn 0.7259 -0.1919 0.6605
vn -0.0760 0.3849 -0.9198
vn -0.0178 0.9987 0.0470
vn -0.0252 0.9988 0.0426
vn -0.0177 0.9987 0.0471
vn -0.0178 0.9987 0.0471
vn 0.1087 0.9514 -0.2880
vn 0.1088 0.9514 -0.2880
vn 0.1088 0.9514 -0.2881
vn -0.1893 -0.1276 -0.9736
vn -0.1892 -0.1276 -0.9736
vn 0.0591 0.0798 -0.9951
vn -0.0536 0.5889 -0.8065
vn 0.0592 0.0798 -0.9951
vn -0.9967 0.0186 0.0796
vn -0.9967 0.0186 0.0795
vn 0.9725 0.0001 -0.2329
vn 0.9725 0.0001 -0.2330
vn 0.3124 -0.0000 0.9499
vn -0.9340 -0.0002 0.3573
vn 0.0939 -0.0000 0.9956
vn -0.0037 -0.9984 -0.0572
vn 0.0940 -0.0000 0.9956
vn -0.0592 -0.0001 0.9982
vn -0.0037 -0.9984 -0.0571
vn -0.0593 -0.0001 0.9982
vn -0.0593 -0.0000 0.9982
vn -0.5387 0.0002 -0.8425
vn 0.9474 -0.1175 -0.2977
vn -0.0075 0.9994 -0.0337
vn 0.0656 -0.1321 0.9891
vn 0.9987 0.0434 0.0264
vn 0.9987 0.0434 0.0265
vn 0.9987 0.0435 0.0265
vn -0.9957 -0.0001 -0.0924
vn -0.0593 0.0001 0.9982
vn 0.0358 0.7977 -0.6020
vn -0.9957 -0.0000 -0.0925
vn 0.0144 -0.9764 0.2157
vn 0.0143 -0.9764 0.2157
vn 0.0144 -0.9763 0.2158
vn -0.1762 0.8172 0.5488
vn -0.9512 0.0123 0.3084
vn -0.9514 0.0080 0.3079
vn 0.0758 -0.9822 0.1721
vn 0.9514 0.0110 -0.3079
vn 0.0757 -0.9822 0.1722
vn 0.9501 0.0079 -0.3120
vn 0.9514 0.0110 -0.3078
vn 0.9514 0.0109 -0.3078
vn -0.3006 -0.3201 -0.8984
vn 0.9500 0.0079 -0.3120
vn 0.9500 0.0078 -0.3120
vn -0.9215 -0.1307 -0.3658
vn 0.0365 -0.9985 0.0413
vn -0.9215 -0.1307 -0.3657
vn 0.0364 -0.9985 0.0413
vn -0.9351 0.0276 0.3533
vn 0.9351 -0.0273 -0.3533
vn 0.7723 -0.0543 0.6330
vn 0.7723 -0.0542 0.6330
vn -0.7071 -0.0000 0.7071
vn -0.1627 -0.0270 0.9863
vn -0.7071 -0.0000 0.7072
vn -0.7501 0.0001 -0.6613
vn -0.7501 -0.0001 -0.6613
vn -0.7500 -0.0000 -0.6614
vn -0.3387 -0.0000 -0.9409
vn -0.0125 0.9996 -0.0250
vn -0.0125 0.9996 -0.0251
vn -0.3388 -0.0000 -0.9409
vn -0.9520 0.0088 0.3061
vn -0.9513 0.0102 0.3080
vn 0.9500 -0.0000 -0.3123
vn 0.9499 0.0077 -0.3123
vn -0.0140 0.9994 -0.0318
vn -0.0138 0.9994 -0.0318
vn -0.0139 0.9994 -0.0318
vn 0.2900 0.8987 0.3289
vn 0.2126 0.9771 -0.0110
vn 0.2127 0.9771 -0.0109
vn -0.9516 0.0098 0.3073
vn -0.9515 0.0098 0.3073
vn -0.0100 -0.9980 -0.0628
vn -0.0061 -0.9979 -0.0644
vn -0.9516 0.0097 0.3073
vn 0.3497 0.2914 0.8904
vn -0.0061 -0.9979 -0.0642
vn -0.9886 -0.0273 -0.1482
vn -0.3650 -0.0545 -0.9294
vn -0.3649 -0.0545 -0.9294
vn -0.9886 -0.0272 -0.1482
vn -0.0184 0.9987 -0.0469
vn -0.6236 0.0275 0.7813
vn -0.0183 0.9987 -0.0469
vn -0.2790 -0.0000 0.9603
vn -0.6237 0.0275 0.7812
vn -0.5090 -0.0000 0.8607
vn -0.5091 -0.0000 0.8607
vn -0.2791 -0.0000 0.9603
vn -0.5090 -0.0000 0.8608
vn -0.0137 0.7706 0.6371
vn -0.0314 -0.0000 0.9995
vn -0.0314 -0.0001 0.9995
vn 0.1287 0.0275 0.9913
vn -0.0617 0.7552 -0.6526
vn -0.0617 0.7552 -0.6525
vn 0.1704 0.9032 -0.3938
vn -0.0123 0.9995 0.0280
vn -0.0124 0.9995 0.0280
vn -0.0073 0.9994 0.0342
vn 0.9577 -0.0554 0.2823
vn 0.9577 -0.0554 0.2824
vn 0.1236 0.4817 -0.8676
vn -0.0177 0.9987 0.0470
vn -0.0179 0.9987 0.0471
vn -0.0178 0.9987 0.0472
vn -0.0178 0.9987 0.0469
vn 0.1392 0.9365 -0.3218
vn 0.1393 0.9365 -0.3218
vn -0.0432 -0.9741 -0.2218
vn -0.0431 -0.9741 -0.2219
vn -0.0657 -0.1279 -0.9896
vn 0.0591 0.0796 -0.9951
vn 0.0479 0.5901 -0.8059
vn 0.0478 0.5902 -0.8058
vn -0.0385 -0.8138 -0.5799
vn -0.0536 0.5888 -0.8065
vn -0.0657 -0.1280 -0.9896
vn 0.0385 0.8138 0.5798
vn 0.0385 0.8138 0.5799
vn -0.9967 0.0187 0.0796
vn 0.9724 0.0075 -0.2334
vn 0.9725 0.0002 -0.2330
vn -0.3123 0.0001 -0.9500
vn 0.0002 1.0000 0.0004
vn -0.1644 -0.0000 0.9864
vn -0.1642 -0.0000 0.9864
vn 0.0109 -0.9978 -0.0654
vn -0.0594 -0.0000 0.9982
vn 0.2631 0.5592 0.7862
vn 0.2630 0.5592 0.7862
vn -0.5387 -0.0001 -0.8425
vn -0.9516 0.0099 0.3072
vn 0.2175 -0.1322 0.9671
vn 0.9996 -0.0000 -0.0296
vn -0.0592 -0.0000 0.9982
vn 0.0593 -0.0001 -0.9982
vn 0.0593 -0.0002 -0.9982
vn 0.0414 -0.9822 0.1833
vn 0.0412 -0.9822 0.1834
vn -0.9509 -0.0666 0.3023
vn -0.9509 -0.0665 0.3023
vn -0.0918 -0.9736 -0.2088
vn 0.9477 0.0064 -0.3192
vn 0.9476 0.0064 -0.3193
vn 0.9477 0.0064 -0.3191
vn 0.9500 0.0093 -0.3120
vn -0.9683 -0.2023 -0.1465
vn -0.9955 -0.0876 -0.0355
vn -0.9718 -0.0000 -0.2357
vn -0.9955 -0.0876 -0.0354
vn -0.8271 -0.0000 -0.5620
vn 0.1627 0.0269 -0.9863
vn 0.9352 -0.0268 -0.3532
vn 0.9352 -0.0269 -0.3532
vn -0.5621 -0.0000 -0.8270
vn -0.3388 0.0002 -0.9409
vn -0.0170 0.9997 -0.0194
vn -0.6614 -0.0000 -0.7501
vn -0.0170 0.9997 -0.0193
vn -0.0139 0.9994 -0.0317
vn -0.9429 -0.0495 0.3293
vn 0.2901 0.8987 0.3289
vn 0.0352 0.9986 0.0399
vn 0.2900 0.8987 0.3290
vn -0.9516 0.0099 0.3073
vn -0.9516 0.0100 0.3073
vn 0.1329 0.7706 0.6233
vn 0.4132 0.4146 0.8108
vn -0.6235 0.0270 0.7813
vn 0.4132 0.4145 0.8108
vn -0.6236 0.0270 0.7813
vn -0.6236 0.0271 0.7813
vn -0.9886 -0.0273 -0.1483
vn 0.3650 0.0546 0.9294
vn -0.0313 0.0001 0.9995
vn -0.0313 -0.0000 0.9995
vn 0.2181 -0.0001 0.9759
vn 0.2181 -0.0000 0.9759
vn -0.2790 -0.0002 0.9603
vn 0.7936 -0.0542 -0.6060
vn 0.9225 -0.0272 0.3851
vn -0.1288 -0.0270 -0.9913
vn -0.0941 -0.0001 -0.9956
vn 0.0399 0.9987 -0.0306
vn 0.0812 0.7564 -0.6491
vn -0.0942 -0.0002 -0.9956
vn -0.0942 -0.0000 -0.9956
vn 0.9527 -0.0607 0.2976
vn 0.0812 0.7563 -0.6491
vn 0.2638 0.9026 -0.3401
vn 0.9528 -0.0607 0.2976
vn -0.6129 -0.0000 0.7902
vn 0.2639 0.9026 -0.3402
vn -0.0088 0.9996 0.0254
vn -0.6130 -0.0000 0.7901
vn 0.9573 -0.0487 0.2851
vn -0.0072 0.9994 0.0342
vn 0.9575 -0.0603 0.2819
vn 0.3789 0.2999 -0.8755
vn 0.9575 -0.0602 0.2819
vn -0.9866 -0.0275 0.1611
vn 0.3788 0.2999 -0.8755
vn 0.3788 0.3000 -0.8755
vn -0.9866 -0.0274 0.1611
vn 0.3256 0.3883 -0.8621
vn -0.6337 0.0273 -0.7731
vn 0.3256 0.3884 -0.8621
vn -0.6338 0.0273 -0.7730
vn 0.3554 0.9345 -0.0172
vn 0.3553 0.9346 -0.0171
vn -0.0176 0.9987 0.0470
vn 0.3554 0.9346 -0.0172
vn -0.0077 0.9988 0.0486
vn -0.0431 -0.9741 -0.2218
vn -0.0149 -0.9742 -0.2251
vn -0.0150 -0.9742 -0.2251
vn -0.0430 -0.9741 -0.2218
vn 0.9580 -0.0134 0.2866
vn 0.9580 -0.0135 0.2866
vn 0.9556 -0.0953 0.2789
vn 0.0479 0.5902 -0.8058
vn 0.9556 -0.0953 0.2790
vn 0.9984 0.0435 -0.0353
vn 0.9984 0.0434 -0.0353
vn -0.0386 -0.8138 -0.5798
vn -0.0386 -0.8139 -0.5798
vn 0.9984 0.0435 -0.0352
vn -0.0385 -0.8139 -0.5798
vn 0.9984 0.0434 -0.0352
vn 0.0587 -0.1283 -0.9900
vn 0.0588 -0.1283 -0.9900
vn 0.0385 0.8137 0.5799
vn 0.0662 -0.0002 0.9978
vn 0.0587 -0.1282 -0.9900
vn -0.9945 -0.0000 0.1051
vn -0.9945 0.0001 0.1051
vn -0.9945 -0.0001 0.1051
vn -0.1866 0.8018 -0.5677
vn -0.1867 0.8018 -0.5677
vn -0.1839 -0.0000 0.9829
vn -0.1839 0.0001 0.9829
vn -0.1643 0.0001 0.9864
vn -0.1840 -0.0000 0.9829
vn 0.0163 -0.9969 -0.0765
vn -0.1839 -0.0002 0.9830
vn -0.1839 -0.0001 0.9830
vn -0.6402 -0.0000 -0.7682
vn 0.2631 0.5591 0.7862
vn -0.6401 -0.0000 -0.7683
vn 0.2170 -0.1323 0.9672
vn 0.9996 -0.0000 -0.0297
vn 0.2170 -0.1324 0.9671
vn 0.0411 -0.9764 0.2119
vn 0.0412 -0.9764 0.2119
vn -0.9409 -0.0657 0.3322
vn -0.0919 -0.9736 -0.2088
vn 0.9493 0.0173 -0.3139
vn 0.9493 0.0173 -0.3138
vn -0.0920 -0.9736 -0.2088
vn 0.9493 0.0174 -0.3139
vn 0.9485 0.0157 -0.3164
vn 0.9475 0.0063 -0.3196
vn 0.9485 0.0157 -0.3163
vn -0.9683 -0.2022 -0.1465
vn 0.9475 0.0062 -0.3196
vn 0.9476 -0.0000 -0.3196
vn -0.9993 -0.0000 -0.0373
vn -0.9993 -0.0000 -0.0372
vn -0.8271 -0.0000 -0.5621
vn -0.0940 0.0001 -0.9956
vn -0.0941 0.0001 -0.9956
vn -0.0941 -0.0000 -0.9956
vn -0.0001 0.9998 -0.0180
vn -0.8270 -0.0000 -0.5621
vn 0.1286 0.9475 0.2927
vn 0.1286 0.9475 0.2926
vn -0.9299 -0.0383 0.3658
vn -0.9299 -0.0382 0.3658
vn -0.9417 -0.0561 0.3318
vn -0.9417 -0.0562 0.3318
vn 0.3623 0.8989 0.2462
vn 0.3623 0.8989 0.2463
vn -0.0827 0.9312 0.3550
vn -0.0827 0.9311 0.3553
vn -0.0827 0.9311 0.3552
vn -0.0184 0.9987 -0.0467
vn 0.1375 0.7763 0.6152
vn -0.1279 0.2517 0.9593
vn -0.1278 0.2517 0.9593
vn -0.1280 0.2517 0.9593
vn 0.2862 0.7763 0.5616
vn -0.6236 0.0272 0.7813
vn -0.9886 -0.0240 -0.1483
vn -0.3650 -0.0515 -0.9296
vn -0.3650 -0.0544 -0.9294
vn 0.6236 -0.0275 -0.7813
vn 0.6236 -0.0273 -0.7813
vn 0.6236 -0.0272 -0.7813
vn -0.3325 0.8732 0.3563
vn -0.3324 0.8732 0.3564
vn 0.9886 0.0272 0.1482
vn 0.3650 0.0544 0.9294
vn 0.3650 0.0513 0.9296
vn 0.2182 -0.0000 0.9759
vn 0.7936 -0.0548 -0.6060
vn 0.7936 -0.0547 -0.6060
vn 0.1564 -0.0000 -0.9877
vn 0.1565 -0.0000 -0.9877
vn 0.0986 0.7763 -0.6226
vn 0.0986 0.7763 -0.6227
vn 0.0390 -0.9824 -0.1826
vn 0.0390 -0.9824 -0.1827
vn 0.2640 0.9026 -0.3401
vn 0.2638 0.9026 -0.3402
vn 0.2639 0.9026 -0.3400
vn -0.0149 0.9997 0.0192
vn -0.0149 0.9997 0.0193
vn -0.0113 0.9996 0.0265
vn -0.3084 -0.3199 0.8958
vn -0.3084 -0.3200 0.8958
vn -0.3085 -0.3199 0.8958
vn 0.9665 -0.0392 0.2536
vn 0.9665 -0.0392 0.2538
vn -0.9556 0.0074 -0.2946
vn 0.0669 0.9469 -0.3146
vn 0.0670 0.9468 -0.3147
vn 0.9620 -0.0545 0.2676
vn 0.2503 0.7763 -0.5785
vn -0.6338 0.0272 -0.7730
vn -0.9866 -0.0271 0.1612
vn -0.9866 -0.0269 0.1612
vn -0.9866 -0.0241 0.1613
vn -0.3527 -0.0545 0.9341
vn -0.3528 -0.0514 0.9343
vn 0.5318 0.4972 -0.6855
vn 0.5318 0.4972 -0.6856
vn 0.5318 0.4971 -0.6856
vn 0.3528 0.0541 -0.9341
vn 0.3528 0.0542 -0.9341
vn 0.3528 0.0543 -0.9341
vn 0.0333 0.9985 -0.0429
vn -0.0149 -0.9742 -0.2252
vn 0.0133 -0.9743 -0.2247
vn -0.0072 0.9994 0.0343
vn 0.0133 -0.9743 -0.2248
vn 0.9583 -0.0154 0.2853
vn 0.9519 -0.1000 0.2895
vn 0.9583 -0.0154 0.2852
vn 0.9997 -0.0000 0.0242
vn 0.0134 -0.9743 -0.2247
vn 0.0134 -0.9743 -0.2249
vn 0.0662 -0.0001 0.9978
vn -0.9945 -0.0001 0.1050
vn -0.9945 -0.0000 0.1050
vn -0.1866 0.8018 -0.5676
vn -0.1840 -0.0001 0.9829
vn -0.4037 -0.0001 0.9149
vn -0.4038 -0.0000 0.9149
vn 0.0268 -0.9966 -0.0778
vn 0.0389 -0.9824 -0.1826
vn 0.0268 -0.9966 -0.0779
vn 0.0267 -0.9966 -0.0778
vn -0.0078 1.0000 0.0035
vn 0.9498 0.0191 -0.3124
vn 0.9498 0.0192 -0.3124
vn 0.3146 -0.1328 0.9399
vn 0.3145 -0.1328 0.9399
vn 0.0456 -0.9780 0.2034
vn 0.3145 -0.1327 0.9399
vn 0.9996 0.0001 -0.0297
vn 0.0592 -0.0000 -0.9982
vn -0.9388 -0.0631 0.3387
vn -0.9388 -0.0631 0.3385
vn 0.0758 -0.9822 0.1720
vn -0.9388 -0.0632 0.3386
vn 0.9498 0.0183 -0.3124
vn 0.0756 -0.9822 0.1720
vn 0.9497 0.0181 -0.3127
vn 0.9497 0.0183 -0.3126
vn 0.1285 0.9476 0.2926
vn 0.9497 0.0182 -0.3127
vn -0.9861 -0.1012 -0.1319
vn 0.1285 0.9475 0.2927
vn -0.9861 -0.1011 -0.1318
vn -0.9962 -0.0852 -0.0192
vn -0.9962 -0.0853 -0.0194
vn -0.9409 -0.0000 -0.3387
vn -0.2790 0.0001 0.9603
vn -0.2789 -0.0000 0.9603
vn -0.9409 -0.0000 -0.3388
vn -0.2791 -0.0001 0.9603
vn -0.0942 -0.0001 -0.9956
vn -0.9277 -0.0114 0.3731
vn -0.9327 -0.1233 0.3389
vn -0.9327 -0.1232 0.3390
vn 0.3624 0.8989 0.2462
vn 0.3624 0.8989 0.2463
vn 0.1521 0.9829 0.1034
vn 0.1521 0.9829 0.1035
vn 0.1521 0.9830 0.1033
vn 0.0854 0.9916 0.0968
vn 0.0853 0.9916 0.0968
vn 0.2861 0.7763 0.5617
vn 0.2861 0.7763 0.5618
vn -0.6236 0.0273 0.7813
vn 0.9886 0.0273 0.1482
vn 0.2182 0.0001 0.9759
vn 0.2181 0.0001 0.9759
vn 0.2180 0.0001 0.9759
vn -0.0314 -0.0002 0.9995
vn 0.4540 -0.0000 0.8910
vn 0.4540 0.0001 0.8910
vn 0.1564 -0.0002 -0.9877
vn -0.0472 -0.9740 0.2217
vn -0.0473 -0.9740 0.2217
vn 0.3413 0.9019 -0.2647
vn 0.3413 0.9019 -0.2646
vn -0.7902 -0.0000 0.6129
vn -0.9879 -0.1406 -0.0652
vn -0.0137 0.9994 0.0322
vn -0.9879 -0.1406 -0.0653
vn -0.0139 0.9994 0.0322
vn 0.9604 -0.0827 0.2659
vn 0.9692 -0.0000 0.2462
vn 0.9691 -0.0117 0.2462
vn 0.9691 -0.0118 0.2462
vn -0.9556 0.0072 -0.2945
vn -0.9556 0.0071 -0.2945
vn 0.0665 0.9469 -0.3146
vn 0.0665 0.9469 -0.3147
vn 0.2503 0.7764 -0.5785
vn -0.6337 0.0272 -0.7731
vn 0.2504 0.7763 -0.5785
vn -0.3528 -0.0542 0.9341
vn -0.3528 -0.0543 0.9341
vn -0.9866 -0.0272 0.1611
vn 0.3308 0.8234 0.4611
vn 0.6337 -0.0271 0.7731
vn 0.6338 -0.0271 0.7730
vn -0.4255 0.7141 -0.5559
vn 0.3863 0.7763 -0.4981
vn -0.4256 0.7140 -0.5559
vn 0.3528 0.0544 -0.9341
vn 0.3864 0.7763 -0.4981
vn 0.9866 0.0272 -0.1611
vn 0.9865 0.0272 -0.1612
vn 0.0388 -0.9824 -0.1827
vn 0.0388 -0.9824 -0.1826
vn 0.2056 -0.1285 -0.9702
vn 0.2059 -0.1285 -0.9701
vn -0.0662 0.0001 -0.9978
vn -0.0663 0.0001 -0.9978
vn 0.9997 -0.0001 0.0241
vn 0.0464 -0.9744 -0.2200
vn 0.0662 0.0001 0.9978
vn -0.0002 1.0000 -0.0000
vn -0.4038 -0.0000 0.9148
vn -0.9559 0.0068 -0.2938
vn 0.0315 -0.9970 -0.0713
vn -0.9558 0.0068 -0.2938
vn 0.0314 -0.9970 -0.0714
vn -0.7314 -0.0000 -0.6820
vn 0.0675 -0.9764 0.2050
vn 0.0675 -0.9764 0.2051
vn 0.0674 -0.9764 0.2051
vn -0.0340 0.8193 0.5723
vn -0.0340 0.8193 0.5724
vn 0.9506 0.0212 -0.3096
vn 0.0758 -0.9822 0.1722
vn -0.2078 -0.0000 -0.9782
vn 0.0334 -0.9994 0.0120
vn 0.0333 -0.9994 0.0120
vn -0.2079 -0.0000 -0.9781
vn 0.1565 0.0001 -0.9877
vn 0.1564 0.0002 -0.9877
vn -0.9439 -0.0157 0.3298
vn -0.9409 -0.0001 -0.3388
vn -0.9389 -0.1420 0.3137
vn -0.9389 -0.1419 0.3137
vn 0.4116 0.8993 0.1481
vn -0.9389 -0.1419 0.3136
vn 0.4135 0.8993 0.1424
vn 0.1521 0.9829 0.1033
vn 0.1068 0.9916 0.0726
vn 0.4169 0.7763 0.4728
vn 0.4168 0.7763 0.4729
vn 0.3650 0.0545 0.9294
vn -0.6235 0.0272 0.7813
vn -0.9886 -0.0270 -0.1482
vn -0.9886 -0.0271 -0.1482
vn -0.3651 -0.0544 -0.9294
vn -0.3651 -0.0546 -0.9294
vn -0.3651 -0.0545 -0.9294
vn 0.6237 -0.0272 -0.7812
vn 0.6237 -0.0273 -0.7812
vn 0.9886 0.0272 0.1481
vn 0.3971 -0.0001 -0.9178
vn 0.3971 -0.0000 -0.9178
vn 0.3971 0.0001 -0.9178
vn -0.9560 0.0047 -0.2932
vn 0.3972 -0.0000 -0.9177
vn 0.3414 0.9019 -0.2647
vn 0.3413 0.9019 -0.2648
vn -0.9560 0.0048 -0.2932
vn -0.7901 -0.0000 0.6130
vn -0.7902 0.0001 0.6129
vn -0.9448 -0.0571 -0.3227
vn -0.9447 -0.0571 -0.3228
vn -0.9989 -0.0000 -0.0474
vn -0.9989 -0.0001 -0.0474
vn 0.9540 0.0097 0.2997
vn 0.9540 0.0098 0.2997
vn -0.9989 -0.0000 -0.0475
vn 0.9542 0.0080 0.2990
vn -0.9556 0.0073 -0.2944
vn -0.9556 0.0073 -0.2946
vn -0.9557 0.0071 -0.2944
vn -0.9556 0.0074 -0.2945
vn 0.3527 0.0545 -0.9341
vn -0.3528 -0.0544 0.9341
vn -0.6338 0.0272 -0.7731
vn -0.9866 -0.0273 0.1611
vn -0.3527 -0.0544 0.9341
vn 0.6338 -0.0274 0.7730
vn -0.9866 -0.0272 0.1612
vn -0.4202 0.6816 -0.5991
vn 0.6337 -0.0273 0.7731
vn 0.6337 -0.0272 0.7731
vn -0.4202 0.6815 -0.5991
vn 0.1020 0.9916 -0.0791
vn 0.1020 0.9916 -0.0792
vn 0.9866 0.0270 -0.1611
vn 0.9866 0.0271 -0.1611
vn -0.0001 -1.0000 0.0001
vn -0.9556 0.0056 -0.2946
vn -0.9556 0.0056 -0.2947
vn 0.2065 -0.1287 -0.9699
vn -0.9556 0.0057 -0.2947
vn 0.0466 -0.9745 -0.2196
vn 0.0466 -0.9745 -0.2197
vn 0.2065 -0.1286 -0.9700
vn 0.0466 -0.9744 -0.2198
vn -0.0664 -0.0000 -0.9978
vn 0.2743 0.5386 -0.7966
vn 0.2743 0.5386 -0.7967
vn -0.3058 -0.0001 0.9521
vn -0.6128 -0.0000 0.7902
vn -0.6128 -0.0001 0.7902
vn -0.9556 0.0071 -0.2944
vn -0.9557 0.0071 -0.2943
vn 0.0298 -0.9971 -0.0700
vn 0.9561 -0.0000 0.2929
vn 0.9561 0.0102 0.2929
vn 0.0298 -0.9971 -0.0699
vn 0.9561 0.0103 0.2929
vn 0.5370 0.0798 0.8398
vn -0.9444 -0.0137 0.3285
vn 0.5370 0.0797 0.8398
vn -0.7313 -0.0000 -0.6820
vn 0.3994 -0.1326 0.9071
vn 0.0682 -0.9766 0.2038
vn 0.3994 -0.1325 0.9071
vn 0.0682 -0.9766 0.2037
vn 0.0681 -0.9766 0.2038
vn -0.0340 0.8192 0.5725
vn -0.0340 0.8192 0.5724
vn -0.3286 -0.0845 -0.9407
vn 0.0347 -0.9993 0.0118
vn 0.0347 -0.9993 0.0117
vn -0.9956 0.0001 -0.0941
vn -0.9956 -0.0000 -0.0941
vn 0.0346 -0.9993 0.0117
vn -0.9409 0.0001 -0.3387
vn -0.9332 -0.1324 0.3342
vn -0.9332 -0.1324 0.3341
vn 0.4115 0.8993 0.1481
vn 0.4002 0.7917 -0.4615
vn 0.4002 0.7917 -0.4616
vn 0.4002 0.7918 -0.4615
vn 0.1068 0.9916 0.0725
vn 0.1067 0.9916 0.0726
vn 0.4169 0.7763 0.4729
vn -0.6236 0.0274 0.7813
vn -0.6236 0.0274 0.7812
vn -0.3650 -0.0543 -0.9294
vn 0.6236 -0.0273 -0.7812
vn 0.6236 -0.0274 -0.7813
vn 0.6613 -0.0000 0.7501
vn -0.9556 0.0056 -0.2945
vn 0.1453 0.9829 -0.1127
vn 0.3978 0.9012 -0.1721
vn 0.3978 0.9012 -0.1722
vn -0.9178 0.0001 0.3971
vn -0.9178 -0.0000 0.3971
vn -0.9446 -0.0490 -0.3244
vn -0.9445 -0.0490 -0.3248
vn -0.9881 -0.1452 -0.0501
vn -0.9881 -0.1452 -0.0500
vn 0.9518 0.0070 0.3066
vn 0.9518 0.0070 0.3065
vn 0.1261 0.9469 -0.2959
vn 0.9541 0.0100 0.2992
vn 0.9542 0.0100 0.2991
vn -0.9559 0.0050 -0.2937
vn -0.9558 0.0052 -0.2941
vn -0.9558 0.0052 -0.2940
vn 0.6129 -0.0000 -0.7902
vn 0.3527 0.0546 -0.9341
vn 0.3528 0.0545 -0.9341
vn -0.6338 0.0274 -0.7730
vn -0.6337 0.0274 -0.7731
vn 0.6338 -0.0272 0.7730
vn -0.3528 -0.0545 0.9341
vn -0.9866 -0.0270 0.1611
vn -0.9866 -0.0270 0.1612
vn 0.1452 0.9830 -0.1126
vn 0.9866 0.0273 -0.1611
vn 0.1453 0.9830 -0.1126
vn 0.1020 0.9916 -0.0790
vn 0.4981 0.7763 -0.3863
vn 0.6130 -0.0000 -0.7901
vn 0.4981 0.7763 -0.3862
vn 0.6129 -0.0000 -0.7901
vn -0.9556 0.0054 -0.2946
vn 0.3229 -0.1291 -0.9376
vn 0.3229 -0.1290 -0.9376
vn 0.3278 -0.1356 -0.9350
vn 0.0730 -0.9746 -0.2119
vn 0.0729 -0.9746 -0.2119
vn -0.0395 0.8034 -0.5941
vn -0.0335 0.8036 -0.5942
vn 0.2742 0.5386 -0.7967
vn 0.2743 0.5387 -0.7966
vn 0.9533 0.0223 0.3013
vn 0.9533 0.0222 0.3013
vn 0.9536 0.0234 0.3001
vn -0.4226 -0.0000 0.9063
vn -0.4226 -0.0001 0.9063
vn -0.6129 -0.0001 0.7901
vn -0.4283 0.0074 0.9036
vn 0.0339 -0.9985 -0.0437
vn -0.6129 0.0001 0.7902
vn 0.0734 -0.9824 -0.1720
vn 0.0734 -0.9823 -0.1721
vn -0.8111 -0.0000 -0.5849
vn -0.8111 0.0001 -0.5850
vn -0.8111 -0.0000 -0.5850
vn -0.8111 -0.0001 -0.5850
vn 0.3989 -0.1327 0.9074
vn 0.0885 -0.9785 0.1863
vn 0.3989 -0.1327 0.9073
vn 0.0885 -0.9785 0.1864
vn -0.1960 -0.0633 -0.9786
vn -0.2887 -0.0783 -0.9542
vn -0.1959 -0.0634 -0.9786
vn -0.1958 -0.0634 -0.9786
vn 0.0418 -0.9991 0.0039
vn -0.2887 -0.0782 -0.9542
vn -0.2889 -0.0782 -0.9542
vn -0.4167 -0.1939 -0.8881
vn -0.4166 -0.1939 -0.8882
vn -0.0177 0.9998 -0.0064
vn -0.9956 -0.0000 -0.0940
vn -0.0176 0.9998 -0.0063
vn 0.4248 0.6152 0.6642
vn 0.4344 0.8998 0.0411
vn 0.4247 0.6152 0.6642
vn 0.0531 0.9984 0.0191
vn 0.4343 0.8998 0.0410
vn 0.4343 0.8998 0.0411
vn 0.3504 0.8188 -0.4547
vn 0.0531 0.9984 0.0192
vn -0.1621 0.9672 0.1957
vn 0.3504 0.8188 -0.4548
vn 0.5213 0.7763 0.3543
vn 0.3649 0.0545 0.9294
vn 0.5214 0.7763 0.3543
vn 0.6236 -0.0270 -0.7813
vn 0.9886 0.0271 0.1483
vn 0.6236 -0.0269 -0.7813
vn 0.6129 0.0001 -0.7902
vn 0.2613 0.9609 0.0914
vn 0.3978 0.9011 -0.1722
vn -0.0262 0.9996 0.0113
vn -0.0261 0.9996 0.0113
vn -0.9178 -0.0001 0.3972
vn -0.2647 -0.0000 0.9643
vn -0.9440 -0.0563 -0.3251
vn -0.9440 -0.0563 -0.3250
vn -0.9329 -0.0388 -0.3580
vn -0.9879 0.0001 0.1553
vn -0.9879 -0.0000 0.1553
vn 0.9530 0.0211 0.3021
vn 0.9531 0.0211 0.3021
vn 0.9529 0.0209 0.3025
vn 0.1256 0.9469 -0.2960
vn 0.1255 0.9469 -0.2960
vn 0.9534 0.0091 0.3017
vn 0.6129 0.0001 -0.7901
vn 0.6128 -0.0000 -0.7902
vn 0.9866 0.0274 -0.1610
vn 0.9866 0.0273 -0.1610
vn 0.3529 0.0544 -0.9341
vn 0.6337 -0.0275 0.7731
vn 0.6338 -0.0275 0.7730
vn -0.9866 -0.0270 0.1610
vn -0.9865 -0.0270 0.1612
vn 0.2344 0.9601 0.1527
vn 0.2343 0.9601 0.1527
vn 0.4981 0.7762 -0.3864
vn 0.4981 0.7763 -0.3864
vn 0.4982 0.7762 -0.3864
vn 0.7898 0.0066 -0.6133
vn 0.7902 -0.0000 -0.6129
vn 0.3228 -0.1290 -0.9376
vn 0.3229 -0.1289 -0.9376
vn 0.0729 -0.9745 -0.2120
vn -0.0394 0.8034 -0.5942
vn -0.0394 0.8034 -0.5941
vn 0.2742 0.5387 -0.7966
vn -0.0137 0.9994 0.0323
vn 0.9538 0.0228 0.2997
vn 0.9538 0.0226 0.2997
vn 0.9538 0.0227 0.2997
vn -0.7902 -0.0000 0.6128
vn -0.7902 -0.0001 0.6128
vn -0.9529 -0.0804 -0.2925
vn -0.0891 -0.9739 0.2087
vn -0.0891 -0.9739 0.2086
vn 0.0098 0.9999 0.0062
vn 0.6381 0.0797 0.7658
vn 0.6381 0.0797 0.7659
vn -0.8110 -0.0000 -0.5850
vn -0.8109 -0.0050 -0.5852
vn 0.5340 -0.1332 0.8350
vn 0.5340 -0.1331 0.8350
vn 0.0869 -0.9764 0.1977
vn 0.0868 -0.9764 0.1976
vn 0.0001 -1.0000 -0.0001
vn -0.2768 -0.0762 -0.9579
vn -0.2767 -0.0763 -0.9579
vn -0.2768 -0.0763 -0.9579
vn -0.0161 0.9999 -0.0001
vn -0.0161 0.9999 -0.0000
vn -0.2850 -0.1537 -0.9461
vn 0.0419 -0.9991 0.0039
vn 0.0363 -0.0500 -0.9981
vn 0.0363 -0.0501 -0.9981
vn -0.9877 -0.0000 0.1564
vn -0.0205 0.9998 -0.0019
vn -0.0205 0.9998 -0.0020
vn 0.4350 0.8995 0.0414
vn 0.0753 0.9736 0.2154
vn 0.7882 0.5473 0.2814
vn 0.0753 0.9736 0.2155
vn -0.0504 0.9987 -0.0000
vn 0.7873 0.5475 0.2835
vn 0.7873 0.5474 0.2835
vn 0.5214 0.7762 0.3544
vn -0.0503 0.9987 -0.0001
vn -0.0502 0.9987 -0.0000
vn 0.5213 0.7763 0.3544
vn 0.6614 -0.0000 0.7501
vn 0.8272 -0.0000 0.5620
vn 0.6613 -0.0000 0.7502
vn 0.0513 0.9984 -0.0222
vn 0.8271 -0.0000 0.5621
vn 0.4296 0.9004 -0.0680
vn 0.0512 0.9984 -0.0221
vn 0.0512 0.9984 -0.0222
vn -0.9877 -0.0000 0.1565
vn 0.4296 0.9005 -0.0680
vn -0.0154 0.9999 0.0015
vn -0.9877 0.0001 0.1564
vn -0.0182 0.9998 -0.0004
vn -0.0152 0.9999 0.0015
vn -0.0152 0.9999 0.0016
vn -0.2704 -0.1513 0.9508
vn -0.0183 0.9998 -0.0000
vn -0.0183 0.9998 0.0002
vn -0.2704 -0.1512 0.9508
vn -0.9299 -0.0114 -0.3676
vn 0.9550 0.0254 0.2955
vn -0.9300 -0.0115 -0.3673
vn -0.9299 -0.0113 -0.3676
vn -0.0889 -0.9739 0.2087
vn -0.0890 -0.9739 0.2087
vn 0.7902 -0.0001 -0.6129
vn 0.6338 -0.0269 0.7730
vn -0.3527 -0.0542 0.9342
vn 0.6338 -0.0270 0.7730
vn 0.6337 -0.0270 0.7731
vn 0.2199 0.8621 0.4565
vn -0.0176 0.9987 0.0471
vn 0.2198 0.8621 0.4565
vn 0.2199 0.8621 0.4566
vn 0.5777 0.7764 -0.2520
vn 0.5777 0.7764 -0.2521
vn 0.5777 0.7764 -0.2519
vn 0.3880 -0.1288 -0.9126
vn 0.7901 -0.0000 -0.6129
vn 0.0876 -0.9745 -0.2068
vn 0.0877 -0.9745 -0.2067
vn 0.9537 0.0238 0.2997
vn 0.9537 0.0239 0.2998
vn 0.9538 0.0238 0.2996
vn -0.0136 0.9994 0.0323
vn -0.0233 0.9995 0.0220
vn -0.5329 -0.0001 0.8462
vn -0.5329 0.0001 0.8462
vn -0.7901 -0.0000 0.6129
vn -0.9335 -0.0559 -0.3541
vn -0.9335 -0.0559 -0.3542
vn -0.9400 -0.1563 -0.3034
vn -0.9400 -0.1562 -0.3034
vn 0.6381 0.0798 0.7658
vn -0.8780 -0.0000 -0.4787
vn 0.5340 -0.1332 0.8349
vn -0.8780 -0.0000 -0.4786
vn 0.1159 -0.9766 0.1813
vn 0.5339 -0.1332 0.8350
vn 0.1160 -0.9766 0.1813
vn 0.0339 -0.0507 -0.9981
vn 0.0461 -0.9989 -0.0073
vn 0.0338 -0.0508 -0.9981
vn 0.2065 -0.9783 0.0192
vn 0.0043 -0.0733 -0.9973
vn 0.2064 -0.9783 0.0192
vn 0.2064 -0.9783 0.0193
vn 0.0358 -0.0428 -0.9984
vn 0.0043 -0.0734 -0.9973
vn -0.0376 0.9993 -0.0035
vn -0.0376 0.9993 -0.0036
vn -0.0205 0.9998 -0.0000
vn -0.0205 0.9998 -0.0018
vn 0.5046 0.6154 0.6055
vn 0.4285 0.9010 -0.0674
vn 0.5045 0.6154 0.6056
vn 0.5046 0.6154 0.6056
vn 0.4296 0.9021 0.0408
vn 0.4286 0.9010 -0.0674
vn -0.0503 0.9987 -0.0000
vn 0.4295 0.9021 0.0409
vn 0.4296 0.9021 0.0409
vn 0.8573 0.5148 0.0008
vn -0.0503 0.9987 0.0001
vn 0.5931 0.7763 0.2135
vn 0.8574 0.5147 0.0007
vn 0.8574 0.5147 0.0008
vn -0.0501 0.9987 -0.0001
vn 0.8271 0.0002 0.5620
vn 0.0341 0.9889 -0.1448
vn 0.8271 0.0001 0.5621
vn -0.0218 0.9998 0.0034
vn 0.0340 0.9889 -0.1448
vn -0.0377 0.9993 0.0038
vn -0.0219 0.9998 0.0034
vn -0.9474 -0.3200 0.0083
vn 0.0122 -0.0604 0.9981
vn -0.9474 -0.3200 0.0082
vn -0.2757 -0.0000 0.9612
vn 0.0120 -0.0604 0.9981
vn -0.9467 -0.0158 -0.3218
vn -0.2758 -0.0000 0.9612
vn -0.9467 -0.0158 -0.3219
vn 0.0733 -0.9824 -0.1721
vn -0.9466 -0.0158 -0.3219
vn 0.0733 -0.9824 -0.1720
vn 0.0734 -0.9824 -0.1721
vn 0.7486 0.6263 -0.2175
vn 0.9177 -0.0000 -0.3972
vn 0.9178 -0.0000 -0.3971
vn 0.5766 0.7781 -0.2494
vn 0.5765 0.7781 -0.2494
vn 0.5765 0.7781 -0.2495
vn 0.0182 -0.9998 -0.0052
vn 0.0181 -0.9998 -0.0052
vn 0.3889 -0.1290 -0.9122
vn 0.3889 -0.1291 -0.9122
vn 0.0876 -0.9746 -0.2063
vn 0.0877 -0.9745 -0.2064
vn 0.0002 1.0000 0.0001
vn -0.9177 -0.0000 0.3972
vn -0.9345 -0.1392 -0.3277
vn -0.9345 -0.1393 -0.3277
vn 0.7290 0.0797 0.6798
vn 0.5045 0.6155 0.6055
vn 0.6344 -0.1334 0.7614
vn 0.1159 -0.9765 0.1814
vn 0.0353 -0.9994 -0.0002
vn -0.0378 0.9993 -0.0035
vn 0.2065 -0.9783 0.0193
vn 0.0353 -0.9994 -0.0003
vn 0.0622 -0.0508 -0.9968
vn 0.0662 -0.0341 -0.9972
vn 0.0622 -0.0507 -0.9968
vn 0.0663 -0.0341 -0.9972
vn -0.0079 0.0070 0.9999
vn 0.5045 0.6155 0.6056
vn 0.5046 0.6153 0.6056
vn 0.5044 0.6154 0.6056
vn 0.4295 0.9005 -0.0676
vn 0.3459 0.9383 0.0003
vn 0.3458 0.9383 0.0003
vn -0.0503 0.9987 -0.0002
vn 0.9371 0.3375 0.0885
vn 0.9371 0.3375 0.0886
vn -0.5001 -0.0274 0.8656
vn -0.5000 -0.0274 0.8656
vn -0.9985 -0.0541 -0.0009
vn -0.5000 -0.0275 0.8656
vn -0.9985 -0.0542 -0.0009
vn 0.9409 -0.0000 0.3388
vn 0.8271 -0.0000 0.5620
vn -0.0376 0.9993 0.0038
vn 0.0089 -0.0524 0.9986
vn -0.9474 -0.3199 0.0083
vn 0.0020 0.0096 -1.0000
vn 0.0020 0.0098 -1.0000
vn 0.0126 -0.0672 0.9977
vn -0.3893 -0.1876 0.9018
vn -0.9463 -0.0136 -0.3229
vn -0.9385 -0.1625 -0.3045
vn -0.9385 -0.1625 -0.3046
vn -0.9385 -0.1626 -0.3046
vn -0.0502 0.9987 -0.0001
vn 0.6209 0.7779 -0.0965
vn 0.6209 0.7780 -0.0965
vn 0.5284 -0.1299 -0.8390
vn 0.5284 -0.1300 -0.8390
vn 0.6208 0.7780 -0.0965
vn 0.5283 -0.1299 -0.8390
vn 0.1186 -0.9749 -0.1885
vn 0.1186 -0.9749 -0.1884
vn 0.5312 0.0798 -0.8435
vn 0.5312 0.0797 -0.8435
vn -0.6347 -0.0000 0.7727
vn 0.0001 1.0000 -0.0001
vn 0.7290 0.0798 0.6798
vn -0.9311 -0.0001 -0.3648
vn -0.9311 -0.0000 -0.3648
vn -0.9311 -0.0000 -0.3649
vn 0.6344 -0.1333 0.7614
vn 0.1377 -0.9766 0.1654
vn 0.1377 -0.9766 0.1653
vn -0.0001 -1.0000 -0.0001
vn 0.1378 -0.9766 0.1652
vn 0.3350 0.9417 0.0313
vn 0.0390 -0.9992 -0.0033
vn 0.0390 -0.9992 -0.0039
vn 0.3350 0.9417 0.0312
vn 0.0391 -0.9992 -0.0040
vn -0.0018 0.0074 1.0000
vn -0.9474 -0.3201 0.0082
vn -0.2416 -0.9701 -0.0225
vn -0.0017 0.0074 1.0000
vn 0.0754 -0.0100 -0.9971
vn 0.0755 -0.0100 -0.9971
vn 0.0150 -0.1408 -0.9899
vn 0.3348 0.9418 0.0307
vn 0.0321 -0.9994 -0.0140
vn -0.0074 0.0072 0.9999
vn -0.0074 0.0071 0.9999
vn -0.0073 0.0057 1.0000
vn -0.0073 0.0056 1.0000
vn -0.7817 0.0284 0.6230
vn 0.4985 0.0272 0.8665
vn 0.6276 0.7763 0.0594
vn 0.4985 0.0271 0.8664
vn 0.4985 0.0272 0.8664
vn 0.6276 0.7763 0.0593
vn 0.4985 0.0271 0.8665
vn -0.5002 -0.0268 0.8655
vn -0.5001 -0.0269 0.8655
vn -0.9985 -0.0543 -0.0008
vn -0.9985 -0.0545 -0.0008
vn -0.5001 -0.0268 0.8655
vn -0.9985 -0.0544 -0.0008
vn 0.9409 -0.0000 0.3387
vn 0.9409 0.0001 0.3387
vn 0.3352 0.9415 -0.0339
vn 0.3352 0.9415 -0.0338
vn 0.0503 -0.0406 0.9979
vn -0.9473 -0.3201 0.0082
vn 0.0504 -0.0406 0.9979
vn 0.0021 0.0099 -0.9999
vn -0.9474 -0.3201 0.0083
vn 0.0315 -0.0598 0.9977
vn -0.0098 -0.0676 0.9977
vn -0.0098 -0.0677 0.9977
vn 0.4275 0.5969 -0.6789
vn -0.4985 -0.0274 -0.8664
vn 0.4276 0.5969 -0.6789
vn 0.4275 0.5970 -0.6789
vn 0.9877 -0.0000 -0.1564
vn -0.4984 -0.0274 -0.8665
vn -0.4985 -0.0274 -0.8665
vn 0.9877 -0.0000 -0.1565
vn 0.6226 0.7763 -0.0986
vn 0.1187 -0.9749 -0.1885
vn 0.5284 -0.1298 -0.8390
vn -0.0002 -1.0000 -0.0000
vn 0.6327 0.0798 -0.7703
vn -0.6348 -0.0000 0.7727
vn 0.8085 0.0798 0.5831
vn 0.5765 0.6153 0.5376
vn 0.5765 0.6154 0.5375
vn 0.7526 0.0308 -0.6577
vn 0.7526 0.0307 -0.6577
vn 0.3891 -0.7941 0.4669
vn 0.7248 -0.1335 0.6759
vn -0.9311 0.0001 -0.3649
vn -0.9311 -0.0001 -0.3649
vn 0.1378 -0.9766 0.1654
vn 0.7249 -0.1335 0.6758
vn 0.7248 -0.1334 0.6759
vn 0.1378 -0.9766 0.1653
vn -0.0034 0.0196 0.9998
vn 0.2066 -0.9782 -0.0208
vn -0.0073 -0.0000 1.0000
vn -0.2416 -0.9701 -0.0223
vn 0.0325 -0.0139 -0.9994
vn 0.0412 -0.1219 -0.9917
vn 0.0325 -0.0140 -0.9994
vn -0.0377 0.9993 -0.0034
vn -0.0376 0.9993 -0.0034
vn -0.0030 0.0198 0.9998
vn -0.0031 0.0198 0.9998
vn -0.3890 0.7942 -0.4669
vn -0.3890 0.7941 -0.4669
vn -0.7817 0.0283 0.6230
vn 0.9985 0.0545 0.0009
vn 0.6275 0.7763 0.0593
vn 0.6276 0.7763 0.0592
vn 0.4986 0.0272 0.8664
vn -0.5001 -0.0271 0.8656
vn -0.5001 -0.0272 0.8655
vn -0.9985 -0.0544 -0.0009
vn -0.5001 -0.0272 0.8656
vn -0.4985 -0.0269 -0.8665
vn 0.9956 -0.0000 0.0940
vn 0.9956 -0.0000 0.0942
vn 0.9956 -0.0000 0.0941
vn 0.5000 0.0273 -0.8656
vn 0.5001 0.0273 -0.8656
vn 0.5001 0.0272 -0.8655
vn 0.0589 -0.0121 0.9982
vn 0.3350 0.9416 -0.0343
vn 0.0329 -0.0936 0.9951
vn 0.0329 -0.0937 0.9951
vn 0.0021 0.0096 -1.0000
vn 0.0024 0.0099 -0.9999
vn 0.0025 0.0099 -0.9999
vn -0.0060 0.0067 -1.0000
vn -0.2416 -0.9701 0.0245
vn -0.2416 -0.9701 0.0246
vn 0.2067 -0.9782 -0.0209
vn 0.2067 -0.9782 -0.0208
vn 0.5001 0.0269 -0.8656
vn 0.5001 0.0269 -0.8655
vn 0.6293 -0.1303 -0.7662
vn 0.1409 -0.9751 -0.1715
vn 0.6293 -0.1304 -0.7662
vn 0.1410 -0.9750 -0.1715
vn 0.1410 -0.9750 -0.1716
vn 0.5083 0.5988 -0.6189
vn -0.7266 -0.0000 0.6871
vn 0.8085 0.0797 0.5831
vn 0.7526 0.0307 -0.6578
vn 0.3890 -0.7942 0.4669
vn -0.3891 0.7941 -0.4669
vn -0.9695 0.0001 -0.2452
vn -0.9695 -0.0001 -0.2452
vn -0.9695 -0.0000 -0.2452
vn 0.1575 -0.9766 0.1468
vn 0.1575 -0.9765 0.1469
vn 0.1575 -0.9765 0.1468
vn -0.0078 0.0168 0.9998
vn -0.0078 0.0167 0.9998
vn -0.0025 0.0091 1.0000
vn -0.0026 0.0091 1.0000
vn 0.0029 0.0102 -0.9999
vn 0.2064 -0.9783 0.0191
vn 0.2065 -0.9783 0.0191
vn 0.0335 -0.0121 -0.9994
vn 0.0192 -0.1436 -0.9895
vn 0.0192 -0.1436 -0.9894
vn -0.0082 0.0173 0.9998
vn -0.0083 0.0173 0.9998
vn -0.0042 0.0191 0.9998
vn -0.0043 0.0190 0.9998
vn -0.8042 -0.0000 0.5944
vn 0.9985 0.0544 0.0009
vn 0.4985 0.0273 0.8664
vn -0.5000 -0.0272 0.8656
vn -0.5002 -0.0273 0.8655
vn -0.9985 -0.0545 -0.0009
vn -0.4985 -0.0272 -0.8664
vn 0.0091 -0.0166 0.9998
vn -0.0377 0.9993 0.0039
vn 0.0091 -0.0167 0.9998
vn 0.0007 -0.1169 0.9931
vn -0.0065 0.0057 -1.0000
vn 0.0008 -0.1170 0.9931
vn -0.2416 -0.9701 0.0243
vn -0.0064 0.0057 -1.0000
vn -0.0065 0.0058 -1.0000
vn 0.2066 -0.9782 -0.0210
vn -0.2416 -0.9701 0.0244
vn -0.2415 -0.9701 0.0243
vn 0.5000 0.0272 -0.8656
vn 0.9956 0.0001 0.0941
vn 0.6293 -0.1304 -0.7661
vn 0.6294 -0.1303 -0.7661
vn 0.7243 0.0798 -0.6849
vn 0.5084 0.5988 -0.6189
vn 0.8752 0.0797 0.4772
vn 0.6394 0.6152 0.4611
vn 0.8752 0.0798 0.4772
vn 0.6395 0.6152 0.4611
vn 0.6394 0.6151 0.4613
vn 0.7265 -0.0000 -0.6871
vn 0.6394 0.6152 0.4612
vn 0.8038 -0.1336 0.5797
vn -0.9695 0.0001 -0.2453
vn 0.8038 -0.1334 0.5797
vn 0.8038 -0.1335 0.5797
vn 0.1574 -0.9766 0.1468
vn -0.0079 0.0175 0.9998
vn -0.0079 0.0174 0.9998
vn -0.0061 0.0068 -1.0000
vn -0.0060 0.0068 -1.0000
vn 0.2065 -0.9783 0.0190
vn 0.9664 0.0798 0.2445
vn 0.9664 0.0797 0.2445
vn 0.7658 0.6132 0.1937
vn 0.8312 0.5560 -0.0073
vn 0.8312 0.5560 -0.0072
vn -0.8070 -0.0000 0.5905
vn -0.8041 -0.0000 0.5944
vn -0.8041 -0.0000 0.5945
vn 0.4985 0.0274 0.8664
vn -0.9985 -0.0546 -0.0009
vn 0.0157 -0.1095 0.9939
vn 0.0075 -0.0147 0.9999
vn 0.0077 -0.0146 0.9999
vn -0.0376 0.9993 0.0039
vn -0.0375 0.9993 0.0049
vn 0.2066 -0.9782 -0.0211
vn 0.0023 0.0114 -0.9999
vn 0.0020 0.0112 -0.9999
vn -0.0068 0.0055 -1.0000
vn 0.0025 0.0115 -0.9999
vn 0.7203 -0.1308 -0.6812
vn 0.7203 -0.1307 -0.6812
vn 0.7204 -0.1308 -0.6812
vn 0.5083 0.5988 -0.6190
vn 0.1608 -0.9752 -0.1521
vn 0.1607 -0.9752 -0.1520
vn 0.7242 0.0798 -0.6849
vn 0.7242 0.0798 -0.6850
vn 0.5809 0.6007 -0.5493
vn 0.3752 -0.8066 -0.4567
vn 0.3752 -0.8066 -0.4568
vn 0.5084 0.5988 -0.6188
vn -0.8069 -0.0000 0.5907
vn -0.8070 -0.0000 0.5906
vn -0.8069 -0.0000 0.5906
vn 0.6394 0.6153 0.4611
vn 0.6395 0.6151 0.4611
vn -0.9925 -0.0000 -0.1219
vn 0.1747 -0.9765 0.1260
vn 0.1748 -0.9765 0.1260
vn 0.8311 0.5561 -0.0072
vn 0.9870 -0.1327 0.0912
vn 0.9869 -0.1328 0.0912
vn 0.8311 0.5561 -0.0073
vn 0.7658 0.6132 0.1938
vn 0.9608 -0.1333 0.2431
vn 0.9608 -0.1332 0.2431
vn 0.8311 0.5560 -0.0072
vn 0.8311 0.5560 -0.0073
vn 0.6400 -0.0000 0.7683
vn 0.9985 0.0544 0.0008
vn -0.8041 -0.0001 0.5945
vn 0.4986 0.0273 0.8664
vn -0.5001 -0.0274 0.8655
vn -0.5001 -0.0273 0.8655
vn -0.4986 -0.0269 -0.8664
vn 0.5001 0.0270 -0.8655
vn -0.4986 -0.0268 -0.8664
vn 0.7684 0.6079 -0.2001
vn 0.9646 0.0798 -0.2513
vn 0.9646 0.0797 -0.2512
vn 0.9646 0.0797 -0.2513
vn 0.9861 -0.1325 -0.1003
vn 0.9861 -0.1324 -0.1003
vn 0.0020 0.0113 -0.9999
vn 0.0020 0.0114 -0.9999
vn -0.7780 0.0116 -0.6281
vn 0.7204 -0.1307 -0.6812
vn 0.1608 -0.9752 -0.1520
vn 0.8044 0.0798 -0.5887
vn 0.6440 0.6026 -0.4714
vn 0.6441 0.6025 -0.4713
vn 0.5809 0.6007 -0.5494
vn 0.5808 0.6007 -0.5493
vn 0.7483 0.0494 0.6615
vn -0.8070 0.0001 0.5905
vn 0.9281 0.0797 0.3637
vn 0.9281 0.0799 0.3637
vn 0.9281 0.0798 0.3637
vn 0.6925 0.6147 0.3776
vn -0.6049 0.0330 0.7956
vn 0.6925 0.6147 0.3775
vn 0.6925 0.6148 0.3775
vn 0.4927 -0.7943 0.3554
vn -0.4928 0.7943 -0.3554
vn 0.4928 -0.7943 0.3554
vn 0.7266 -0.0001 -0.6871
vn -0.4927 0.7943 -0.3554
vn -0.4927 0.7943 -0.3553
vn 0.7265 -0.0000 -0.6872
vn -0.9925 -0.0001 -0.1219
vt 0.101863 0.245808
vt 0.108092 0.237784
vt 0.107080 0.241634
vt 0.100872 0.249743
vt 0.102366 0.241540
vt 0.105570 0.245052
vt 0.101410 0.246419
vt 0.101912 0.242148
vt 0.108605 0.233570
vt 0.099394 0.253280
vt 0.100420 0.250360
vt 0.101926 0.237615
vt 0.102380 0.237009
vt 0.103564 0.247975
vt 0.099808 0.249666
vt 0.101278 0.241628
vt 0.101291 0.237189
vt 0.108619 0.229061
vt 0.097435 0.256356
vt 0.098945 0.253905
vt 0.098355 0.253133
vt 0.100783 0.245809
vt 0.100823 0.232559
vt 0.101450 0.232889
vt 0.101904 0.232282
vt 0.101067 0.250344
vt 0.097167 0.251594
vt 0.098574 0.248282
vt 0.099999 0.240593
vt 0.100012 0.236341
vt 0.099558 0.231904
vt 0.108134 0.224325
vt 0.095002 0.258911
vt 0.096990 0.256991
vt 0.096430 0.256149
vt 0.094591 0.255164
vt 0.099519 0.244595
vt 0.098638 0.227348
vt 0.099875 0.227808
vt 0.100488 0.228040
vt 0.100940 0.227430
vt 0.098088 0.252108
vt 0.095929 0.249719
vt 0.099095 0.247397
vt 0.100041 0.243726
vt 0.100521 0.239737
vt 0.100534 0.235496
vt 0.100080 0.231068
vt 0.099160 0.226518
vt 0.107149 0.219436
vt 0.092106 0.260894
vt 0.094562 0.259560
vt 0.094041 0.258657
vt 0.093333 0.253253
vt 0.096408 0.248845
vt 0.097687 0.250690
vt 0.097777 0.221914
vt 0.097257 0.222740
vt 0.098449 0.223004
vt 0.099040 0.223139
vt 0.099489 0.222524
vt 0.094641 0.253223
vt 0.093692 0.256162
vt 0.094678 0.254122
vt 0.086441 0.227361
vt 0.086584 0.226827
vt 0.099862 0.243428
vt 0.099209 0.238764
vt 0.100525 0.232114
vt 0.100532 0.235437
vt 0.100118 0.224486
vt 0.099354 0.226648
vt 0.097993 0.216350
vt 0.105666 0.214463
vt 0.088765 0.262259
vt 0.091673 0.261557
vt 0.091199 0.260605
vt 0.090247 0.258708
vt 0.093422 0.252257
vt 0.083955 0.230079
vt 0.087519 0.221942
vt 0.096697 0.240142
vt 0.099295 0.245610
vt 0.100082 0.235590
vt 0.099386 0.239147
vt 0.097910 0.241581
vt 0.100527 0.232255
vt 0.100524 0.237962
vt 0.100537 0.228393
vt 0.099927 0.224430
vt 0.099905 0.229360
vt 0.099269 0.220451
vt 0.096189 0.222777
vt 0.096672 0.221982
vt 0.094779 0.216839
vt 0.096550 0.218217
vt 0.097111 0.218255
vt 0.097556 0.217633
vt 0.090747 0.253659
vt 0.092430 0.254239
vt 0.093786 0.255102
vt 0.095500 0.244591
vt 0.085452 0.225475
vt 0.085341 0.225978
vt 0.086478 0.220908
vt 0.099737 0.245693
vt 0.099886 0.237317
vt 0.117296 0.223912
vt 0.100534 0.230113
vt 0.119725 0.217895
vt 0.100974 0.237968
vt 0.099441 0.222110
vt 0.120231 0.210241
vt 0.100347 0.229280
vt 0.093699 0.216891
vt 0.096951 0.216565
vt 0.118818 0.201471
vt 0.103688 0.209479
vt 0.085004 0.262972
vt 0.088340 0.262940
vt 0.087923 0.261950
vt 0.087085 0.259982
vt 0.088970 0.256753
vt 0.092525 0.253226
vt 0.094257 0.243147
vt 0.084066 0.229518
vt 0.082842 0.228674
vt 0.085099 0.224426
vt 0.084035 0.223394
vt 0.099844 0.239229
vt 0.100303 0.243511
vt 0.100342 0.237399
vt 0.114597 0.226641
vt 0.118751 0.221139
vt 0.100992 0.232261
vt 0.120218 0.214241
vt 0.100982 0.235443
vt 0.100999 0.230119
vt 0.100384 0.224349
vt 0.119765 0.205962
vt 0.099797 0.226568
vt 0.099899 0.222029
vt 0.087092 0.217360
vt 0.084750 0.212302
vt 0.095703 0.211061
vt 0.087239 0.216929
vt 0.117390 0.196837
vt 0.093789 0.216340
vt 0.093838 0.215034
vt 0.094186 0.213515
vt 0.094709 0.213459
vt 0.095149 0.212827
vt 0.086437 0.253397
vt 0.090758 0.257739
vt 0.083103 0.230822
vt 0.083217 0.230255
vt 0.093420 0.243968
vt 0.094672 0.245413
vt 0.083740 0.222677
vt 0.083516 0.223057
vt 0.082531 0.225784
vt 0.084802 0.221921
vt 0.100074 0.238914
vt 0.101150 0.243761
vt 0.120674 0.227330
vt 0.122223 0.224248
vt 0.123258 0.220652
vt 0.101224 0.231949
vt 0.102393 0.236064
vt 0.123782 0.216611
vt 0.123796 0.212197
vt 0.100616 0.224037
vt 0.101762 0.227376
vt 0.084861 0.211914
vt 0.094637 0.211254
vt 0.088172 0.213211
vt 0.123300 0.207482
vt 0.122294 0.202540
vt 0.094867 0.216275
vt 0.093933 0.214488
vt 0.101219 0.204554
vt 0.080855 0.263011
vt 0.084589 0.263672
vt 0.084238 0.262659
vt 0.083533 0.260646
vt 0.087592 0.258987
vt 0.089442 0.255814
vt 0.079887 0.232653
vt 0.084270 0.225101
vt 0.113657 0.227354
vt 0.082958 0.228150
vt 0.085804 0.219234
vt 0.080936 0.227617
vt 0.083181 0.223702
vt 0.101718 0.241590
vt 0.100572 0.237085
vt 0.118608 0.229834
vt 0.102401 0.233542
vt 0.101231 0.229807
vt 0.101209 0.224659
vt 0.100131 0.221716
vt 0.085924 0.217446
vt 0.083574 0.212407
vt 0.083690 0.212033
vt 0.114812 0.190762
vt 0.086036 0.217054
vt 0.120773 0.197446
vt 0.085890 0.208369
vt 0.090410 0.209270
vt 0.092633 0.215098
vt 0.091369 0.208967
vt 0.091845 0.208819
vt 0.092279 0.208177
vt 0.081751 0.252435
vt 0.091538 0.247418
vt 0.082105 0.228882
vt 0.081987 0.229412
vt 0.083199 0.224069
vt 0.081140 0.226731
vt 0.090248 0.245974
vt 0.110051 0.228862
vt 0.083627 0.219782
vt 0.083851 0.219403
vt 0.083146 0.223690
vt 0.082163 0.226423
vt 0.084346 0.221726
vt 0.085981 0.219972
vt 0.100165 0.238789
vt 0.101240 0.243639
vt 0.121317 0.228299
vt 0.122887 0.225139
vt 0.123935 0.221457
vt 0.101316 0.231826
vt 0.102483 0.235944
vt 0.124466 0.217324
vt 0.124480 0.212811
vt 0.100707 0.223913
vt 0.101852 0.227256
vt 0.084766 0.208623
vt 0.094836 0.209439
vt 0.087071 0.213485
vt 0.123978 0.207994
vt 0.122959 0.202947
vt 0.089188 0.209356
vt 0.092729 0.214566
vt 0.098266 0.199761
vt 0.076363 0.262368
vt 0.080452 0.263733
vt 0.080177 0.262711
vt 0.079625 0.260683
vt 0.084034 0.259625
vt 0.088634 0.248362
vt 0.080041 0.232072
vt 0.078765 0.231227
vt 0.080040 0.225705
vt 0.116022 0.231700
vt 0.083256 0.220412
vt 0.085916 0.215977
vt 0.080573 0.228264
vt 0.080349 0.224925
vt 0.081490 0.222906
vt 0.086990 0.217306
vt 0.101809 0.241469
vt 0.100664 0.236961
vt 0.119222 0.230869
vt 0.102491 0.233422
vt 0.101323 0.229684
vt 0.101299 0.224539
vt 0.100222 0.221592
vt 0.082682 0.210868
vt 0.082800 0.210499
vt 0.118026 0.190779
vt 0.113828 0.188869
vt 0.121418 0.197745
vt 0.089660 0.208565
vt 0.087271 0.205117
vt 0.080511 0.205839
vt 0.083744 0.210768
vt 0.088116 0.204639
vt 0.088536 0.204404
vt 0.088962 0.203750
vt 0.076745 0.250791
vt 0.087028 0.257795
vt 0.087793 0.249772
vt 0.106690 0.229249
vt 0.078889 0.230678
vt 0.112917 0.232877
vt 0.082489 0.216799
vt 0.081427 0.224903
vt 0.082444 0.219378
vt 0.078153 0.228922
vt 0.079744 0.226742
vt 0.082858 0.216169
vt 0.081243 0.212444
vt 0.083893 0.207137
vt 0.091688 0.204256
vt 0.085134 0.212361
vt 0.093641 0.209648
vt 0.090922 0.208440
vt 0.080666 0.205448
vt 0.087779 0.204280
vt 0.083858 0.210387
vt 0.094845 0.195170
vt 0.071583 0.261052
vt 0.075975 0.263112
vt 0.075784 0.262098
vt 0.075402 0.260085
vt 0.080117 0.259636
vt 0.084898 0.258161
vt 0.085378 0.248759
vt 0.102876 0.228963
vt 0.077112 0.225035
vt 0.076977 0.229718
vt 0.116600 0.232788
vt 0.081730 0.216051
vt 0.087104 0.214059
vt 0.082341 0.222393
vt 0.077798 0.229583
vt 0.077373 0.227789
vt 0.074975 0.229119
vt 0.078223 0.222970
vt 0.078857 0.208840
vt 0.084913 0.206913
vt 0.119353 0.192464
vt 0.116974 0.188699
vt 0.110224 0.182763
vt 0.090456 0.204447
vt 0.081772 0.202187
vt 0.084241 0.200392
vt 0.083740 0.201237
vt 0.079565 0.205608
vt 0.079439 0.205960
vt 0.084453 0.200597
vt 0.084808 0.200280
vt 0.085223 0.199613
vt 0.071487 0.248497
vt 0.087350 0.257998
vt 0.088125 0.249966
vt 0.085929 0.250012
vt 0.109296 0.233327
vt 0.078527 0.225419
vt 0.113447 0.234005
vt 0.080233 0.212619
vt 0.080879 0.213079
vt 0.078104 0.216296
vt 0.080112 0.224781
vt 0.076810 0.230192
vt 0.078500 0.209481
vt 0.083493 0.208613
vt 0.088805 0.200493
vt 0.086316 0.210442
vt 0.080724 0.202400
vt 0.087219 0.203046
vt 0.090975 0.190849
vt 0.066582 0.259086
vt 0.071212 0.261819
vt 0.071115 0.260828
vt 0.070919 0.258862
vt 0.075885 0.259012
vt 0.081799 0.248598
vt 0.085221 0.258362
vt 0.098632 0.228001
vt 0.105169 0.233025
vt 0.075184 0.228714
vt 0.074491 0.222069
vt 0.080174 0.213037
vt 0.078037 0.218197
vt 0.078935 0.215286
vt 0.074629 0.229794
vt 0.074435 0.227970
vt 0.078104 0.226237
vt 0.075819 0.205577
vt 0.075471 0.206228
vt 0.116759 0.187180
vt 0.113103 0.181984
vt 0.106889 0.178243
vt 0.080343 0.196837
vt 0.085102 0.200722
vt 0.079850 0.197692
vt 0.079538 0.202016
vt 0.078065 0.205357
vt 0.080412 0.196903
vt 0.080692 0.196512
vt 0.081095 0.195830
vt 0.066058 0.245604
vt 0.079500 0.258147
vt 0.080746 0.249804
vt 0.086262 0.250204
vt 0.086528 0.256181
vt 0.088676 0.255852
vt 0.109769 0.234478
vt 0.073416 0.224183
vt 0.078077 0.209722
vt 0.078024 0.209298
vt 0.075975 0.215024
vt 0.071351 0.228359
vt 0.079377 0.224336
vt 0.077905 0.205724
vt 0.075214 0.206292
vt 0.081066 0.204966
vt 0.084661 0.206682
vt 0.085567 0.196962
vt 0.087967 0.200197
vt 0.082006 0.193716
vt 0.085424 0.200369
vt 0.086686 0.186866
vt 0.061440 0.256512
vt 0.066231 0.259877
vt 0.066234 0.258924
vt 0.066240 0.257034
vt 0.071390 0.257762
vt 0.076967 0.257761
vt 0.077940 0.247878
vt 0.093994 0.226377
vt 0.088338 0.249622
vt 0.086472 0.249855
vt 0.100557 0.231965
vt 0.105573 0.234180
vt 0.071553 0.227945
vt 0.070510 0.220265
vt 0.077802 0.210203
vt 0.078473 0.214543
vt 0.078670 0.221310
vt 0.075924 0.216418
vt 0.075563 0.214208
vt 0.071017 0.229049
vt 0.071092 0.227272
vt 0.074693 0.224257
vt 0.077806 0.225470
vt 0.071951 0.203520
vt 0.071955 0.203787
vt 0.113636 0.181967
vt 0.109510 0.177018
vt 0.086113 0.198172
vt 0.103099 0.173922
vt 0.088300 0.199842
vt 0.076127 0.193669
vt 0.079730 0.195824
vt 0.086446 0.197816
vt 0.087540 0.202695
vt 0.075644 0.194537
vt 0.077972 0.201647
vt 0.076036 0.193616
vt 0.076232 0.193160
vt 0.076620 0.192462
vt 0.056246 0.253384
vt 0.079745 0.258339
vt 0.081000 0.249984
vt 0.078536 0.249403
vt 0.086612 0.256044
vt 0.088760 0.255716
vt 0.071493 0.224876
vt 0.069477 0.222426
vt 0.074682 0.208650
vt 0.079443 0.212789
vt 0.075841 0.213703
vt 0.075499 0.214038
vt 0.074893 0.211877
vt 0.067493 0.226694
vt 0.069486 0.229870
vt 0.072889 0.221660
vt 0.075146 0.223927
vt 0.078324 0.221668
vt 0.079452 0.224178
vt 0.076029 0.205186
vt 0.072288 0.202858
vt 0.071295 0.206370
vt 0.082213 0.203014
vt 0.080954 0.193470
vt 0.086662 0.197478
vt 0.086733 0.198300
vt 0.082020 0.183283
vt 0.055939 0.254218
vt 0.060553 0.242176
vt 0.061110 0.257326
vt 0.061219 0.256425
vt 0.061437 0.254639
vt 0.066697 0.255911
vt 0.073848 0.246611
vt 0.077212 0.257950
vt 0.089007 0.224124
vt 0.095492 0.230161
vt 0.088424 0.249483
vt 0.086557 0.249715
vt 0.100879 0.233106
vt 0.066378 0.221491
vt 0.065761 0.220045
vt 0.075156 0.209366
vt 0.077877 0.210056
vt 0.079519 0.212644
vt 0.078549 0.214396
vt 0.075476 0.217569
vt 0.075455 0.215251
vt 0.075191 0.212689
vt 0.075606 0.213513
vt 0.073822 0.210321
vt 0.073406 0.210888
vt 0.067173 0.227398
vt 0.069268 0.230423
vt 0.067539 0.225742
vt 0.070742 0.221206
vt 0.073308 0.220838
vt 0.074069 0.221260
vt 0.075676 0.220134
vt 0.077880 0.225311
vt 0.073181 0.207811
vt 0.068143 0.201525
vt 0.068467 0.200851
vt 0.068435 0.201937
vt 0.109987 0.176901
vt 0.105411 0.172270
vt 0.098879 0.169866
vt 0.088518 0.199507
vt 0.071646 0.190942
vt 0.077209 0.193928
vt 0.078751 0.191805
vt 0.081208 0.193036
vt 0.088867 0.200650
vt 0.071174 0.191824
vt 0.079091 0.199665
vt 0.072491 0.202461
vt 0.071380 0.190790
vt 0.071483 0.190278
vt 0.071855 0.189564
vt 0.050815 0.250621
vt 0.051098 0.249767
vt 0.070776 0.256020
vt 0.072608 0.247586
vt 0.078790 0.249579
vt 0.078442 0.255640
vt 0.081002 0.256069
vt 0.069112 0.230900
vt 0.071219 0.225529
vt 0.066754 0.217843
vt 0.074164 0.211113
vt 0.075914 0.213554
vt 0.075374 0.219397
vt 0.075061 0.216252
vt 0.075860 0.214483
vt 0.075904 0.213271
vt 0.074548 0.211291
vt 0.073607 0.209931
vt 0.063551 0.225107
vt 0.064025 0.226994
vt 0.064000 0.223483
vt 0.068875 0.231494
vt 0.068618 0.222736
vt 0.072100 0.218942
vt 0.073508 0.218874
vt 0.075219 0.223766
vt 0.078399 0.221510
vt 0.080528 0.221968
vt 0.072472 0.208907
vt 0.070665 0.200467
vt 0.068603 0.204592
vt 0.070923 0.207724
vt 0.078161 0.190806
vt 0.074081 0.188279
vt 0.077453 0.193497
vt 0.079004 0.191369
vt 0.079976 0.195395
vt 0.086747 0.197345
vt 0.086816 0.198169
vt 0.074372 0.198858
vt 0.077030 0.180161
vt 0.056158 0.253382
vt 0.055076 0.238290
vt 0.061880 0.253494
vt 0.067968 0.254904
vt 0.069582 0.244822
vt 0.083734 0.221294
vt 0.081202 0.249623
vt 0.078988 0.249212
vt 0.090021 0.227650
vt 0.095718 0.231268
vt 0.066101 0.222147
vt 0.064828 0.220361
vt 0.061871 0.216736
vt 0.075228 0.209218
vt 0.078939 0.207995
vt 0.080597 0.210598
vt 0.074236 0.210963
vt 0.079617 0.212334
vt 0.074655 0.218398
vt 0.074339 0.216978
vt 0.075464 0.215482
vt 0.075595 0.211923
vt 0.072422 0.208694
vt 0.063858 0.224390
vt 0.063598 0.228050
vt 0.065855 0.223346
vt 0.067969 0.219481
vt 0.070515 0.218606
vt 0.074141 0.221098
vt 0.075749 0.219975
vt 0.078940 0.223075
vt 0.070876 0.200132
vt 0.064051 0.200325
vt 0.064360 0.199636
vt 0.069350 0.198690
vt 0.064871 0.200855
vt 0.105819 0.172057
vt 0.100825 0.167812
vt 0.094261 0.166139
vt 0.088604 0.199376
vt 0.066962 0.188700
vt 0.071036 0.190165
vt 0.079208 0.191018
vt 0.081416 0.192689
vt 0.088951 0.200521
vt 0.066509 0.188473
vt 0.075456 0.196841
vt 0.072824 0.197090
vt 0.066512 0.187915
vt 0.066864 0.187184
vt 0.071784 0.177551
vt 0.051144 0.249861
vt 0.045838 0.246607
vt 0.046097 0.245736
vt 0.055156 0.250698
vt 0.062364 0.251922
vt 0.070928 0.256173
vt 0.072767 0.247723
vt 0.070164 0.246569
vt 0.078521 0.255494
vt 0.081082 0.255926
vt 0.061941 0.253016
vt 0.064255 0.226445
vt 0.065575 0.241542
vt 0.059920 0.216498
vt 0.062818 0.214497
vt 0.075257 0.208855
vt 0.076954 0.211460
vt 0.074740 0.216203
vt 0.076283 0.213935
vt 0.076682 0.212942
vt 0.076726 0.211734
vt 0.074950 0.210524
vt 0.074005 0.209160
vt 0.059765 0.221881
vt 0.063842 0.227461
vt 0.062435 0.225842
vt 0.060709 0.220647
vt 0.055704 0.249091
vt 0.067375 0.219609
vt 0.065722 0.222622
vt 0.072096 0.217434
vt 0.070706 0.217136
vt 0.073331 0.217380
vt 0.076249 0.221499
vt 0.079463 0.219295
vt 0.080606 0.221809
vt 0.071064 0.207657
vt 0.067959 0.207272
vt 0.065921 0.201510
vt 0.066503 0.189599
vt 0.072838 0.188151
vt 0.078685 0.191340
vt 0.081233 0.193266
vt 0.071516 0.194715
vt 0.070472 0.196773
vt 0.049739 0.234028
vt 0.065208 0.242546
vt 0.068117 0.255052
vt 0.078252 0.217953
vt 0.084209 0.224491
vt 0.081284 0.249477
vt 0.079068 0.249064
vt 0.090139 0.228704
vt 0.059806 0.237835
vt 0.064550 0.221018
vt 0.062668 0.225295
vt 0.059185 0.214784
vt 0.058727 0.213182
vt 0.076262 0.207126
vt 0.079016 0.207848
vt 0.080675 0.210451
vt 0.079694 0.212186
vt 0.073728 0.216600
vt 0.075554 0.214647
vt 0.076415 0.210386
vt 0.072816 0.207919
vt 0.060057 0.221153
vt 0.056099 0.247966
vt 0.057397 0.221886
vt 0.062484 0.220743
vt 0.067206 0.216834
vt 0.067843 0.222128
vt 0.064778 0.217590
vt 0.069248 0.216505
vt 0.076784 0.217729
vt 0.075159 0.218827
vt 0.079017 0.222914
vt 0.069245 0.206890
vt 0.071566 0.195782
vt 0.060619 0.200111
vt 0.060915 0.199410
vt 0.064178 0.197325
vt 0.069566 0.198402
vt 0.067372 0.206579
vt 0.067875 0.204490
vt 0.062534 0.201102
vt 0.101152 0.167509
vt 0.095784 0.163714
vt 0.089292 0.162800
vt 0.062149 0.186982
vt 0.068235 0.188820
vt 0.069823 0.186177
vt 0.072996 0.187653
vt 0.079289 0.190880
vt 0.081498 0.192553
vt 0.061500 0.186704
vt 0.061397 0.186112
vt 0.061728 0.185364
vt 0.066362 0.175498
vt 0.046277 0.245931
vt 0.053242 0.249340
vt 0.041113 0.242255
vt 0.041347 0.241371
vt 0.070321 0.246701
vt 0.069244 0.252605
vt 0.072089 0.253767
vt 0.059645 0.217156
vt 0.062246 0.226305
vt 0.057263 0.219219
vt 0.059635 0.210920
vt 0.076337 0.206976
vt 0.075331 0.208704
vt 0.077029 0.211310
vt 0.074534 0.215033
vt 0.075765 0.208983
vt 0.074813 0.207614
vt 0.056708 0.218382
vt 0.061997 0.226891
vt 0.056923 0.222908
vt 0.061872 0.217524
vt 0.055567 0.249513
vt 0.068842 0.217901
vt 0.064645 0.216896
vt 0.067920 0.221962
vt 0.067452 0.219443
vt 0.063096 0.220592
vt 0.065797 0.222454
vt 0.071093 0.216343
vt 0.072488 0.216648
vt 0.069629 0.215706
vt 0.076324 0.221336
vt 0.079540 0.219136
vt 0.069614 0.206884
vt 0.061496 0.200609
vt 0.068970 0.197463
vt 0.069206 0.197126
vt 0.067609 0.206324
vt 0.064618 0.206859
vt 0.065778 0.202085
vt 0.063139 0.201767
vt 0.084033 0.159904
vt 0.061706 0.187897
vt 0.065453 0.184532
vt 0.068383 0.188325
vt 0.070398 0.186950
vt 0.070553 0.186450
vt 0.071187 0.189673
vt 0.078763 0.191203
vt 0.081313 0.193131
vt 0.067272 0.193370
vt 0.066274 0.195473
vt 0.044655 0.229474
vt 0.059434 0.238842
vt 0.072954 0.247344
vt 0.070503 0.246316
vt 0.078141 0.220763
vt 0.084206 0.225476
vt 0.057643 0.221348
vt 0.058065 0.236586
vt 0.054214 0.246627
vt 0.057158 0.217204
vt 0.056339 0.209453
vt 0.073285 0.215068
vt 0.073615 0.206364
vt 0.071452 0.206877
vt 0.056988 0.217646
vt 0.057183 0.222325
vt 0.057895 0.217420
vt 0.062620 0.218080
vt 0.065693 0.215512
vt 0.064853 0.217423
vt 0.067812 0.215582
vt 0.076860 0.217568
vt 0.075233 0.218664
vt 0.069997 0.206098
vt 0.071304 0.194561
vt 0.057411 0.200775
vt 0.057694 0.200063
vt 0.062593 0.197094
vt 0.063774 0.196101
vt 0.066054 0.206192
vt 0.067952 0.204343
vt 0.064761 0.206258
vt 0.065853 0.201936
vt 0.061875 0.203772
vt 0.096016 0.163329
vt 0.090334 0.160043
vt 0.084540 0.156860
vt 0.062191 0.189299
vt 0.062615 0.188442
vt 0.078561 0.157499
vt 0.070742 0.186085
vt 0.073190 0.187292
vt 0.056439 0.185513
vt 0.056226 0.184900
vt 0.056535 0.184136
vt 0.066516 0.194365
vt 0.060859 0.174037
vt 0.041656 0.241670
vt 0.047152 0.244595
vt 0.053670 0.248166
vt 0.036737 0.237645
vt 0.036949 0.236750
vt 0.070945 0.212898
vt 0.069316 0.252450
vt 0.072163 0.253614
vt 0.071920 0.216561
vt 0.052581 0.232292
vt 0.053804 0.247742
vt 0.057217 0.207178
vt 0.057055 0.219708
vt 0.054388 0.214683
vt 0.047761 0.243033
vt 0.048140 0.241899
vt 0.062407 0.214945
vt 0.066867 0.220093
vt 0.069013 0.219634
vt 0.068539 0.217120
vt 0.062693 0.217911
vt 0.063169 0.220422
vt 0.070403 0.214101
vt 0.071879 0.214751
vt 0.068187 0.214777
vt 0.068540 0.205632
vt 0.068164 0.206423
vt 0.066255 0.193151
vt 0.058542 0.201210
vt 0.057456 0.196756
vt 0.064406 0.197031
vt 0.065803 0.185963
vt 0.067448 0.206431
vt 0.064836 0.206107
vt 0.064704 0.206459
vt 0.063212 0.201616
vt 0.062627 0.203850
vt 0.078483 0.154219
vt 0.056137 0.187968
vt 0.069512 0.186071
vt 0.072350 0.187449
vt 0.055619 0.186575
vt 0.063706 0.193030
vt 0.064970 0.194111
vt 0.039936 0.224712
vt 0.057692 0.237594
vt 0.073030 0.247190
vt 0.070577 0.246160
vt 0.071643 0.217367
vt 0.078005 0.221665
vt 0.054822 0.213497
vt 0.054887 0.205780
vt 0.072241 0.205312
vt 0.070774 0.204522
vt 0.054659 0.213943
vt 0.055762 0.214008
vt 0.064410 0.214008
vt 0.066490 0.214426
vt 0.065910 0.215072
vt 0.063726 0.215529
vt 0.069306 0.204043
vt 0.060153 0.184583
vt 0.054888 0.202316
vt 0.055161 0.201592
vt 0.057701 0.196450
vt 0.062178 0.195870
vt 0.062825 0.196797
vt 0.064016 0.195808
vt 0.066805 0.206303
vt 0.066922 0.199842
vt 0.069044 0.202268
vt 0.062699 0.203698
vt 0.062811 0.204670
vt 0.064251 0.199491
vt 0.090458 0.159585
vt 0.084543 0.156340
vt 0.078355 0.153650
vt 0.059802 0.183162
vt 0.071448 0.155236
vt 0.070658 0.151762
vt 0.070816 0.185941
vt 0.073266 0.187150
vt 0.053714 0.186373
vt 0.051097 0.184299
vt 0.051381 0.183519
vt 0.055378 0.173192
vt 0.062749 0.195171
vt 0.037378 0.237155
vt 0.042740 0.240515
vt 0.032805 0.232857
vt 0.032995 0.231954
vt 0.068705 0.211244
vt 0.065666 0.211988
vt 0.065243 0.212692
vt 0.052210 0.233300
vt 0.052150 0.212075
vt 0.054325 0.208116
vt 0.055746 0.203504
vt 0.052978 0.211012
vt 0.047542 0.243402
vt 0.061077 0.212778
vt 0.064209 0.218035
vt 0.066945 0.219924
vt 0.069092 0.219467
vt 0.068617 0.216953
vt 0.068949 0.213161
vt 0.066860 0.213616
vt 0.067176 0.205506
vt 0.067930 0.203905
vt 0.056524 0.187633
vt 0.056222 0.202621
vt 0.057865 0.199634
vt 0.056996 0.195530
vt 0.062425 0.195574
vt 0.065891 0.203990
vt 0.068533 0.204345
vt 0.063730 0.201562
vt 0.063650 0.207107
vt 0.065627 0.206531
vt 0.071999 0.151560
vt 0.069585 0.185929
vt 0.072424 0.187308
vt 0.054133 0.186032
vt 0.051420 0.184921
vt 0.060368 0.193567
vt 0.059970 0.193680
vt 0.064709 0.192896
vt 0.035685 0.219821
vt 0.052305 0.206618
vt 0.054482 0.202384
vt 0.053243 0.210271
vt 0.054466 0.210624
vt 0.061544 0.212064
vt 0.063442 0.212415
vt 0.065370 0.213111
vt 0.065986 0.214904
vt 0.063800 0.215358
vt 0.064284 0.217864
vt 0.056022 0.186237
vt 0.061364 0.205555
vt 0.053238 0.204636
vt 0.053504 0.203904
vt 0.055326 0.201158
vt 0.057255 0.195173
vt 0.054648 0.187427
vt 0.054246 0.187765
vt 0.065993 0.205728
vt 0.064326 0.199338
vt 0.067000 0.199692
vt 0.069123 0.202119
vt 0.069220 0.154736
vt 0.068175 0.151216
vt 0.065597 0.150103
vt 0.046542 0.184936
vt 0.046109 0.184319
vt 0.046369 0.183523
vt 0.050030 0.172975
vt 0.059451 0.195749
vt 0.059709 0.192462
vt 0.033534 0.232465
vt 0.038656 0.236191
vt 0.043111 0.239315
vt 0.029399 0.227965
vt 0.029571 0.227059
vt 0.061546 0.205699
vt 0.059512 0.207148
vt 0.058942 0.207746
vt 0.051915 0.212512
vt 0.049464 0.210506
vt 0.055336 0.200119
vt 0.049157 0.210938
vt 0.052585 0.207594
vt 0.058414 0.212200
vt 0.067611 0.211990
vt 0.065735 0.212298
vt 0.066737 0.204115
vt 0.058407 0.206239
vt 0.054705 0.204753
vt 0.048626 0.204858
vt 0.049203 0.200778
vt 0.047995 0.187570
vt 0.058418 0.184346
vt 0.058068 0.182927
vt 0.063805 0.201408
vt 0.065967 0.203838
vt 0.068612 0.204195
vt 0.064708 0.207092
vt 0.065070 0.206284
vt 0.047405 0.186180
vt 0.057739 0.194996
vt 0.052793 0.183996
vt 0.031997 0.214877
vt 0.048195 0.229611
vt 0.051772 0.202125
vt 0.047897 0.209946
vt 0.055155 0.199470
vt 0.048611 0.206216
vt 0.052848 0.206857
vt 0.054104 0.207495
vt 0.055225 0.209353
vt 0.062857 0.210834
vt 0.060860 0.211424
vt 0.064526 0.211719
vt 0.049510 0.200399
vt 0.056854 0.197212
vt 0.048374 0.186659
vt 0.065806 0.204662
vt 0.061541 0.209077
vt 0.062966 0.208091
vt 0.061847 0.153565
vt 0.059849 0.149934
vt 0.059287 0.149301
vt 0.041905 0.185556
vt 0.041367 0.184957
vt 0.041603 0.184146
vt 0.044929 0.173386
vt 0.030204 0.227672
vt 0.034987 0.231696
vt 0.039009 0.234987
vt 0.026592 0.223044
vt 0.026748 0.222136
vt 0.056272 0.201165
vt 0.053599 0.202143
vt 0.052885 0.202634
vt 0.047583 0.210435
vt 0.051075 0.205909
vt 0.056017 0.197225
vt 0.047031 0.205691
vt 0.046739 0.229925
vt 0.055931 0.209310
vt 0.058413 0.211530
vt 0.060857 0.209095
vt 0.066477 0.210665
vt 0.064887 0.210904
vt 0.055222 0.206379
vt 0.047631 0.200237
vt 0.048935 0.204457
vt 0.047944 0.199799
vt 0.052440 0.182575
vt 0.062694 0.209364
vt 0.064469 0.207140
vt 0.064110 0.207952
vt 0.065200 0.205510
vt 0.042977 0.186765
vt 0.047796 0.185207
vt 0.040463 0.234678
vt 0.028952 0.209947
vt 0.044476 0.225726
vt 0.051788 0.200839
vt 0.050541 0.201438
vt 0.027801 0.212592
vt 0.027499 0.213697
vt 0.047374 0.205266
vt 0.042917 0.237263
vt 0.064016 0.210340
vt 0.058488 0.211368
vt 0.060936 0.211264
vt 0.058408 0.206880
vt 0.047047 0.204328
vt 0.048919 0.205808
vt 0.051120 0.196324
vt 0.052350 0.196987
vt 0.056557 0.153406
vt 0.053919 0.149784
vt 0.053212 0.149159
vt 0.043349 0.185772
vt 0.037605 0.186768
vt 0.036970 0.186199
vt 0.037182 0.185374
vt 0.040187 0.174413
vt 0.027459 0.222850
vt 0.031809 0.227101
vt 0.035323 0.230492
vt 0.044608 0.227697
vt 0.024441 0.218163
vt 0.024584 0.217257
vt 0.051346 0.196546
vt 0.048069 0.197063
vt 0.047219 0.197450
vt 0.026830 0.207990
vt 0.034133 0.206148
vt 0.027473 0.207306
vt 0.046567 0.229821
vt 0.055928 0.206989
vt 0.056003 0.209146
vt 0.060934 0.208936
vt 0.065622 0.209267
vt 0.064375 0.209524
vt 0.027556 0.201472
vt 0.027859 0.200418
vt 0.047389 0.203912
vt 0.034186 0.195451
vt 0.048411 0.182945
vt 0.058483 0.206720
vt 0.064232 0.208243
vt 0.064961 0.206608
vt 0.063873 0.209057
vt 0.039227 0.186903
vt 0.038873 0.187917
vt 0.044430 0.227590
vt 0.042740 0.237179
vt 0.026617 0.205095
vt 0.041133 0.221710
vt 0.050556 0.200157
vt 0.033518 0.201171
vt 0.025826 0.213400
vt 0.026119 0.212233
vt 0.025152 0.207670
vt 0.057038 0.206846
vt 0.059552 0.209091
vt 0.062029 0.209020
vt 0.056001 0.206826
vt 0.026849 0.206357
vt 0.033536 0.199741
vt 0.051608 0.153825
vt 0.048364 0.150270
vt 0.047521 0.149668
vt 0.043159 0.185627
vt 0.033734 0.188548
vt 0.033010 0.188021
vt 0.033202 0.187183
vt 0.035907 0.176032
vt 0.025356 0.218066
vt 0.029189 0.222477
vt 0.032130 0.225902
vt 0.040280 0.234591
vt 0.022989 0.213388
vt 0.023124 0.212485
vt 0.046886 0.191914
vt 0.043057 0.191988
vt 0.042083 0.192273
vt 0.025824 0.206960
vt 0.032775 0.205556
vt 0.032158 0.200601
vt 0.043506 0.234434
vt 0.062027 0.206700
vt 0.059547 0.204461
vt 0.065105 0.207886
vt 0.026177 0.200015
vt 0.025884 0.201131
vt 0.032827 0.194905
vt 0.027492 0.205693
vt 0.032176 0.199178
vt 0.057035 0.204535
vt 0.044674 0.183820
vt 0.035516 0.188579
vt 0.040694 0.186291
vt 0.035178 0.189614
vt 0.035390 0.228502
vt 0.039764 0.221866
vt 0.041005 0.231828
vt 0.044554 0.227162
vt 0.025041 0.200383
vt 0.038236 0.217626
vt 0.023230 0.208874
vt 0.027480 0.216709
vt 0.034012 0.209492
vt 0.025171 0.206030
vt 0.046697 0.229395
vt 0.057113 0.206681
vt 0.059630 0.208928
vt 0.062108 0.208859
vt 0.025843 0.205342
vt 0.046944 0.183483
vt 0.047120 0.154804
vt 0.043320 0.151373
vt 0.042352 0.150807
vt 0.041308 0.185181
vt 0.040507 0.185738
vt 0.044802 0.183995
vt 0.030374 0.190863
vt 0.029573 0.190389
vt 0.029746 0.189538
vt 0.032185 0.178210
vt 0.023937 0.213387
vt 0.027181 0.217889
vt 0.029498 0.221286
vt 0.033480 0.225763
vt 0.038103 0.219520
vt 0.022267 0.208783
vt 0.022398 0.207885
vt 0.042999 0.187333
vt 0.038687 0.186984
vt 0.037605 0.187171
vt 0.035625 0.174419
vt 0.023250 0.204588
vt 0.037301 0.178539
vt 0.041052 0.231653
vt 0.043555 0.234261
vt 0.062106 0.206540
vt 0.059624 0.204299
vt 0.057110 0.204371
vt 0.027575 0.196533
vt 0.027276 0.197629
vt 0.034813 0.167904
vt 0.046768 0.182919
vt 0.032294 0.190769
vt 0.039926 0.185996
vt 0.044620 0.183430
vt 0.042978 0.185076
vt 0.031971 0.191825
vt 0.039498 0.221668
vt 0.033206 0.225585
vt 0.037833 0.219322
vt 0.044605 0.226986
vt 0.024256 0.195868
vt 0.035846 0.213534
vt 0.034789 0.169336
vt 0.022287 0.204408
vt 0.033589 0.211249
vt 0.039778 0.182859
vt 0.046750 0.229220
vt 0.034099 0.191906
vt 0.023997 0.200588
vt 0.035696 0.163688
vt 0.043198 0.156316
vt 0.038911 0.153060
vt 0.037834 0.152540
vt 0.035584 0.188569
vt 0.038384 0.187005
vt 0.044748 0.183026
vt 0.041236 0.183196
vt 0.027595 0.193673
vt 0.026731 0.193262
vt 0.026888 0.192399
vt 0.029103 0.180905
vt 0.035121 0.228325
vt 0.022419 0.203518
vt 0.035066 0.182105
vt 0.033894 0.182198
vt 0.030397 0.172914
vt 0.029457 0.167349
vt 0.029857 0.219424
vt 0.028650 0.216696
vt 0.032281 0.177400
vt 0.029319 0.194511
vt 0.028757 0.195345
vt 0.025455 0.196932
vt 0.029484 0.165785
vt 0.046901 0.182519
vt 0.029629 0.193435
vt 0.033657 0.189865
vt 0.039657 0.185456
vt 0.038251 0.187053
vt 0.043747 0.182559
vt 0.034639 0.213573
vt 0.035760 0.225531
vt 0.039610 0.221235
vt 0.033812 0.222785
vt 0.024278 0.191607
vt 0.023051 0.200325
vt 0.033252 0.210964
vt 0.029985 0.193506
vt 0.033678 0.191876
vt 0.037418 0.160799
vt 0.030477 0.161192
vt 0.039938 0.158327
vt 0.035246 0.155290
vt 0.034079 0.154827
vt 0.035964 0.189259
vt 0.035311 0.188044
vt 0.044799 0.182864
vt 0.041282 0.183035
vt 0.024542 0.196591
vt 0.024686 0.195718
vt 0.026727 0.184071
vt 0.037940 0.218888
vt 0.023187 0.199443
vt 0.031040 0.177403
vt 0.029110 0.172829
vt 0.028148 0.168518
vt 0.028175 0.164515
vt 0.034305 0.213287
vt 0.028310 0.216431
vt 0.029646 0.193027
vt 0.033338 0.191378
vt 0.034746 0.190348
vt 0.046955 0.182359
vt 0.033379 0.189339
vt 0.035953 0.185444
vt 0.037977 0.186512
vt 0.043796 0.182400
vt 0.035801 0.225354
vt 0.039656 0.221058
vt 0.033851 0.222607
vt 0.025108 0.187657
vt 0.029520 0.219159
vt 0.028831 0.213627
vt 0.028415 0.194865
vt 0.034410 0.189852
vt 0.032412 0.158017
vt 0.029192 0.160866
vt 0.031175 0.157619
vt 0.033988 0.186716
vt 0.039771 0.185045
vt 0.038086 0.186097
vt 0.037984 0.218710
vt 0.030063 0.216352
vt 0.034403 0.212851
vt 0.033347 0.210529
vt 0.028938 0.192173
vt 0.030191 0.190354
vt 0.033435 0.190955
vt 0.034027 0.186550
vt 0.035994 0.185280
vt 0.030098 0.216175
vt 0.028864 0.213449
vt 0.034510 0.189431
vt 0.038131 0.185930
vt 0.039818 0.184880
vt 0.034444 0.212673
vt 0.033386 0.210351
vt 0.028971 0.192002
vt 0.030226 0.190185
vt 0.033474 0.190784
vt 0.034550 0.189261
s 1
usemtl Felge.001
f 875/872/567 872/873/567 873/874/567
f 875/872/567 873/874/567 880/875/567
f 876/876/568 872/873/567 875/872/567
f 880/875/569 873/874/568 874/877/568
f 879/878/567 875/872/570 880/875/570
f 881/879/568 876/876/567 875/872/567
f 876/876/568 877/880/568 872/873/567
f 880/875/568 874/877/568 878/881/568
f 879/878/570 880/875/570 883/882/568
f 881/879/567 875/872/567 879/878/571
f 887/883/568 876/876/568 881/879/572
f 888/884/573 877/880/573 876/876/568
f 878/881/573 874/877/573 882/885/573
f 883/882/574 880/875/574 878/881/573
f 883/882/569 884/886/570 879/878/574
f 879/878/574 885/887/575 881/879/570
f 881/879/570 886/888/575 887/883/575
f 887/883/575 888/884/575 876/876/576
f 888/884/576 889/889/575 877/880/575
f 878/881/573 882/885/573 890/890/573
f 883/882/573 878/881/573 895/891/573
f 891/892/573 884/886/570 883/882/569
f 884/886/570 892/893/573 879/878/574
f 879/878/574 892/893/573 885/887/575
f 881/879/570 885/887/575 886/888/575
f 886/888/575 893/894/577 887/883/575
f 894/895/570 888/884/574 887/883/574
f 900/896/576 889/889/570 888/884/570
f 890/890/575 882/885/575 901/897/575
f 895/891/575 878/881/575 890/890/576
f 895/891/575 891/892/573 883/882/569
f 891/892/573 903/898/578 884/886/570
f 884/886/570 904/899/575 892/893/573
f 892/893/573 896/900/575 885/887/575
f 885/887/575 905/901/575 886/888/575
f 886/888/575 906/902/575 893/894/577
f 887/883/575 893/894/577 894/895/575
f 894/895/579 900/896/579 888/884/576
f 900/896/576 908/903/579 889/889/570
f 890/890/575 901/897/575 909/904/579
f 895/891/580 890/890/573 902/905/580
f 897/906/581 891/892/573 895/891/575
f 919/907/581 903/898/578 891/892/573
f 903/898/578 904/899/575 884/886/570
f 904/899/575 912/908/582 892/893/573
f 892/893/573 912/908/582 896/900/575
f 885/887/575 896/900/575 905/901/575
f 905/901/575 906/902/575 886/888/575
f 906/902/575 898/909/574 893/894/577
f 893/894/577 899/910/574 894/895/575
f 916/911/575 900/896/575 894/895/583
f 907/912/575 908/903/575 900/896/575
f 909/904/576 901/897/575 917/913/575
f 902/905/575 890/890/575 909/904/575
f 902/905/575 897/906/581 895/891/575
f 919/907/581 891/892/573 897/906/581
f 919/907/575 922/914/575 903/898/584
f 903/898/578 911/915/585 904/899/575
f 904/899/575 924/916/586 912/908/575
f 912/908/580 913/917/580 896/900/580
f 896/900/580 933/918/580 905/901/580
f 905/901/587 914/919/588 906/902/589
f 906/902/590 934/920/574 898/909/574
f 893/894/577 898/909/574 899/910/574
f 894/895/575 899/910/574 916/911/575
f 916/911/575 907/912/575 900/896/575
f 907/912/576 926/921/575 908/903/575
f 909/904/575 917/913/575 929/922/575
f 902/905/575 909/904/575 918/923/575
f 910/924/575 897/906/581 902/905/575
f 910/924/575 919/907/581 897/906/581
f 919/907/575 931/925/575 922/914/575
f 921/926/591 903/898/584 922/914/575
f 904/899/575 911/915/585 924/916/586
f 903/898/578 923/927/575 911/915/585
f 912/908/592 924/916/592 913/917/578
f 896/900/592 913/917/593 933/918/592
f 905/901/594 933/918/594 914/919/592
f 906/902/589 914/919/588 934/920/595
f 898/909/575 934/920/575 925/928/581
f 898/909/574 956/929/575 899/910/574
f 899/910/574 915/930/575 916/911/575
f 939/931/596 907/912/575 916/911/575
f 959/932/597 926/921/596 907/912/596
f 928/933/598 929/922/599 917/913/600
f 918/923/598 909/904/575 929/922/575
f 918/923/601 910/924/575 902/905/575
f 910/924/575 964/934/602 919/907/581
f 931/925/603 919/907/604 920/935/605
f 931/925/606 944/936/603 922/914/603
f 943/937/607 921/926/608 922/914/606
f 921/926/578 923/927/609 903/898/610
f 911/915/585 947/938/575 924/916/586
f 923/927/611 948/939/575 911/915/575
f 924/916/593 950/940/612 913/917/612
f 913/917/595 977/941/592 933/918/592
f 933/918/581 953/942/594 914/919/594
f 914/919/575 954/943/581 934/920/613
f 898/909/578 925/928/614 956/929/576
f 934/920/615 957/944/575 925/928/576
f 899/910/574 956/929/575 915/930/575
f 916/911/575 915/930/575 939/931/596
f 939/931/596 959/932/597 907/912/596
f 959/932/616 940/945/616 926/921/616
f 927/946/598 929/922/598 928/933/598
f 918/923/597 929/922/597 942/947/597
f 930/948/602 910/924/575 918/923/601
f 992/949/605 964/934/602 910/924/575
f 964/934/617 920/935/617 919/907/604
f 995/950/608 931/925/606 920/935/603
f 943/937/618 922/914/619 944/936/606
f 931/925/620 945/951/621 944/936/610
f 967/952/575 921/926/575 943/937/622
f 968/953/575 923/927/623 921/926/624
f 911/915/625 946/954/626 947/938/578
f 924/916/627 947/938/626 970/955/625
f 911/915/628 948/939/629 971/956/630
f 923/927/595 932/957/595 948/939/631
f 913/917/575 950/940/575 973/958/595
f 924/916/575 970/955/575 950/940/576
f 913/917/632 976/959/633 977/941/576
f 933/918/634 977/941/634 952/960/632
f 914/919/635 953/942/635 978/961/634
f 933/918/636 952/960/637 953/942/638
f 914/919/639 982/962/639 954/943/640
f 934/920/641 954/943/642 935/963/639
f 936/964/643 956/929/643 925/928/642
f 957/944/644 937/965/645 925/928/646
f 934/920/647 935/963/647 957/944/644
f 956/929/575 1016/966/647 915/930/575
f 915/930/575 938/967/648 939/931/596
f 989/968/620 959/932/648 939/931/649
f 958/969/650 940/945/620 959/932/620
f 941/970/575 927/946/650 928/933/650
f 927/946/575 942/947/575 929/922/575
f 942/947/575 930/948/602 918/923/601
f 930/948/602 992/949/605 910/924/575
f 992/949/627 963/971/651 964/934/575
f 964/934/630 994/972/630 920/935/630
f 1005/973/652 995/950/652 920/935/627
f 945/951/653 931/925/653 995/950/654
f 966/974/655 943/937/575 944/936/656
f 945/951/575 997/975/575 944/936/575
f 967/952/657 968/953/657 921/926/623
f 1000/976/632 967/952/633 943/937/658
f 968/953/659 932/957/659 923/927/633
f 911/915/660 971/956/660 946/954/659
f 969/977/661 947/938/661 946/954/660
f 947/938/662 1004/978/662 970/955/663
f 971/956/664 948/939/664 1004/978/665
f 932/957/639 972/979/639 948/939/639
f 973/958/639 950/940/639 949/980/639
f 913/917/666 973/958/667 976/959/639
f 970/955/668 974/981/668 950/940/666
f 951/982/669 977/941/669 976/959/670
f 977/941/644 949/980/644 952/960/643
f 978/961/644 953/942/644 979/983/668
f 914/919/671 978/961/671 982/962/644
f 952/960/672 980/984/673 953/942/648
f 982/962/674 1011/985/675 954/943/672
f 954/943/648 979/983/648 935/963/648
f 937/965/676 936/964/677 925/928/678
f 936/964/679 955/986/680 956/929/681
f 985/987/650 937/965/682 957/944/683
f 935/963/584 1031/988/584 957/944/650
f 956/929/575 955/986/575 1016/966/575
f 915/930/575 1016/966/647 938/967/648
f 939/931/596 938/967/648 989/968/575
f 989/968/684 958/969/684 959/932/684
f 958/969/684 960/989/684 940/945/684
f 1019/990/685 927/946/685 941/970/685
f 991/991/686 942/947/575 927/946/575
f 961/992/631 930/948/602 942/947/575
f 1021/993/686 992/949/605 930/948/602
f 992/949/575 962/994/575 963/971/575
f 993/995/575 964/934/623 963/971/575
f 993/995/687 994/972/688 964/934/687
f 994/972/657 1005/973/657 920/935/657
f 965/996/689 995/950/689 1005/973/689
f 1049/997/690 945/951/690 995/950/690
f 1000/976/691 943/937/691 966/974/691
f 966/974/615 944/936/615 997/975/615
f 945/951/692 996/998/692 997/975/693
f 968/953/694 967/952/695 998/999/695
f 999/1000/696 967/952/697 1000/976/696
f 965/996/639 932/957/639 968/953/639
f 971/956/698 1003/1001/699 946/954/700
f 1003/1001/664 969/977/701 946/954/639
f 969/977/639 1002/1002/702 947/938/703
f 1004/978/704 947/938/705 1001/1003/705
f 1004/978/644 948/939/644 970/955/644
f 1003/1001/706 971/956/706 1004/978/706
f 932/957/707 1006/1004/707 972/979/707
f 948/939/708 972/979/709 1026/1005/708
f 975/1006/644 973/958/710 949/980/706
f 949/980/711 950/940/711 952/960/711
f 973/958/648 975/1006/648 976/959/648
f 970/955/712 1026/1005/712 974/981/713
f 950/940/714 974/981/715 1010/1007/716
f 975/1006/648 951/982/711 976/959/648
f 951/982/717 1009/1008/717 977/941/717
f 949/980/718 977/941/719 1008/1009/718
f 978/961/720 979/983/721 1012/1010/722
f 979/983/723 953/942/723 935/963/723
f 978/961/718 1012/1010/718 982/962/724
f 952/960/575 1010/1007/575 980/984/725
f 953/942/584 980/984/584 981/1011/726
f 1012/1010/727 1011/985/728 982/962/684
f 1011/985/729 1028/1012/728 954/943/728
f 979/983/685 954/943/685 983/1013/685
f 984/1014/652 936/964/652 937/965/652
f 1014/1015/575 955/986/575 936/964/575
f 985/987/623 957/944/623 1015/1016/575
f 1029/1017/730 937/965/730 985/987/688
f 935/963/731 981/1011/732 1031/988/732
f 957/944/733 1031/988/734 986/1018/734
f 1075/1019/657 1016/966/657 955/986/657
f 938/967/648 1016/966/647 1078/1020/735
f 938/967/648 987/1021/735 989/968/575
f 988/1022/736 958/969/737 989/968/735
f 1081/1023/738 960/989/738 958/969/737
f 990/1024/739 1019/990/739 941/970/738
f 1019/990/615 991/991/596 927/946/740
f 991/991/615 961/992/631 942/947/575
f 961/992/631 1021/993/686 930/948/602
f 1021/993/741 1040/1025/742 992/949/741
f 962/994/743 992/949/743 1040/1025/743
f 962/994/743 1044/1026/744 963/971/743
f 1046/1027/745 993/995/745 963/971/745
f 1048/1028/746 994/972/746 993/995/746
f 994/972/699 1091/1029/699 1005/973/699
f 1005/973/747 932/957/747 965/996/747
f 1049/997/702 995/950/702 965/996/639
f 996/998/748 945/951/748 1049/997/748
f 1051/1030/749 1000/976/749 966/974/749
f 1050/1031/750 966/974/751 997/975/752
f 996/998/753 1052/1032/754 997/975/754
f 965/996/668 968/953/668 998/999/668
f 998/999/755 967/952/755 999/1000/755
f 999/1000/756 1000/976/757 1055/1033/758
f 1056/1034/759 969/977/707 1003/1001/707
f 969/977/760 1024/1035/760 1002/1002/760
f 1001/1003/708 947/938/708 1002/1002/708
f 1003/1001/761 1004/978/762 1001/1003/761
f 948/939/763 1026/1005/764 970/955/764
f 1005/973/711 1006/1004/711 932/957/711
f 1006/1004/765 1060/1036/766 972/979/767
f 972/979/768 1007/1037/769 1026/1005/768
f 975/1006/713 949/980/770 1008/1009/770
f 950/940/771 1010/1007/767 952/960/772
f 1026/1005/715 1063/1038/773 974/981/715
f 1063/1038/774 1010/1007/775 974/981/774
f 1103/1039/776 951/982/777 975/1006/776
f 951/982/778 1104/1040/779 1009/1008/779
f 1008/1009/780 977/941/781 1009/1008/780
f 1012/1010/782 979/983/783 983/1013/784
f 953/942/785 981/1011/785 935/963/785
f 1027/1041/786 980/984/723 1010/1007/787
f 980/984/788 1065/1042/789 981/1011/788
f 1109/1043/575 1011/985/575 1012/1010/575
f 1011/985/575 1013/1044/575 1028/1012/576
f 983/1013/790 954/943/791 1028/1012/792
f 1029/1017/793 984/1014/794 937/965/795
f 984/1014/796 1014/1015/797 936/964/796
f 1034/1045/685 955/986/685 1014/1015/685
f 985/987/623 1015/1016/575 1035/1046/623
f 957/944/623 986/1018/575 1015/1016/575
f 1114/1047/798 1029/1017/799 985/987/799
f 981/1011/800 1067/1048/801 1031/988/802
f 1031/988/803 1032/1049/803 986/1018/803
f 1034/1045/804 1075/1019/805 955/986/804
f 1075/1019/806 1076/1050/807 1016/966/806
f 938/967/648 1078/1020/735 987/1021/735
f 1016/966/657 1037/1051/657 1078/1020/808
f 989/968/575 987/1021/735 988/1022/743
f 988/1022/809 1081/1023/810 958/969/743
f 1081/1023/811 1017/1052/812 960/989/812
f 1018/1053/813 1019/990/811 990/1024/633
f 1039/1054/814 991/991/815 1019/990/813
f 1020/1055/816 961/992/631 991/991/615
f 1087/1056/817 1021/993/686 961/992/631
f 1086/1057/818 1040/1025/819 1021/993/818
f 1041/1058/820 962/994/741 1040/1025/821
f 1046/1027/822 963/971/743 1044/1026/744
f 962/994/823 1089/1059/823 1044/1026/823
f 1047/1060/824 993/995/824 1046/1027/824
f 1047/1060/825 1048/1028/826 993/995/826
f 1048/1028/827 1091/1029/827 994/972/827
f 1091/1029/828 1100/1061/829 1005/973/830
f 998/999/831 1049/997/758 965/996/758
f 1022/1062/832 996/998/832 1049/997/832
f 1050/1031/833 1051/1030/833 966/974/833
f 1051/1030/834 1054/1063/834 1000/976/834
f 1052/1032/754 1050/1031/754 997/975/754
f 996/998/769 1132/1064/769 1052/1032/769
f 999/1000/835 1022/1062/836 998/999/837
f 1023/1065/838 999/1000/838 1055/1033/838
f 1055/1033/839 1000/976/839 1054/1063/839
f 1001/1003/840 1056/1034/840 1003/1001/841
f 1056/1034/762 1024/1035/762 969/977/762
f 1002/1002/760 1024/1035/760 1025/1066/842
f 1001/1003/785 1002/1002/763 1099/1067/843
f 1005/973/844 1100/1061/785 1006/1004/785
f 1058/1068/845 1060/1036/844 1006/1004/844
f 1060/1036/846 1007/1037/845 972/979/845
f 1007/1037/847 1063/1038/846 1026/1005/846
f 1008/1009/775 1103/1039/847 975/1006/847
f 1063/1038/848 1027/1041/849 1010/1007/849
f 1103/1039/850 1104/1040/848 951/982/851
f 1009/1008/852 1104/1040/778 1138/1069/779
f 1008/1009/781 1009/1008/853 1136/1070/854
f 983/1013/855 1109/1043/856 1012/1010/856
f 1027/1041/857 1065/1042/858 980/984/859
f 1065/1042/860 1067/1048/857 981/1011/861
f 1109/1043/862 1013/1044/863 1011/985/863
f 1028/1012/864 1013/1044/862 1069/1071/865
f 983/1013/866 1028/1012/867 1107/1072/867
f 1111/1073/578 984/1014/866 1029/1017/866
f 984/1014/868 1070/1074/575 1014/1015/575
f 1113/1075/575 1034/1045/869 1014/1015/868
f 1035/1046/792 1015/1016/575 1076/1050/575
f 1114/1047/792 985/987/870 1035/1046/794
f 1015/1016/796 986/1018/792 1030/1076/792
f 1114/1047/685 1130/1077/796 1029/1017/796
f 1067/1048/623 1032/1049/685 1031/988/685
f 1032/1049/623 1071/1078/575 986/1018/575
f 1033/1079/798 1075/1019/623 1034/1045/575
f 1035/1046/871 1076/1050/798 1075/1019/798
f 1016/966/872 1076/1050/871 1037/1051/873
f 1078/1020/735 1036/1080/874 987/1021/735
f 1118/1081/875 1078/1020/876 1037/1051/877
f 987/1021/735 1038/1082/878 988/1022/743
f 1080/1083/879 1081/1023/879 988/1022/879
f 1122/1084/880 1017/1052/880 1081/1023/880
f 1124/1085/881 1018/1053/881 990/1024/882
f 1018/1053/883 1039/1054/883 1019/990/884
f 1039/1054/885 1020/1055/816 991/991/615
f 1020/1055/816 1087/1056/817 961/992/631
f 1087/1056/633 1086/1057/886 1021/993/887
f 1086/1057/888 1125/1086/811 1040/1025/811
f 1125/1086/889 1041/1058/890 1040/1025/890
f 1089/1059/891 962/994/889 1041/1058/889
f 1042/1087/892 1046/1027/893 1044/1026/894
f 1089/1059/895 1043/1088/892 1044/1026/892
f 1045/1089/896 1047/1060/895 1046/1027/895
f 1048/1028/897 1047/1060/898 1155/1090/898
f 1092/1091/572 1091/1029/897 1048/1028/897
f 1091/1029/824 1128/1092/567 1100/1061/567
f 998/999/899 1022/1062/900 1049/997/900
f 996/998/901 1022/1062/826 1042/1087/899
f 1110/1093/884 1051/1030/902 1050/1031/903
f 1129/1094/904 1054/1063/883 1051/1030/883
f 1160/1095/905 1050/1031/906 1052/1032/907
f 1094/1096/836 1052/1032/905 1132/1064/905
f 1043/1088/573 1132/1064/837 996/998/837
f 1022/1062/838 999/1000/573 1045/1089/573
f 1045/1089/839 999/1000/838 1023/1065/838
f 1055/1033/841 1053/1097/839 1023/1065/839
f 1054/1063/908 1096/1098/841 1055/1033/909
f 1001/1003/840 1099/1067/908 1056/1034/840
f 1098/1099/612 1024/1035/611 1056/1034/910
f 1024/1035/760 1057/1100/611 1025/1066/842
f 1099/1067/844 1002/1002/844 1025/1066/844
f 1100/1061/911 1058/1068/845 1006/1004/845
f 1058/1068/912 1059/1101/846 1060/1036/846
f 1060/1036/846 1061/1102/847 1007/1037/913
f 1007/1037/913 1062/1103/914 1063/1038/847
f 1008/1009/915 1136/1070/914 1103/1039/916
f 1062/1103/914 1027/1041/917 1063/1038/847
f 1102/1104/718 1104/1040/718 1103/1039/918
f 1104/1040/919 1105/1105/919 1138/1069/719
f 1136/1070/854 1009/1008/853 1138/1069/919
f 983/1013/920 1107/1072/920 1109/1043/921
f 1064/1106/922 1065/1042/920 1027/1041/917
f 1065/1042/920 1066/1107/922 1067/1048/858
f 1108/1108/923 1013/1044/923 1109/1043/923
f 1013/1044/860 1068/1109/860 1069/1071/863
f 1107/1072/924 1028/1012/862 1069/1071/862
f 1111/1073/925 1070/1074/925 984/1014/926
f 1130/1077/927 1111/1073/927 1029/1017/927
f 1113/1075/869 1014/1015/928 1070/1074/869
f 1074/1110/623 1034/1045/623 1113/1075/575
f 1076/1050/929 1015/1016/930 1077/1111/930
f 1114/1047/575 1035/1046/575 1033/1079/575
f 986/1018/931 1071/1078/931 1030/1076/932
f 1015/1016/932 1030/1076/932 1077/1111/932
f 1144/1112/933 1130/1077/933 1114/1047/934
f 1067/1048/858 1072/1113/797 1032/1049/796
f 1032/1049/796 1073/1114/575 1071/1078/796
f 1074/1110/623 1033/1079/575 1034/1045/623
f 1033/1079/935 1035/1046/575 1075/1019/575
f 1076/1050/936 1077/1111/935 1037/1051/935
f 1078/1020/937 1148/1115/936 1036/1080/936
f 987/1021/735 1036/1080/874 1038/1082/878
f 1118/1081/938 1148/1115/939 1078/1020/939
f 1079/1116/940 1118/1081/941 1037/1051/942
f 988/1022/743 1038/1082/878 1080/1083/943
f 1080/1083/944 1122/1084/944 1081/1023/943
f 1122/1084/945 1121/1117/945 1017/1052/944
f 1123/1118/946 1018/1053/947 1124/1085/881
f 1082/1119/948 1039/1054/883 1018/1053/883
f 1083/1120/949 1020/1055/816 1039/1054/885
f 1084/1121/949 1087/1056/817 1020/1055/816
f 1085/1122/950 1086/1057/950 1087/1056/951
f 1088/1123/952 1125/1086/952 1086/1057/952
f 1092/1091/811 1041/1058/811 1125/1086/811
f 1126/1124/953 1089/1059/954 1041/1058/955
f 1045/1089/956 1046/1027/956 1042/1087/957
f 1042/1087/956 1044/1026/958 1043/1088/956
f 1089/1059/959 1127/1125/959 1043/1088/959
f 1090/1126/960 1047/1060/960 1045/1089/961
f 1092/1091/962 1048/1028/962 1155/1090/962
f 1155/1090/954 1047/1060/963 1090/1126/954
f 1125/1086/964 1091/1029/964 1092/1091/964
f 1125/1086/965 1128/1092/965 1091/1029/965
f 1128/1092/959 1093/1127/959 1100/1061/959
f 996/998/567 1042/1087/567 1043/1088/567
f 1022/1062/966 1045/1089/967 1042/1087/824
f 1131/1128/968 1110/1093/968 1050/1031/968
f 1110/1093/884 1129/1094/902 1051/1030/902
f 1129/1094/902 1158/1129/902 1054/1063/901
f 1160/1095/905 1052/1032/907 1094/1096/969
f 1131/1128/970 1050/1031/971 1160/1095/971
f 1094/1096/836 1132/1064/905 1182/1130/972
f 1127/1125/972 1132/1064/972 1043/1088/972
f 1133/1131/972 1045/1089/972 1023/1065/972
f 1023/1065/573 1053/1097/573 1095/1132/972
f 1055/1033/972 1096/1098/972 1053/1097/573
f 1054/1063/973 1097/1133/839 1096/1098/970
f 1099/1067/908 1098/1099/974 1056/1034/840
f 1098/1099/841 1057/1100/841 1024/1035/909
f 1025/1066/842 1057/1100/611 1135/1134/908
f 1099/1067/592 1025/1066/908 1134/1135/908
f 1093/1127/972 1058/1068/592 1100/1061/975
f 1101/1136/972 1059/1101/846 1058/1068/912
f 1059/1101/846 1061/1102/847 1060/1036/846
f 1061/1102/847 1062/1103/914 1007/1037/913
f 1136/1070/972 1102/1104/976 1103/1039/972
f 1062/1103/914 1064/1106/922 1027/1041/917
f 1102/1104/846 1105/1105/846 1104/1040/972
f 1138/1069/847 1105/1105/847 1106/1137/846
f 1136/1070/914 1138/1069/914 1137/1138/977
f 1107/1072/718 1108/1108/978 1109/1043/979
f 1064/1106/922 1066/1107/922 1065/1042/920
f 1066/1107/922 1072/1113/797 1067/1048/858
f 1108/1108/980 1068/1109/981 1013/1044/724
f 1069/1071/982 1068/1109/983 1140/1139/984
f 1107/1072/985 1069/1071/985 1139/1140/986
f 1110/1093/987 1070/1074/988 1111/1073/989
f 1111/1073/920 1130/1077/920 1129/1094/987
f 1112/1141/990 1113/1075/991 1070/1074/920
f 1141/1142/992 1074/1110/992 1113/1075/993
f 1144/1112/994 1114/1047/995 1033/1079/996
f 1071/1078/972 1115/1143/972 1030/1076/995
f 1077/1111/972 1030/1076/972 1142/1144/997
f 1130/1077/998 1144/1112/998 1158/1129/970
f 1072/1113/797 1073/1114/575 1032/1049/796
f 1073/1114/575 1116/1145/998 1071/1078/796
f 1144/1112/999 1033/1079/999 1074/1110/1000
f 1077/1111/987 1079/1116/987 1037/1051/987
f 1145/1146/1001 1036/1080/1002 1148/1115/1003
f 1036/1080/874 1146/1147/575 1038/1082/878
f 1149/1148/1004 1148/1115/575 1118/1081/575
f 1117/1149/1005 1118/1081/1003 1079/1116/1002
f 1038/1082/878 1119/1150/1006 1080/1083/943
f 1120/1151/575 1122/1084/575 1080/1083/1007
f 1190/1152/932 1121/1117/932 1122/1084/575
f 1172/1153/931 1123/1118/931 1124/1085/931
f 1123/1118/933 1082/1119/933 1018/1053/931
f 1082/1119/933 1083/1120/949 1039/1054/885
f 1083/1120/949 1084/1121/949 1020/1055/816
f 1084/1121/796 1085/1122/1008 1087/1056/796
f 1085/1122/575 1198/1154/575 1086/1057/575
f 1199/1155/575 1088/1123/575 1086/1057/575
f 1088/1123/935 1153/1156/935 1125/1086/935
f 1126/1124/1009 1041/1058/936 1092/1091/936
f 1127/1125/1010 1089/1059/1010 1126/1124/1010
f 1090/1126/1011 1045/1089/1012 1133/1131/1011
f 1155/1090/1013 1126/1124/1013 1092/1091/1013
f 1090/1126/1014 1154/1157/1014 1155/1090/1014
f 1153/1156/944 1128/1092/1015 1125/1086/944
f 1156/1158/950 1093/1127/950 1128/1092/950
f 1209/1159/1016 1110/1093/1016 1131/1128/1016
f 1110/1093/950 1111/1073/1017 1129/1094/1017
f 1129/1094/951 1130/1077/951 1158/1129/1017
f 1158/1129/902 1097/1133/1018 1054/1063/901
f 1094/1096/1019 1178/1160/1020 1160/1095/1020
f 1160/1095/954 1180/1161/1021 1131/1128/1021
f 1182/1130/954 1132/1064/954 1161/1162/954
f 1182/1130/956 1159/1163/1022 1094/1096/1023
f 1127/1125/956 1161/1162/956 1132/1064/1024
f 1023/1065/956 1095/1132/956 1133/1131/956
f 1099/1067/908 1134/1135/957 1098/1099/974
f 1057/1100/959 1098/1099/959 1134/1135/956
f 1057/1100/956 1134/1135/1024 1135/1134/959
f 1134/1135/908 1025/1066/908 1135/1134/957
f 1093/1127/1025 1101/1136/972 1058/1068/912
f 1136/1070/1026 1137/1138/1025 1102/1104/1025
f 1105/1105/1027 1102/1104/1026 1137/1138/1026
f 1105/1105/1028 1137/1138/1027 1106/1137/1027
f 1137/1138/1025 1138/1069/1029 1106/1137/1029
f 1107/1072/959 1139/1140/965 1108/1108/965
f 1108/1108/572 1139/1140/959 1068/1109/1030
f 1068/1109/824 1139/1140/572 1140/1139/572
f 1139/1140/1031 1069/1071/824 1140/1139/824
f 1110/1093/901 1177/1164/826 1070/1074/826
f 1112/1141/1032 1141/1142/1033 1113/1075/1034
f 1211/1165/972 1112/1141/1035 1070/1074/1035
f 1141/1142/1036 1215/1166/972 1074/1110/972
f 1071/1078/796 1116/1145/998 1115/1143/972
f 1030/1076/972 1115/1143/972 1142/1144/997
f 1077/1111/573 1142/1144/573 1143/1167/972
f 1158/1129/972 1144/1112/972 1164/1168/1037
f 1144/1112/974 1074/1110/839 1164/1168/972
f 1217/1169/1038 1079/1116/1038 1077/1111/974
f 1145/1146/1039 1188/1170/910 1036/1080/1038
f 1147/1171/975 1145/1146/975 1148/1115/908
f 1166/1172/970 1146/1147/976 1036/1080/1040
f 1038/1082/878 1146/1147/575 1119/1150/1006
f 1147/1171/972 1148/1115/970 1149/1148/972
f 1117/1149/846 1149/1148/846 1118/1081/972
f 1184/1173/847 1117/1149/847 1079/1116/1041
f 1080/1083/943 1119/1150/1006 1120/1151/913
f 1190/1152/914 1122/1084/914 1120/1151/914
f 1191/1174/1042 1121/1117/932 1190/1152/932
f 1150/1175/1043 1123/1118/931 1172/1153/1044
f 1194/1176/1042 1082/1119/933 1123/1118/933
f 1151/1177/1045 1083/1120/949 1082/1119/933
f 1083/1120/949 1152/1178/1045 1084/1121/949
f 1223/1179/1046 1085/1122/1047 1084/1121/1048
f 1085/1122/1049 1224/1180/1050 1198/1154/1051
f 1199/1155/856 1086/1057/1052 1198/1154/1047
f 1173/1181/1053 1088/1123/1053 1199/1155/1054
f 1201/1182/996 1153/1156/996 1088/1123/1053
f 1154/1157/1055 1127/1125/1056 1126/1124/996
f 1203/1183/972 1090/1126/972 1133/1131/1057
f 1154/1157/972 1126/1124/972 1155/1090/972
f 1175/1184/781 1154/1157/780 1090/1126/972
f 1153/1156/1058 1156/1158/1059 1128/1092/781
f 1156/1158/1060 1157/1185/1061 1093/1127/1025
f 1131/1128/575 1207/1186/1062 1209/1159/1060
f 1209/1159/1016 1177/1164/575 1110/1093/1016
f 1158/1129/1063 1165/1187/1064 1097/1133/575
f 1159/1163/1065 1178/1160/1066 1094/1096/1064
f 1178/1160/575 1210/1188/575 1160/1095/1066
f 1160/1095/1067 1210/1188/1068 1180/1161/575
f 1180/1161/1069 1207/1186/1070 1131/1128/1071
f 1182/1130/1072 1161/1162/1072 1162/1189/1068
f 1181/1190/1073 1159/1163/933 1182/1130/1074
f 1127/1125/575 1231/1191/575 1161/1162/933
f 1174/1192/575 1133/1131/575 1095/1132/575
f 1157/1185/1061 1101/1136/972 1093/1127/1025
f 1177/1164/1075 1211/1165/1076 1070/1074/575
f 1141/1142/1077 1112/1141/1078 1184/1173/1076
f 1211/1165/1079 1212/1193/1080 1112/1141/1078
f 1215/1166/1081 1141/1142/1082 1214/1194/1083
f 1164/1168/1084 1074/1110/1085 1215/1166/1081
f 1116/1145/998 1163/1195/1085 1115/1143/972
f 1142/1144/1086 1115/1143/1087 1185/1196/1088
f 1217/1169/1089 1077/1111/1090 1143/1167/1089
f 1143/1167/1091 1142/1144/1091 1186/1197/1091
f 1164/1168/1092 1165/1187/1092 1158/1129/1092
f 1184/1173/1093 1079/1116/1093 1217/1169/1093
f 1187/1198/1094 1188/1170/1095 1145/1146/1095
f 1166/1172/1096 1036/1080/1096 1188/1170/1096
f 1167/1199/1097 1145/1146/1097 1147/1171/1097
f 1219/1200/1098 1146/1147/1098 1166/1172/1099
f 1146/1147/575 1237/1201/1024 1119/1150/1006
f 1168/1202/1100 1147/1171/956 1149/1148/956
f 1117/1149/1101 1169/1203/1102 1149/1148/1102
f 1112/1141/1029 1117/1149/1101 1184/1173/1103
f 1119/1150/1006 1170/1204/1029 1120/1151/913
f 1171/1205/1104 1190/1152/1104 1120/1151/1029
f 1241/1206/1105 1191/1174/1105 1190/1152/1106
f 1193/1207/1029 1150/1175/1029 1172/1153/1107
f 1150/1175/567 1194/1176/567 1123/1118/1029
f 1194/1176/572 1151/1177/1045 1082/1119/933
f 1151/1177/1045 1152/1178/1045 1083/1120/949
f 1152/1178/1108 1223/1179/1109 1084/1121/1109
f 1223/1179/1108 1173/1181/1108 1085/1122/1109
f 1173/1181/1110 1224/1180/902 1085/1122/1111
f 1224/1180/972 1197/1208/972 1198/1154/972
f 1198/1154/573 1283/1209/573 1199/1155/573
f 1173/1181/1112 1199/1155/1112 1226/1210/1113
f 1173/1181/1112 1201/1182/1112 1088/1123/1114
f 1206/1211/1115 1153/1156/1116 1201/1182/1116
f 1175/1184/612 1127/1125/612 1154/1157/592
f 1203/1183/1117 1205/1212/1118 1090/1126/1118
f 1203/1183/1119 1133/1131/1119 1174/1192/1120
f 1205/1212/914 1175/1184/914 1090/1126/914
f 1206/1211/1121 1156/1158/1121 1153/1156/1121
f 1176/1213/1047 1157/1185/1061 1156/1158/1060
f 1207/1186/1122 1208/1214/1123 1209/1159/1123
f 1183/1215/1049 1177/1164/1124 1209/1159/1125
f 1159/1163/972 1210/1188/1049 1178/1160/1049
f 1210/1188/1126 1179/1216/972 1180/1161/972
f 1179/1216/1127 1207/1186/1128 1180/1161/1128
f 1231/1191/1129 1162/1189/1127 1161/1162/1130
f 1162/1189/1131 1181/1190/1132 1182/1130/1133
f 1181/1190/1134 1258/1217/1135 1159/1163/1135
f 1127/1125/1136 1202/1218/1137 1231/1191/1137
f 1183/1215/1138 1211/1165/1139 1177/1164/1140
f 1214/1194/1141 1141/1142/1138 1184/1173/1138
f 1112/1141/575 1212/1193/1142 1169/1203/1141
f 1266/1219/1143 1212/1193/575 1211/1165/655
f 1215/1166/1064 1214/1194/1143 1167/1199/1144
f 1164/1168/1145 1215/1166/1146 1233/1220/1064
f 1163/1195/1085 1185/1196/1145 1115/1143/972
f 1142/1144/575 1185/1196/575 1186/1197/1147
f 1217/1169/1068 1143/1167/1071 1187/1198/575
f 1218/1221/1068 1143/1167/1148 1186/1197/1068
f 1164/1168/1092 1234/1222/1068 1165/1187/1092
f 1214/1194/1072 1184/1173/1072 1217/1169/1072
f 1187/1198/1149 1143/1167/1149 1188/1170/1149
f 1167/1199/575 1187/1198/575 1145/1146/575
f 1218/1221/575 1166/1172/575 1188/1170/575
f 1189/1223/1075 1167/1199/1150 1147/1171/1075
f 1219/1200/1151 1237/1201/1083 1146/1147/1078
f 1219/1200/1152 1166/1172/1083 1305/1224/1079
f 1119/1150/1006 1237/1201/1024 1170/1204/1029
f 1189/1223/1079 1147/1171/1079 1168/1202/1079
f 1168/1202/1153 1149/1148/1153 1169/1203/1153
f 1112/1141/1154 1169/1203/1154 1117/1149/1155
f 1120/1151/913 1170/1204/1029 1171/1205/1156
f 1241/1206/1157 1190/1152/1156 1171/1205/1158
f 1242/1225/1159 1191/1174/1157 1241/1206/1157
f 1192/1226/1160 1150/1175/1161 1193/1207/1161
f 1221/1227/972 1194/1176/1162 1150/1175/1162
f 1195/1228/972 1151/1177/1045 1194/1176/572
f 1151/1177/1045 1196/1229/972 1152/1178/1045
f 1245/1230/1163 1223/1179/1163 1152/1178/1163
f 1222/1231/1164 1173/1181/1164 1223/1179/1096
f 1173/1181/958 1226/1210/956 1224/1180/958
f 1225/1232/1165 1197/1208/1166 1224/1180/1166
f 1198/1154/1167 1197/1208/1168 1283/1209/1102
f 1226/1210/1169 1199/1155/1169 1283/1209/1101
f 1200/1233/1170 1201/1182/1163 1173/1181/1170
f 1227/1234/1029 1206/1211/1029 1201/1182/1029
f 1175/1184/1171 1202/1218/1171 1127/1125/1171
f 1204/1235/1172 1205/1212/1173 1203/1183/1174
f 1229/1236/1175 1203/1183/1175 1174/1192/1175
f 1204/1235/1176 1175/1184/1176 1205/1212/1177
f 1206/1211/1178 1176/1213/1047 1156/1158/1060
f 1207/1186/1179 1287/1237/1178 1208/1214/1178
f 1209/1159/1180 1208/1214/1181 1183/1215/1181
f 1159/1163/1182 1258/1217/1180 1210/1188/1183
f 1210/1188/1184 1257/1238/1185 1179/1216/1185
f 1179/1216/972 1255/1239/1186 1207/1186/1187
f 1261/1240/1128 1162/1189/1177 1231/1191/972
f 1291/1241/1188 1181/1190/1189 1162/1189/1189
f 1181/1190/1190 1265/1242/1191 1258/1217/1192
f 1231/1191/1096 1202/1218/1193 1175/1184/1193
f 1266/1219/1194 1211/1165/1195 1183/1215/1195
f 1212/1193/1196 1232/1243/1197 1169/1203/1198
f 1213/1244/1141 1212/1193/1196 1266/1219/1196
f 1214/1194/1199 1187/1198/1200 1167/1199/1200
f 1215/1166/1201 1167/1199/1202 1189/1223/1203
f 1233/1220/575 1215/1166/1204 1189/1223/1205
f 1233/1220/1206 1234/1222/575 1164/1168/575
f 1163/1195/1085 1216/1245/1207 1185/1196/1145
f 1185/1196/1003 1268/1246/1003 1186/1197/1208
f 1214/1194/1209 1217/1169/1210 1187/1198/1003
f 1218/1221/575 1188/1170/575 1143/1167/1209
f 1218/1221/1211 1186/1197/1211 1235/1247/1212
f 1218/1221/1213 1305/1224/1211 1166/1172/1211
f 1306/1248/1214 1237/1201/1214 1219/1200/1211
f 1219/1200/1072 1305/1224/1215 1272/1249/1214
f 1237/1201/1024 1236/1250/1072 1170/1204/1029
f 1239/1251/576 1189/1223/578 1168/1202/578
f 1295/1252/1216 1168/1202/575 1169/1203/623
f 1170/1204/1029 1220/1253/1217 1171/1205/1156
f 1278/1254/1218 1241/1206/1217 1171/1205/1219
f 1277/1255/1079 1242/1225/1218 1241/1206/1220
f 1309/1256/1221 1192/1226/1083 1193/1207/1079
f 1192/1226/1222 1221/1227/1223 1150/1175/1224
f 1221/1227/1222 1195/1228/972 1194/1176/572
f 1195/1228/972 1196/1229/972 1151/1177/1045
f 1196/1229/1080 1245/1230/1080 1152/1178/1225
f 1245/1230/1153 1247/1257/1226 1223/1179/1080
f 1248/1258/1227 1222/1231/1228 1223/1179/1226
f 1222/1231/1161 1200/1233/1161 1173/1181/1227
f 1224/1180/1229 1226/1210/1230 1252/1259/1161
f 1224/1180/1231 1252/1259/1232 1225/1232/1229
f 1250/1260/1233 1197/1208/1233 1225/1232/1175
f 1197/1208/1160 1251/1261/1160 1283/1209/1234
f 1252/1259/976 1226/1210/976 1283/1209/1235
f 1227/1234/1236 1201/1182/1237 1200/1233/972
f 1227/1234/1238 1228/1262/1239 1206/1211/1178
f 1319/1263/575 1204/1235/1240 1203/1183/1241
f 1319/1263/1242 1203/1183/575 1229/1236/575
f 1231/1191/1243 1175/1184/1244 1204/1235/1244
f 1228/1262/1239 1176/1213/1047 1206/1211/1178
f 1287/1237/1175 1254/1264/1243 1208/1214/1243
f 1255/1239/1245 1287/1237/1175 1207/1186/1231
f 1208/1214/1246 1293/1265/1247 1183/1215/1247
f 1258/1217/1248 1257/1238/1246 1210/1188/1246
f 1257/1238/1249 1230/1266/1248 1179/1216/1248
f 1230/1266/1250 1255/1239/1251 1179/1216/1238
f 1260/1267/1252 1261/1240/1253 1231/1191/1254
f 1261/1240/1255 1291/1241/1256 1162/1189/1256
f 1291/1241/1257 1265/1242/1255 1181/1190/1255
f 1265/1242/1258 1264/1268/1257 1258/1217/1257
f 1183/1215/970 1293/1265/1259 1266/1219/1260
f 1232/1243/1261 1240/1269/972 1169/1203/972
f 1232/1243/1257 1212/1193/1262 1213/1244/1262
f 1266/1219/1263 1331/1270/1264 1213/1244/1264
f 1233/1220/1096 1189/1223/1265 1238/1271/1266
f 1233/1220/1267 1299/1272/1096 1234/1222/1096
f 1185/1196/1145 1216/1245/1207 1268/1246/1267
f 1186/1197/1268 1268/1246/1268 1235/1247/1267
f 1269/1273/1269 1218/1221/1269 1235/1247/1270
f 1303/1274/1271 1305/1224/1271 1218/1221/1272
f 1306/1248/1273 1236/1250/1274 1237/1201/1275
f 1271/1275/1201 1306/1248/1276 1219/1200/1274
f 1305/1224/1277 1273/1276/1278 1272/1249/1276
f 1269/1273/575 1219/1200/576 1272/1249/1279
f 1170/1204/1029 1236/1250/1072 1220/1253/1217
f 1238/1271/1280 1189/1223/1280 1239/1251/575
f 1239/1251/1281 1168/1202/1281 1295/1252/1282
f 1295/1252/1283 1169/1203/1001 1240/1269/1281
f 1171/1205/1156 1220/1253/1217 1278/1254/1001
f 1277/1255/575 1241/1206/584 1278/1254/575
f 1279/1277/1213 1242/1225/1213 1277/1255/1213
f 1344/1278/1284 1192/1226/1284 1309/1256/1284
f 1280/1279/1214 1221/1227/1214 1192/1226/1214
f 1221/1227/1222 1243/1280/1285 1195/1228/972
f 1195/1228/972 1347/1281/1286 1196/1229/972
f 1244/1282/575 1245/1230/584 1196/1229/1072
f 1245/1230/623 1246/1283/575 1247/1257/584
f 1248/1258/1219 1223/1179/1219 1247/1257/575
f 1312/1284/1287 1222/1231/1287 1248/1258/1219
f 1249/1285/1083 1200/1233/1083 1222/1231/1287
f 1225/1232/1288 1252/1259/1288 1250/1260/1080
f 1250/1260/1233 1251/1261/1289 1197/1208/1233
f 1251/1261/1222 1284/1286/1222 1283/1209/1222
f 1252/1259/1290 1283/1209/1291 1353/1287/1290
f 1282/1288/1292 1227/1234/1293 1200/1233/1294
f 1253/1289/1227 1228/1262/1239 1227/1234/1238
f 1317/1290/1227 1204/1235/1240 1319/1263/575
f 1356/1291/1295 1319/1263/1295 1229/1236/1227
f 1317/1290/1227 1231/1191/1296 1204/1235/1240
f 1208/1214/1297 1254/1264/1298 1293/1265/1297
f 1287/1237/1299 1359/1292/1299 1254/1264/1300
f 1255/1239/1301 1256/1293/1302 1287/1237/1302
f 1292/1294/972 1257/1238/972 1258/1217/972
f 1257/1238/1303 1321/1295/1303 1230/1266/1303
f 1230/1266/1236 1324/1296/1236 1255/1239/1236
f 1259/1297/1304 1261/1240/1304 1260/1267/1304
f 1260/1267/1242 1231/1191/1296 1317/1290/1227
f 1261/1240/1305 1262/1298/1244 1291/1241/1244
f 1291/1241/1306 1263/1299/1307 1265/1242/1307
f 1258/1217/1308 1264/1268/1231 1292/1294/1175
f 1265/1242/1309 1330/1300/1308 1264/1268/1310
f 1293/1265/1311 1331/1270/1309 1266/1219/1312
f 1232/1243/1313 1295/1252/1314 1240/1269/1314
f 1297/1301/1315 1232/1243/1255 1213/1244/1255
f 1331/1270/1316 1296/1302/1315 1213/1244/1315
f 1238/1271/1317 1299/1272/1316 1233/1220/1316
f 1216/1245/1207 1267/1303/1317 1268/1246/1267
f 1268/1246/1257 1300/1304/1257 1235/1247/1318
f 1269/1273/1319 1302/1305/1320 1218/1221/1257
f 1269/1273/1251 1235/1247/1251 1301/1306/1319
f 1302/1305/970 1303/1274/970 1218/1221/1238
f 1305/1224/1321 1303/1274/1321 1336/1307/1177
f 1270/1308/1317 1236/1250/1317 1306/1248/1321
f 1271/1275/1271 1377/1309/1271 1306/1248/1322
f 1271/1275/1266 1219/1200/1266 1269/1273/1323
f 1272/1249/1324 1273/1276/1325 1304/1310/1263
f 1305/1224/1326 1335/1311/1327 1273/1276/1328
f 1269/1273/1324 1272/1249/1324 1302/1305/1327
f 1236/1250/1072 1274/1312/1324 1220/1253/1217
f 1238/1271/575 1239/1251/575 1275/1313/575
f 1275/1313/1329 1239/1251/1330 1295/1252/1330
f 1220/1253/1217 1276/1314/1331 1278/1254/1001
f 1307/1315/575 1277/1255/1332 1278/1254/1332
f 1308/1316/1333 1279/1277/575 1277/1255/575
f 1346/1317/1334 1344/1278/1334 1309/1256/1334
f 1344/1278/1335 1280/1279/1334 1192/1226/1334
f 1280/1279/1336 1243/1280/1285 1221/1227/1222
f 1243/1280/1285 1347/1281/1286 1195/1228/972
f 1347/1281/1214 1244/1282/1337 1196/1229/1338
f 1244/1282/575 1312/1284/575 1245/1230/1214
f 1312/1284/575 1246/1283/575 1245/1230/623
f 1246/1283/1339 1386/1318/1339 1247/1257/575
f 1247/1257/1340 1311/1319/1341 1248/1258/1342
f 1312/1284/1343 1248/1258/1343 1281/1320/1343
f 1312/1284/1293 1249/1285/1293 1222/1231/1340
f 1282/1288/1344 1200/1233/1344 1249/1285/1293
f 1250/1260/1345 1252/1259/1345 1353/1287/1345
f 1313/1321/1346 1251/1261/1346 1250/1260/1345
f 1251/1261/1347 1314/1322/1347 1284/1286/1348
f 1353/1287/1290 1283/1209/1291 1284/1286/1347
f 1282/1288/1349 1253/1289/1227 1227/1234/1238
f 1355/1323/1350 1317/1290/1351 1319/1263/1351
f 1285/1324/972 1319/1263/972 1356/1291/972
f 1332/1325/1352 1293/1265/1352 1254/1264/1300
f 1359/1292/1299 1332/1325/1352 1254/1264/1300
f 1286/1326/1353 1359/1292/1353 1287/1237/1354
f 1256/1293/1177 1286/1326/1177 1287/1237/1177
f 1255/1239/1355 1289/1327/1355 1256/1293/1355
f 1292/1294/1356 1321/1295/1356 1257/1238/1356
f 1321/1295/1357 1365/1328/1357 1230/1266/1357
f 1324/1296/1358 1230/1266/1358 1288/1329/1358
f 1324/1296/1359 1289/1327/1359 1255/1239/1359
f 1290/1330/1360 1259/1297/1361 1260/1267/1361
f 1259/1297/1352 1262/1298/1300 1261/1240/1300
f 1260/1267/1362 1317/1290/1310 1318/1331/1310
f 1262/1298/1363 1367/1332/1363 1291/1241/1363
f 1291/1241/1364 1367/1332/1364 1263/1299/1364
f 1265/1242/1357 1263/1299/1357 1327/1333/1357
f 1264/1268/1365 1329/1334/1365 1292/1294/1365
f 1265/1242/1366 1327/1333/1367 1330/1300/1366
f 1330/1300/1368 1328/1335/1368 1264/1268/1368
f 1332/1325/1369 1331/1270/1369 1293/1265/1369
f 1294/1336/1238 1295/1252/1370 1232/1243/1370
f 1213/1244/1371 1296/1302/1372 1297/1301/1372
f 1371/1337/1373 1232/1243/1374 1297/1301/1374
f 1372/1338/1375 1296/1302/1376 1331/1270/1376
f 1238/1271/1324 1298/1339/1377 1299/1272/1324
f 1268/1246/1267 1267/1303/1317 1300/1304/1378
f 1235/1247/1379 1300/1304/1380 1301/1306/1380
f 1271/1275/1381 1269/1273/1382 1301/1306/1382
f 1303/1274/1324 1302/1305/1383 1304/1310/1384
f 1303/1274/575 1304/1310/1324 1336/1307/1277
f 1305/1224/1385 1336/1307/575 1335/1311/578
f 1270/1308/1386 1274/1312/1387 1236/1250/1388
f 1270/1308/1389 1306/1248/1390 1377/1309/1391
f 1376/1340/575 1377/1309/1392 1271/1275/1392
f 1272/1249/1393 1304/1310/575 1302/1305/575
f 1273/1276/1394 1375/1341/1395 1304/1310/1394
f 1273/1276/1336 1335/1311/1333 1337/1342/1333
f 1274/1312/1324 1276/1314/1331 1220/1253/1217
f 1275/1313/1396 1298/1339/1335 1238/1271/1335
f 1275/1313/575 1295/1252/1214 1294/1336/1214
f 1278/1254/1001 1276/1314/1331 1307/1315/575
f 1308/1316/575 1277/1255/584 1307/1315/575
f 1342/1343/1342 1279/1277/1397 1308/1316/584
f 1345/1344/1343 1344/1278/1343 1346/1317/1397
f 1346/1317/1343 1309/1256/1343 1383/1345/1398
f 1343/1346/1343 1280/1279/1334 1344/1278/1335
f 1280/1279/1336 1310/1347/1343 1243/1280/1285
f 1243/1280/1285 1471/1348/1399 1347/1281/1286
f 1347/1281/1400 1431/1349/1401 1244/1282/1399
f 1433/1350/1402 1312/1284/1403 1244/1282/1400
f 1312/1284/1346 1281/1320/1346 1246/1283/1404
f 1350/1351/1405 1386/1318/1347 1246/1283/1346
f 1247/1257/685 1386/1318/1406 1311/1319/1347
f 1281/1320/1351 1248/1258/1407 1311/1319/1408
f 1351/1352/972 1249/1285/972 1312/1284/1407
f 1352/1353/1409 1282/1288/1299 1249/1285/972
f 1250/1260/1410 1353/1287/1411 1313/1321/1412
f 1313/1321/1413 1314/1322/1352 1251/1261/1410
f 1314/1322/1414 1354/1354/1415 1284/1286/1300
f 1353/1287/1416 1284/1286/1417 1315/1355/1415
f 1316/1356/1418 1253/1289/1227 1282/1288/1349
f 1317/1290/1419 1355/1323/1419 1318/1331/1418
f 1355/1323/1420 1319/1263/1420 1390/1357/1420
f 1391/1358/1359 1285/1324/1421 1356/1291/1421
f 1390/1357/1422 1319/1263/1422 1285/1324/1422
f 1358/1359/1299 1332/1325/1352 1359/1292/1299
f 1286/1326/1299 1360/1360/1300 1359/1292/1300
f 1256/1293/1423 1320/1361/1423 1286/1326/1424
f 1289/1327/1425 1447/1362/1426 1256/1293/1427
f 1292/1294/1428 1361/1363/1428 1321/1295/1428
f 1321/1295/1429 1363/1364/1430 1365/1328/1431
f 1365/1328/1368 1322/1365/1432 1230/1266/1368
f 1230/1266/1433 1323/1366/1434 1288/1329/1435
f 1324/1296/1436 1288/1329/1437 1398/1367/1438
f 1324/1296/1439 1392/1368/1439 1289/1327/1439
f 1366/1369/1255 1259/1297/1440 1290/1330/1440
f 1325/1370/976 1290/1330/976 1260/1267/976
f 1259/1297/1374 1400/1371/1374 1262/1298/1374
f 1260/1267/1279 1318/1331/1279 1325/1370/1325
f 1262/1298/1441 1326/1372/1376 1367/1332/1441
f 1263/1299/1324 1367/1332/1277 1368/1373/1324
f 1263/1299/1442 1405/1374/1443 1327/1333/1442
f 1329/1334/1444 1264/1268/1445 1328/1335/1445
f 1329/1334/1446 1407/1375/1446 1292/1294/1446
f 1327/1333/1447 1370/1376/1382 1330/1300/1448
f 1330/1300/1449 1370/1376/1449 1328/1335/1449
f 1410/1377/1450 1331/1270/1451 1332/1325/1450
f 1371/1337/1324 1294/1336/1324 1232/1243/1324
f 1296/1302/575 1333/1378/575 1297/1301/575
f 1412/1379/1452 1371/1337/1453 1297/1301/1454
f 1372/1338/1455 1460/1380/1455 1296/1302/1455
f 1410/1377/575 1372/1338/575 1331/1270/575
f 1267/1303/1317 1334/1381/1456 1300/1304/1378
f 1301/1306/1457 1300/1304/1458 1374/1382/1456
f 1271/1275/1459 1301/1306/1460 1415/1383/1460
f 1375/1341/1335 1336/1307/1461 1304/1310/1459
f 1335/1311/575 1336/1307/1336 1417/1384/1336
f 1419/1385/623 1274/1312/575 1270/1308/575
f 1270/1308/1462 1377/1309/575 1420/1386/575
f 1421/1387/1463 1376/1340/1464 1271/1275/1462
f 1377/1309/1340 1376/1340/1463 1464/1388/1465
f 1273/1276/1466 1337/1342/1340 1375/1341/1399
f 1337/1342/1467 1335/1311/1468 1461/1389/1468
f 1274/1312/1324 1338/1390/1467 1276/1314/1331
f 1428/1391/1340 1298/1339/1343 1275/1313/1467
f 1411/1392/1469 1275/1313/1469 1294/1336/1340
f 1276/1314/1331 1339/1393/1470 1307/1315/575
f 1340/1394/1471 1308/1316/1471 1307/1315/1472
f 1341/1395/1404 1342/1343/1404 1308/1316/1404
f 1345/1344/1346 1343/1346/1346 1344/1278/1346
f 1382/1396/1347 1345/1344/1347 1346/1317/1347
f 1469/1397/685 1346/1317/685 1383/1345/685
f 1280/1279/1336 1343/1346/972 1310/1347/1343
f 1243/1280/1285 1310/1347/1343 1471/1348/1399
f 1471/1348/1473 1431/1349/976 1347/1281/972
f 1431/1349/1474 1348/1398/1475 1244/1282/1476
f 1385/1399/1477 1433/1350/1474 1244/1282/1478
f 1433/1350/1416 1351/1352/1479 1312/1284/1479
f 1246/1283/1417 1281/1320/1419 1349/1400/1417
f 1246/1283/1417 1349/1400/1417 1350/1351/1417
f 1435/1401/1419 1386/1318/1419 1350/1351/1419
f 1386/1318/1480 1478/1402/1419 1311/1319/1417
f 1349/1400/1481 1281/1320/1482 1311/1319/1482
f 1352/1353/1483 1249/1285/1481 1351/1352/1484
f 1352/1353/1485 1316/1356/1418 1282/1288/1349
f 1313/1321/1486 1353/1287/1419 1315/1355/1483
f 1313/1321/1487 1354/1354/1410 1314/1322/1419
f 1315/1355/1488 1284/1286/1489 1354/1354/1410
f 1318/1331/1490 1355/1323/1490 1441/1403/1424
f 1438/1404/1491 1355/1323/1491 1390/1357/1490
f 1390/1357/1492 1285/1324/1492 1391/1358/1493
f 1391/1358/1430 1356/1291/1364 1357/1405/1494
f 1358/1359/1495 1359/1292/1496 1360/1360/1430
f 1393/1406/1430 1332/1325/1430 1358/1359/1497
f 1286/1326/1498 1320/1361/1498 1360/1360/1499
f 1256/1293/1500 1447/1362/1501 1320/1361/1498
f 1448/1407/1502 1447/1362/1503 1289/1327/1504
f 1361/1363/1505 1292/1294/1506 1369/1408/1502
f 1361/1363/1436 1362/1409/1438 1321/1295/1439
f 1362/1409/1507 1363/1364/1508 1321/1295/1437
f 1363/1364/1509 1364/1410/1509 1365/1328/1507
f 1365/1328/972 1395/1411/972 1322/1365/1255
f 1230/1266/1510 1322/1365/1511 1323/1366/1177
f 1323/1366/1512 1396/1412/1513 1288/1329/1514
f 1288/1329/1515 1397/1413/1516 1398/1367/1512
f 1324/1296/1517 1398/1367/1517 1392/1368/1517
f 1289/1327/1518 1392/1368/1519 1393/1406/1515
f 1401/1414/1520 1366/1369/1444 1290/1330/1519
f 1366/1369/1521 1400/1371/1522 1259/1297/1520
f 1325/1370/1446 1494/1415/1446 1290/1330/1521
f 1400/1371/1523 1403/1416/1524 1262/1298/1525
f 1325/1370/1526 1318/1331/1526 1440/1417/1523
f 1262/1298/1527 1497/1418/1528 1326/1372/1526
f 1326/1372/575 1503/1419/575 1367/1332/1529
f 1368/1373/1316 1367/1332/1316 1456/1420/575
f 1263/1299/1530 1368/1373/1531 1405/1374/1316
f 1405/1374/578 1406/1421/584 1327/1333/1532
f 1329/1334/1457 1328/1335/1533 1457/1422/575
f 1407/1375/1457 1329/1334/1457 1457/1422/1457
f 1407/1375/1459 1369/1408/1534 1292/1294/1535
f 1406/1421/1459 1370/1376/1459 1327/1333/1459
f 1370/1376/1335 1408/1423/1335 1328/1335/1459
f 1409/1424/575 1410/1377/575 1332/1325/1335
f 1411/1392/575 1294/1336/1324 1371/1337/1324
f 1296/1302/575 1460/1380/575 1333/1378/575
f 1412/1379/1464 1297/1301/1464 1333/1378/1464
f 1371/1337/1463 1412/1379/1463 1413/1425/1463
f 1372/1338/1343 1516/1426/1343 1460/1380/1343
f 1373/1427/1466 1372/1338/1468 1410/1377/1466
f 1300/1304/1378 1334/1381/1456 1374/1382/1536
f 1301/1306/1537 1374/1382/1538 1415/1383/1538
f 1416/1428/1539 1271/1275/1540 1415/1383/1541
f 1375/1341/1542 1417/1384/1539 1336/1307/1539
f 1335/1311/1404 1417/1384/1471 1461/1389/1472
f 1419/1385/1346 1338/1390/1543 1274/1312/1403
f 1521/1429/1544 1419/1385/1346 1270/1308/1346
f 1377/1309/1408 1463/1430/1347 1420/1386/1347
f 1416/1428/972 1270/1308/685 1420/1386/1408
f 1416/1428/1545 1421/1387/972 1271/1275/1177
f 1376/1340/1546 1421/1387/1545 1422/1431/1547
f 1376/1340/1548 1422/1431/1546 1464/1388/1546
f 1377/1309/1549 1464/1388/1550 1378/1432/1550
f 1337/1342/1417 1424/1433/1551 1375/1341/1551
f 1337/1342/1333 1461/1389/1552 1465/1434/1552
f 1338/1390/1467 1339/1393/1470 1276/1314/1331
f 1379/1435/1553 1428/1391/1553 1275/1313/1553
f 1379/1435/1554 1275/1313/1555 1411/1392/1555
f 1307/1315/575 1339/1393/1470 1340/1394/1556
f 1341/1395/1404 1308/1316/1404 1340/1394/1557
f 1380/1436/1557 1342/1343/1404 1341/1395/1402
f 1343/1346/972 1345/1344/1558 1310/1347/1343
f 1345/1344/1558 1382/1396/1558 1381/1437/1558
f 1382/1396/1559 1346/1317/1481 1469/1397/1559
f 1469/1397/1560 1383/1345/1560 1384/1438/1560
f 1310/1347/1343 1381/1437/1558 1471/1348/1399
f 1471/1348/1561 1472/1439/1561 1431/1349/1561
f 1431/1349/1562 1432/1440/1563 1348/1398/1563
f 1385/1399/1419 1244/1282/1564 1348/1398/1419
f 1430/1441/1478 1433/1350/1474 1385/1399/1474
f 1434/1442/1565 1351/1352/1566 1433/1350/1565
f 1350/1351/1567 1349/1400/1567 1435/1401/1567
f 1435/1401/1568 1478/1402/1569 1386/1318/1568
f 1478/1402/1570 1436/1443/1571 1311/1319/1571
f 1349/1400/1572 1311/1319/1573 1387/1444/1572
f 1388/1445/1574 1352/1353/1574 1351/1352/1574
f 1389/1446/1575 1316/1356/1418 1352/1353/1485
f 1313/1321/1576 1315/1355/1577 1354/1354/1578
f 1441/1403/1579 1355/1323/1580 1438/1404/1576
f 1440/1417/1581 1318/1331/1582 1441/1403/1579
f 1438/1404/1583 1390/1357/1584 1443/1447/1585
f 1390/1357/1436 1391/1358/1586 1444/1448/1586
f 1445/1449/1587 1391/1358/1436 1357/1405/1436
f 1483/1450/1588 1358/1359/1589 1360/1360/1590
f 1393/1406/1591 1358/1359/1592 1483/1450/1592
f 1392/1368/1507 1332/1325/1593 1393/1406/1593
f 1320/1361/976 1446/1451/1508 1360/1360/1594
f 1447/1362/1595 1484/1452/1177 1320/1361/972
f 1289/1327/1596 1399/1453/1597 1448/1407/1597
f 1448/1407/1284 1485/1454/1598 1447/1362/1598
f 1369/1408/1599 1449/1455/1284 1361/1363/1284
f 1487/1456/1600 1362/1409/1599 1361/1363/1599
f 1362/1409/1446 1394/1457/1601 1363/1364/1601
f 1363/1364/1521 1394/1457/1521 1364/1410/1446
f 1365/1328/1602 1364/1410/1521 1395/1411/1446
f 1322/1365/1526 1395/1411/1602 1451/1458/1602
f 1322/1365/1528 1396/1412/1603 1323/1366/1604
f 1396/1412/575 1397/1413/1528 1288/1329/1528
f 1397/1413/1366 1452/1459/575 1398/1367/575
f 1409/1424/1436 1392/1368/1605 1398/1367/1605
f 1393/1406/1606 1399/1453/1436 1289/1327/1437
f 1366/1369/1607 1401/1414/575 1400/1371/575
f 1401/1414/1608 1290/1330/1608 1402/1460/1608
f 1453/1461/1534 1494/1415/1608 1325/1370/1608
f 1494/1415/1609 1402/1460/1459 1290/1330/1534
f 1401/1414/1610 1403/1416/1609 1400/1371/1609
f 1262/1298/575 1403/1416/1611 1455/1462/1612
f 1440/1417/575 1453/1461/575 1325/1370/575
f 1497/1418/1613 1499/1463/575 1326/1372/575
f 1262/1298/1614 1455/1462/1615 1497/1418/1613
f 1367/1332/1614 1503/1419/1616 1456/1420/1616
f 1326/1372/1617 1404/1464/1616 1503/1419/1614
f 1368/1373/1618 1456/1420/1619 1449/1455/1617
f 1405/1374/1620 1368/1373/1620 1369/1408/1621
f 1405/1374/1622 1554/1465/1620 1406/1421/1620
f 1457/1422/1623 1328/1335/1622 1408/1423/1624
f 1507/1466/1541 1407/1375/1623 1457/1422/1623
f 1405/1374/1625 1369/1408/1540 1407/1375/1540
f 1406/1421/1176 1509/1467/1625 1370/1376/1625
f 1370/1376/1404 1509/1467/972 1408/1423/1176
f 1392/1368/1626 1409/1424/1404 1332/1325/1627
f 1409/1424/685 1373/1427/1628 1410/1377/1626
f 1371/1337/1629 1556/1468/685 1411/1392/685
f 1460/1380/1630 1459/1469/1629 1333/1378/1629
f 1513/1470/1631 1412/1379/1632 1333/1378/1633
f 1371/1337/1550 1413/1425/1634 1556/1468/1634
f 1412/1379/1635 1514/1471/1548 1413/1425/1548
f 1373/1427/1419 1516/1426/1635 1372/1338/1636
f 1516/1426/1637 1458/1472/1419 1460/1380/1419
f 1334/1381/1456 1414/1473/1638 1374/1382/1536
f 1415/1383/1639 1374/1382/1639 1520/1474/1637
f 1416/1428/1640 1415/1383/1640 1519/1475/1641
f 1424/1433/1642 1417/1384/1642 1375/1341/1643
f 1461/1389/1644 1417/1384/1644 1522/1476/1642
f 1418/1477/1645 1338/1390/1646 1419/1385/1645
f 1614/1478/1647 1419/1385/1647 1521/1429/1644
f 1521/1429/1648 1270/1308/1648 1416/1428/1649
f 1420/1386/1650 1463/1430/1650 1422/1431/1648
f 1377/1309/1651 1378/1432/1652 1463/1430/1653
f 1416/1428/1654 1420/1386/1655 1421/1387/1651
f 1420/1386/1656 1422/1431/1657 1421/1387/1658
f 1525/1479/1419 1464/1388/1417 1422/1431/1656
f 1378/1432/1550 1464/1388/1550 1423/1480/1416
f 1337/1342/1659 1465/1434/1567 1424/1433/1550
f 1465/1434/1660 1461/1389/1661 1425/1481/1567
f 1338/1390/1467 1426/1482/1661 1339/1393/1470
f 1427/1483/575 1428/1391/575 1379/1435/575
f 1528/1484/1662 1379/1435/1662 1411/1392/1662
f 1339/1393/1470 1466/1485/1663 1340/1394/1556
f 1530/1486/1664 1341/1395/1663 1340/1394/1663
f 1467/1487/1665 1380/1436/1664 1341/1395/1666
f 1310/1347/1343 1345/1344/1558 1381/1437/1558
f 1381/1437/1558 1382/1396/1558 1429/1488/1667
f 1468/1489/1364 1382/1396/1430 1469/1397/1665
f 1571/1490/1668 1469/1397/1669 1384/1438/1430
f 1381/1437/1558 1533/1491/1670 1471/1348/1399
f 1471/1348/1671 1437/1492/1672 1472/1439/1672
f 1472/1439/1673 1430/1441/1674 1431/1349/1674
f 1431/1349/1675 1430/1441/1676 1432/1440/1675
f 1536/1493/1677 1348/1398/1677 1432/1440/1677
f 1348/1398/1678 1575/1494/1584 1385/1399/1498
f 1430/1441/1679 1385/1399/1680 1473/1495/1680
f 1434/1442/1436 1433/1350/1436 1430/1441/1436
f 1388/1445/1587 1351/1352/1587 1434/1442/1587
f 1435/1401/1588 1349/1400/1588 1387/1444/1681
f 1476/1496/1682 1478/1402/1682 1435/1401/1683
f 1478/1402/1684 1477/1497/1685 1436/1443/1685
f 1387/1444/1686 1311/1319/1687 1436/1443/1686
f 1388/1445/972 1389/1446/1575 1352/1353/1485
f 1437/1492/1688 1441/1403/972 1438/1404/976
f 1439/1498/1689 1440/1417/1690 1441/1403/1690
f 1442/1499/1691 1443/1447/1689 1390/1357/1692
f 1480/1500/1599 1438/1404/1284 1443/1447/1211
f 1444/1448/1600 1391/1358/1599 1540/1501/1693
f 1444/1448/1694 1442/1499/1600 1390/1357/1600
f 1391/1358/1695 1445/1449/1694 1540/1501/1694
f 1445/1449/1696 1357/1405/1697 1482/1502/1697
f 1483/1450/1446 1360/1360/1698 1446/1451/1446
f 1393/1406/1699 1483/1450/1446 1399/1453/1700
f 1320/1361/1701 1484/1452/1702 1446/1451/1703
f 1447/1362/1704 1485/1454/1699 1484/1452/1699
f 1399/1453/1526 1543/1503/1705 1448/1407/1706
f 1544/1504/1527 1485/1454/1526 1448/1407/1526
f 1368/1373/575 1449/1455/1529 1369/1408/1528
f 1449/1455/1436 1487/1456/575 1361/1363/575
f 1487/1456/1436 1489/1505/1436 1362/1409/1437
f 1362/1409/575 1489/1505/1436 1394/1457/1436
f 1394/1457/1607 1490/1506/575 1364/1410/575
f 1364/1410/1608 1491/1507/1608 1395/1411/1608
f 1395/1411/575 1450/1508/1607 1451/1458/1607
f 1322/1365/575 1451/1458/575 1396/1412/575
f 1396/1412/1609 1492/1509/575 1397/1413/575
f 1452/1459/1609 1397/1413/1609 1586/1510/1609
f 1398/1367/575 1452/1459/1610 1409/1424/1609
f 1454/1511/1707 1401/1414/575 1402/1460/575
f 1494/1415/1614 1453/1461/1613 1550/1512/1707
f 1494/1415/1614 1551/1513/1614 1402/1460/1616
f 1401/1414/1614 1454/1511/1614 1403/1416/1616
f 1403/1416/1708 1592/1514/1614 1455/1462/1614
f 1534/1515/1709 1453/1461/1708 1440/1417/1710
f 1326/1372/1622 1499/1463/1709 1404/1464/1711
f 1497/1418/1712 1498/1516/1713 1499/1463/1714
f 1455/1462/1149 1501/1517/1623 1497/1418/1715
f 1503/1419/1716 1505/1518/933 1456/1420/1717
f 1404/1464/972 1504/1519/1718 1503/1419/1718
f 1456/1420/1628 1545/1520/972 1449/1455/976
f 1405/1374/1719 1507/1466/1720 1554/1465/1626
f 1554/1465/1721 1508/1521/1722 1406/1421/1723
f 1457/1422/1633 1408/1423/1721 1555/1522/1721
f 1507/1466/1724 1457/1422/1725 1555/1522/1726
f 1407/1375/1727 1507/1466/1728 1405/1374/1728
f 1508/1521/1729 1509/1467/1727 1406/1421/1727
f 1509/1467/1730 1511/1523/1731 1408/1423/1731
f 1603/1524/1419 1373/1427/1730 1409/1424/1730
f 1411/1392/1732 1556/1468/1564 1528/1484/1419
f 1458/1472/1733 1459/1469/1734 1460/1380/1732
f 1513/1470/1735 1333/1378/1555 1459/1469/1736
f 1513/1470/1737 1514/1471/1735 1412/1379/1735
f 1413/1425/1738 1514/1471/1739 1556/1468/1739
f 1373/1427/1740 1515/1525/1741 1516/1426/1741
f 1458/1472/1742 1516/1426/1743 1559/1526/1740
f 1374/1382/1536 1414/1473/1638 1520/1474/1744
f 1415/1383/1745 1520/1474/1745 1519/1475/1745
f 1521/1429/1647 1416/1428/1647 1519/1475/1746
f 1424/1433/1648 1522/1476/1648 1417/1384/1647
f 1461/1389/1747 1522/1476/1747 1425/1481/1648
f 1418/1477/1658 1462/1527/1658 1338/1390/1748
f 1418/1477/1749 1419/1385/1750 1614/1478/1751
f 1564/1528/1752 1614/1478/1752 1521/1429/1753
f 1463/1430/1754 1525/1479/1754 1422/1431/1752
f 1463/1430/1755 1378/1432/1756 1524/1529/1757
f 1525/1479/1550 1423/1480/1550 1464/1388/1755
f 1378/1432/1758 1423/1480/1759 1568/1530/1550
f 1424/1433/1760 1465/1434/1761 1425/1481/1758
f 1338/1390/1467 1462/1527/1761 1426/1482/1661
f 1339/1393/1470 1426/1482/1661 1466/1485/1663
f 1569/1531/1762 1427/1483/1762 1379/1435/1763
f 1379/1435/1764 1528/1484/1764 1570/1532/1764
f 1530/1486/1664 1340/1394/1663 1466/1485/1765
f 1467/1487/1758 1341/1395/1663 1530/1486/1664
f 1382/1396/1558 1468/1489/1759 1429/1488/1667
f 1381/1437/1558 1429/1488/1667 1533/1491/1670
f 1468/1489/1766 1469/1397/1766 1571/1490/1766
f 1571/1490/1767 1384/1438/1767 1470/1533/1767
f 1471/1348/1768 1533/1491/1768 1439/1498/1768
f 1439/1498/1769 1437/1492/1769 1471/1348/1770
f 1437/1492/1771 1480/1500/1772 1472/1439/1773
f 1472/1439/1364 1538/1534/1430 1430/1441/1430
f 1430/1441/1774 1473/1495/1774 1432/1440/1774
f 1573/1535/1578 1536/1493/1775 1432/1440/1578
f 1348/1398/1776 1536/1493/1777 1575/1494/1776
f 1575/1494/1430 1473/1495/1778 1385/1399/1430
f 1474/1536/1779 1434/1442/1779 1430/1441/1779
f 1475/1537/1498 1388/1445/1498 1434/1442/1498
f 1435/1401/1780 1387/1444/1781 1476/1496/1781
f 1476/1496/1686 1477/1497/1686 1478/1402/1782
f 1477/1497/1783 1578/1538/1783 1436/1443/1783
f 1387/1444/1784 1436/1443/1784 1537/1539/1784
f 1479/1540/1785 1389/1446/1575 1388/1445/972
f 1437/1492/1786 1438/1404/1785 1480/1500/1785
f 1439/1498/1787 1441/1403/1786 1437/1492/1786
f 1439/1498/1788 1534/1515/1789 1440/1417/1789
f 1442/1499/1790 1550/1512/1791 1443/1447/1788
f 1480/1500/972 1443/1447/1792 1549/1541/1793
f 1539/1542/1688 1444/1448/972 1540/1501/972
f 1481/1543/1692 1442/1499/1690 1444/1448/1690
f 1540/1501/1284 1445/1449/1794 1541/1544/1795
f 1580/1545/1599 1445/1449/1211 1482/1502/1211
f 1582/1546/1796 1483/1450/1797 1446/1451/1599
f 1399/1453/1798 1483/1450/1799 1582/1546/1796
f 1484/1452/1800 1584/1547/1798 1446/1451/1801
f 1485/1454/1802 1542/1548/1803 1484/1452/1803
f 1399/1453/1695 1582/1546/1804 1543/1503/1804
f 1448/1407/1446 1543/1503/1805 1544/1504/1806
f 1544/1504/1807 1486/1549/1446 1485/1454/1446
f 1545/1520/1457 1487/1456/1808 1449/1455/1808
f 1488/1550/1809 1489/1505/1456 1487/1456/1810
f 1489/1505/1603 1546/1551/1811 1394/1457/1811
f 1394/1457/1811 1546/1551/1811 1490/1506/1603
f 1364/1410/1812 1490/1506/1813 1491/1507/1814
f 1395/1411/576 1491/1507/575 1450/1508/1527
f 1451/1458/1607 1450/1508/1607 1547/1552/575
f 1396/1412/1436 1451/1458/1436 1492/1509/1436
f 1397/1413/1815 1492/1509/1815 1586/1510/1815
f 1452/1459/575 1586/1510/575 1589/1553/575
f 1452/1459/1816 1603/1524/1817 1409/1424/1816
f 1454/1511/1816 1402/1460/1816 1493/1554/1816
f 1496/1555/575 1550/1512/575 1453/1461/575
f 1494/1415/575 1550/1512/575 1442/1499/576
f 1551/1513/1818 1494/1415/1819 1481/1543/1819
f 1551/1513/1820 1495/1556/1819 1402/1460/1820
f 1403/1416/575 1454/1511/575 1592/1514/575
f 1455/1462/1821 1592/1514/1821 1500/1557/1821
f 1534/1515/1822 1496/1555/1823 1453/1461/1823
f 1647/1558/1614 1404/1464/1824 1499/1463/1614
f 1497/1418/1825 1502/1559/1826 1498/1516/1826
f 1498/1516/1827 1699/1560/1827 1499/1463/1828
f 1455/1462/1829 1500/1557/1614 1501/1517/1616
f 1501/1517/1708 1502/1559/1708 1497/1418/1708
f 1503/1419/1830 1504/1519/1831 1505/1518/1832
f 1505/1518/1711 1545/1520/1711 1456/1420/1709
f 1404/1464/1622 1506/1561/1622 1504/1519/1714
f 1507/1466/1833 1598/1562/1834 1554/1465/1833
f 1554/1465/934 1599/1563/933 1508/1521/933
f 1555/1522/1177 1408/1423/1176 1511/1523/972
f 1598/1562/1835 1507/1466/1835 1555/1522/1836
f 1508/1521/1837 1510/1564/1837 1509/1467/1837
f 1509/1467/1838 1510/1564/1838 1511/1523/1838
f 1603/1524/1839 1512/1565/1839 1373/1427/1839
f 1529/1566/1840 1528/1484/1840 1556/1468/1840
f 1604/1567/1841 1459/1469/1842 1458/1472/1843
f 1557/1568/1844 1513/1470/1845 1459/1469/1846
f 1513/1470/1727 1558/1569/1727 1514/1471/1727
f 1514/1471/1847 1605/1570/1847 1556/1468/1848
f 1515/1525/1849 1373/1427/1850 1512/1565/1730
f 1515/1525/1851 1662/1571/1638 1516/1426/1637
f 1517/1572/1736 1559/1526/1733 1516/1426/1736
f 1609/1573/1852 1458/1472/1853 1559/1526/1852
f 1414/1473/1638 1518/1574/1556 1520/1474/1744
f 1519/1475/1854 1520/1474/1737 1561/1575/1737
f 1521/1429/1855 1519/1475/1856 1611/1576/1857
f 1522/1476/1858 1424/1433/1859 1425/1481/1859
f 1562/1577/1858 1462/1527/1858 1418/1477/1858
f 1418/1477/1860 1614/1478/1861 1523/1578/1862
f 1615/1579/1647 1564/1528/1745 1521/1429/1745
f 1614/1478/1648 1564/1528/1647 1619/1580/1647
f 1463/1430/1863 1524/1529/1864 1525/1479/1864
f 1524/1529/1865 1378/1432/1866 1568/1530/1866
f 1566/1581/1867 1423/1480/1865 1525/1479/1865
f 1568/1530/1750 1423/1480/1868 1567/1582/1868
f 1462/1527/1761 1526/1583/1753 1426/1482/1661
f 1426/1482/1661 1527/1584/1753 1466/1485/1663
f 1569/1531/1762 1379/1435/1763 1570/1532/1727
f 1570/1532/1869 1528/1484/1727 1529/1566/1727
f 1626/1585/1870 1530/1486/1871 1466/1485/1872
f 1625/1586/1873 1467/1487/1874 1530/1486/1875
f 1429/1488/1667 1468/1489/1759 1531/1587/1873
f 1429/1488/1667 1678/1588/1873 1533/1491/1670
f 1629/1589/1876 1468/1489/1876 1571/1490/1876
f 1532/1590/1877 1571/1490/1878 1470/1533/1877
f 1533/1491/1879 1534/1515/1880 1439/1498/1880
f 1472/1439/1881 1480/1500/1881 1538/1534/1882
f 1474/1536/1883 1430/1441/1883 1538/1534/1883
f 1432/1440/1884 1473/1495/1885 1574/1591/1885
f 1432/1440/1886 1574/1591/1886 1573/1535/1887
f 1535/1592/1888 1536/1493/1888 1573/1535/1889
f 1536/1493/1890 1633/1593/1890 1575/1494/1891
f 1574/1591/1668 1473/1495/1668 1575/1494/1892
f 1475/1537/1578 1434/1442/1578 1474/1536/1578
f 1479/1540/1785 1388/1445/972 1475/1537/1893
f 1476/1496/1894 1387/1444/1893 1537/1539/1895
f 1476/1496/1779 1578/1538/1896 1477/1497/1897
f 1537/1539/1584 1436/1443/1779 1578/1538/1779
f 1550/1512/1898 1549/1541/1899 1443/1447/1581
f 1538/1534/1900 1480/1500/1898 1549/1541/1898
f 1539/1542/1901 1540/1501/1900 1687/1594/1902
f 1636/1595/1785 1444/1448/1903 1539/1542/1903
f 1481/1543/1904 1444/1448/1785 1636/1595/1785
f 1481/1543/1905 1494/1415/1906 1442/1499/1907
f 1691/1596/1908 1540/1501/1909 1541/1544/1909
f 1445/1449/1910 1580/1545/1911 1541/1544/1911
f 1580/1545/1599 1482/1502/1211 1581/1597/1912
f 1582/1546/1177 1446/1451/1176 1584/1547/1912
f 1484/1452/1913 1542/1548/1914 1584/1547/972
f 1485/1454/1915 1486/1549/1915 1542/1548/1916
f 1543/1503/1284 1582/1546/1284 1639/1598/1917
f 1543/1503/1918 1583/1599/1919 1544/1504/1284
f 1638/1600/1920 1486/1549/1920 1544/1504/1599
f 1488/1550/1921 1487/1456/1922 1545/1520/1923
f 1585/1601/1924 1489/1505/1924 1488/1550/1801
f 1585/1601/1925 1546/1551/1926 1489/1505/1921
f 1451/1458/1609 1547/1552/1609 1492/1509/1925
f 1492/1509/1456 1548/1602/1456 1586/1510/1609
f 1589/1553/1927 1586/1510/1811 1587/1603/1456
f 1603/1524/1928 1452/1459/1929 1589/1553/1930
f 1495/1556/575 1493/1554/575 1402/1460/1931
f 1593/1604/575 1454/1511/575 1493/1554/575
f 1496/1555/1588 1549/1541/1588 1550/1512/575
f 1551/1513/1932 1481/1543/1933 1579/1605/1588
f 1551/1513/1816 1591/1606/1816 1495/1556/1933
f 1454/1511/1817 1593/1604/1816 1592/1514/1816
f 1592/1514/575 1652/1607/575 1500/1557/1816
f 1534/1515/575 1628/1608/578 1496/1555/575
f 1553/1609/1819 1404/1464/1819 1647/1558/575
f 1552/1610/1819 1647/1558/1819 1499/1463/1819
f 1498/1516/1759 1502/1559/1758 1651/1611/1819
f 1699/1560/1934 1498/1516/1935 1594/1612/1936
f 1499/1463/1937 1699/1560/1938 1552/1610/1934
f 1501/1517/1939 1500/1557/1822 1653/1613/1940
f 1501/1517/1941 1649/1614/1616 1502/1559/1822
f 1595/1615/1942 1505/1518/1942 1504/1519/1614
f 1596/1616/1827 1545/1520/1827 1505/1518/1825
f 1553/1609/1943 1506/1561/1944 1404/1464/1827
f 1597/1617/1945 1504/1519/1945 1506/1561/1944
f 1554/1465/1830 1598/1562/1946 1599/1563/1947
f 1599/1563/1711 1601/1618/1711 1508/1521/1830
f 1555/1522/1622 1511/1523/1948 1600/1619/1711
f 1598/1562/1949 1555/1522/1623 1600/1619/1622
f 1601/1618/933 1510/1564/933 1508/1521/1623
f 1510/1564/972 1601/1618/972 1511/1523/1073
f 1603/1524/1950 1657/1620/1951 1512/1565/972
f 1556/1468/1952 1605/1570/1952 1529/1566/1953
f 1608/1621/1954 1604/1567/1954 1458/1472/1955
f 1557/1568/1956 1459/1469/1872 1604/1567/1957
f 1557/1568/1839 1558/1569/1839 1513/1470/1958
f 1558/1569/1959 1659/1622/1959 1514/1471/1960
f 1514/1471/1961 1660/1623/1841 1605/1570/1959
f 1661/1624/1962 1515/1525/1963 1512/1565/1842
f 1662/1571/1964 1517/1572/1965 1516/1426/1963
f 1665/1625/1847 1662/1571/1847 1515/1525/1965
f 1517/1572/1966 1667/1626/1849 1559/1526/1847
f 1609/1573/1732 1608/1621/1732 1458/1472/1849
f 1560/1627/1967 1609/1573/1968 1559/1526/1969
f 1520/1474/1744 1518/1574/1556 1561/1575/1968
f 1519/1475/1970 1561/1575/1970 1611/1576/1966
f 1618/1628/1971 1521/1429/1971 1611/1576/1971
f 1721/1629/1972 1462/1527/1972 1562/1577/1972
f 1562/1577/1973 1418/1477/1974 1671/1630/1974
f 1614/1478/1975 1563/1631/1976 1523/1578/1977
f 1418/1477/1858 1523/1578/1862 1617/1632/1862
f 1615/1579/1858 1617/1632/1858 1564/1528/1858
f 1618/1628/1746 1615/1579/1978 1521/1429/1745
f 1564/1528/1647 1616/1633/1647 1619/1580/1647
f 1614/1478/1648 1619/1580/1648 1565/1634/1648
f 1524/1529/1979 1566/1581/1980 1525/1479/1980
f 1524/1529/1865 1568/1530/1865 1620/1635/1865
f 1566/1581/1867 1567/1582/1868 1423/1480/1868
f 1568/1530/1898 1567/1582/1981 1621/1636/1898
f 1721/1629/1982 1526/1583/1753 1462/1527/1761
f 1526/1583/1753 1527/1584/1753 1426/1482/1661
f 1626/1585/1870 1466/1485/1872 1527/1584/1982
f 1675/1637/1983 1569/1531/1983 1570/1532/1984
f 1676/1638/1985 1570/1532/1986 1529/1566/1987
f 1625/1586/1873 1530/1486/1875 1626/1585/1988
f 1468/1489/1759 1629/1589/1842 1531/1587/1873
f 1429/1488/1667 1531/1587/1873 1678/1588/1873
f 1678/1588/1989 1628/1608/1990 1533/1491/1991
f 1629/1589/1992 1571/1490/1989 1532/1590/1993
f 1532/1590/1877 1470/1533/1877 1630/1639/1992
f 1534/1515/1994 1533/1491/1994 1628/1608/1992
f 1572/1640/1995 1474/1536/1995 1538/1534/1996
f 1573/1535/1997 1574/1591/1997 1535/1592/1998
f 1535/1592/1999 1633/1593/2000 1536/1493/1997
f 1633/1593/2001 1683/1641/2001 1575/1494/2002
f 1574/1591/2003 1575/1494/2001 1576/1642/2003
f 1475/1537/2004 1474/1536/2004 1634/1643/2005
f 1577/1644/2006 1479/1540/1785 1475/1537/1893
f 1476/1496/2007 1537/1539/2007 1578/1538/2007
f 1538/1534/2008 1549/1541/1884 1572/1640/2008
f 1643/1645/2009 1687/1594/2009 1540/1501/2010
f 1689/1646/2011 1539/1542/2012 1687/1594/2013
f 1688/1647/1668 1636/1595/1669 1539/1542/2014
f 1579/1605/1775 1481/1543/1671 1636/1595/1671
f 1691/1596/1674 1643/1645/1893 1540/1501/1674
f 1690/1648/2015 1691/1596/2016 1541/1544/1779
f 1690/1648/1498 1541/1544/1498 1580/1545/1498
f 1580/1545/2017 1581/1597/2018 1733/1649/2019
f 1639/1598/2020 1582/1546/2020 1584/1547/2020
f 1486/1549/2021 1584/1547/2021 1542/1548/2021
f 1543/1503/2022 1639/1598/2022 1583/1599/2022
f 1544/1504/2023 1583/1599/2024 1638/1600/2023
f 1638/1600/2025 1584/1547/2026 1486/1549/2026
f 1596/1616/2027 1488/1550/2027 1545/1520/2027
f 1640/1650/2028 1585/1601/2029 1488/1550/2030
f 1492/1509/2031 1547/1552/2028 1548/1602/2031
f 1586/1510/2032 1548/1602/2033 1587/1603/2034
f 1589/1553/972 1587/1603/972 1588/1651/972
f 1603/1524/1913 1589/1553/1913 1590/1652/1913
f 1495/1556/2035 1642/1653/2035 1493/1554/2036
f 1593/1604/575 1493/1554/575 1642/1653/1929
f 1496/1555/2037 1572/1640/1931 1549/1541/1931
f 1579/1605/2038 1591/1606/2037 1551/1513/2039
f 1495/1556/1801 1591/1606/1921 1635/1654/1921
f 1592/1514/2040 1593/1604/1922 1644/1655/1801
f 1592/1514/1925 1644/1655/2040 1652/1607/2041
f 1500/1557/1610 1652/1607/2042 1645/1656/2043
f 1496/1555/2044 1628/1608/1612 1572/1640/1612
f 1553/1609/1811 1647/1558/1456 1506/1561/1456
f 1552/1610/575 1738/1657/2045 1647/1558/1811
f 1649/1614/584 1651/1611/575 1502/1559/575
f 1498/1516/2046 1651/1611/578 1594/1612/575
f 1699/1560/2047 1594/1612/2048 1704/1658/1592
f 1652/1607/2049 1552/1610/2050 1699/1560/2050
f 1500/1557/2051 1645/1656/2051 1653/1613/2051
f 1653/1613/575 1649/1614/2052 1501/1517/2052
f 1597/1617/623 1595/1615/575 1504/1519/575
f 1595/1615/2053 1596/1616/575 1505/1518/575
f 1648/1659/1528 1597/1617/1528 1506/1561/1528
f 1598/1562/1759 1656/1660/1527 1599/1563/1527
f 1599/1563/2054 1602/1661/2055 1601/1618/1936
f 1511/1523/2056 1602/1661/2054 1600/1619/2054
f 1656/1660/2057 1598/1562/1947 1600/1619/1947
f 1601/1618/2057 1602/1661/2058 1511/1523/2058
f 1657/1620/2052 1603/1524/2059 1736/1662/2058
f 1657/1620/2060 1661/1624/2061 1512/1565/2061
f 1605/1570/2062 1606/1663/2063 1529/1566/2063
f 1707/1664/2064 1604/1567/2062 1608/1621/2062
f 1709/1665/972 1557/1568/2065 1604/1567/2066
f 1557/1568/1711 1710/1666/972 1558/1569/972
f 1514/1471/2067 1659/1622/1709 1660/1623/1709
f 1558/1569/933 1658/1667/2067 1659/1622/2067
f 1605/1570/2068 1660/1623/933 1606/1663/934
f 1712/1668/1725 1515/1525/2069 1661/1624/2069
f 1662/1571/2070 1714/1669/1632 1517/1572/1632
f 1665/1625/2071 1664/1670/2072 1662/1571/2072
f 1665/1625/2073 1515/1525/2074 1712/1668/2075
f 1667/1626/2076 1517/1572/2077 1607/1671/2078
f 1560/1627/2079 1559/1526/1842 1667/1626/1842
f 1663/1672/2080 1608/1621/2081 1609/1573/2081
f 1663/1672/1965 1609/1573/2082 1560/1627/2082
f 1518/1574/1556 1610/1673/1965 1561/1575/1968
f 1611/1576/1636 1561/1575/1636 1612/1674/1965
f 1611/1576/1734 1668/1675/1734 1618/1628/1636
f 1670/1676/2083 1721/1629/2083 1562/1577/1734
f 1613/1677/2084 1562/1577/2084 1671/1630/2083
f 1671/1630/2085 1418/1477/2085 1615/1579/2084
f 1523/1578/1972 1563/1631/1557 1616/1633/2086
f 1614/1478/2087 1565/1634/2087 1563/1631/2088
f 1418/1477/2087 1617/1632/2087 1615/1579/2087
f 1523/1578/2089 1616/1633/2089 1617/1632/2089
f 1564/1528/1866 1617/1632/1866 1616/1633/2087
f 1672/1678/2090 1615/1579/2091 1618/1628/1866
f 1673/1679/1868 1619/1580/1868 1616/1633/2092
f 1565/1634/2093 1619/1580/2093 1674/1680/1868
f 1524/1529/2094 1620/1635/2095 1566/1581/2096
f 1620/1635/1965 1568/1530/1866 1621/1636/2095
f 1567/1582/2097 1566/1581/1965 1621/1636/1965
f 1721/1629/1982 1622/1681/2098 1526/1583/1753
f 1623/1682/1995 1527/1584/1753 1526/1583/1753
f 1723/1683/2099 1626/1585/2100 1527/1584/2100
f 1675/1637/2101 1570/1532/2102 1676/1638/2103
f 1676/1638/2104 1529/1566/2104 1749/1684/2104
f 1624/1685/2105 1625/1586/2106 1626/1585/2106
f 1531/1587/1873 1629/1589/1842 1627/1686/2107
f 1678/1588/1873 1531/1587/1873 1679/1687/2108
f 1678/1588/2109 1700/1688/2110 1628/1608/2111
f 1677/1689/2112 1629/1589/2112 1532/1590/2113
f 1729/1690/2114 1532/1590/2114 1630/1639/2112
f 1631/1691/2115 1474/1536/2116 1572/1640/2117
f 1535/1592/2118 1574/1591/2001 1576/1642/2115
f 1632/1692/2005 1633/1593/2000 1535/1592/1999
f 1633/1593/2119 1681/1693/2119 1683/1641/2120
f 1576/1642/2121 1575/1494/2121 1683/1641/2122
f 1634/1643/2123 1474/1536/2124 1684/1694/2125
f 1577/1644/2006 1475/1537/1893 1634/1643/2126
f 1643/1645/2009 1635/1654/2127 1687/1594/2009
f 1689/1646/2128 1687/1594/2129 1737/1695/2129
f 1688/1647/2011 1539/1542/2012 1689/1646/2011
f 1727/1696/1669 1636/1595/1669 1688/1647/1668
f 1727/1696/1775 1579/1605/1775 1636/1595/1671
f 1495/1556/1893 1643/1645/1893 1691/1596/1674
f 1642/1653/2130 1691/1596/2016 1690/1648/2015
f 1690/1648/1430 1580/1545/1430 1733/1649/1431
f 1733/1649/2131 1581/1597/2132 1637/1697/2131
f 1638/1600/2025 1639/1598/2026 1584/1547/2026
f 1638/1600/2133 1583/1599/2133 1639/1598/2133
f 1640/1650/2022 1488/1550/2022 1596/1616/2022
f 1590/1652/2134 1589/1553/2135 1588/1651/2135
f 1736/1662/2136 1603/1524/2136 1590/1652/2136
f 1495/1556/2137 1641/1698/2137 1642/1653/2138
f 1593/1604/2139 1642/1653/2139 1697/1699/2139
f 1695/1700/2140 1591/1606/2028 1579/1605/2140
f 1696/1701/2141 1635/1654/2142 1591/1606/2142
f 1495/1556/2143 1635/1654/2030 1643/1645/2028
f 1593/1604/2144 1697/1699/2145 1644/1655/2145
f 1644/1655/2028 1646/1702/2140 1652/1607/2140
f 1645/1656/970 1652/1607/970 1699/1560/970
f 1700/1688/2146 1572/1640/2147 1628/1608/2147
f 1647/1558/2148 1648/1659/2148 1506/1561/2148
f 1646/1702/2149 1738/1657/2149 1552/1610/2149
f 1647/1558/2150 1738/1657/2151 1648/1659/2150
f 1649/1614/2152 1650/1703/2152 1651/1611/2152
f 1594/1612/2153 1651/1611/2153 1702/1704/2153
f 1704/1658/1801 1594/1612/1801 1739/1705/1801
f 1703/1706/2148 1699/1560/2148 1704/1658/2154
f 1652/1607/2155 1646/1702/2155 1552/1610/2156
f 1645/1656/2157 1701/1707/2157 1653/1613/2040
f 1653/1613/1925 1701/1707/2158 1649/1614/2159
f 1654/1708/2160 1595/1615/1609 1597/1617/1609
f 1655/1709/1457 1596/1616/1457 1595/1615/1457
f 1782/1710/1811 1597/1617/1811 1648/1659/1927
f 1599/1563/575 1656/1660/578 1602/1661/2161
f 1602/1661/2161 1656/1660/578 1600/1619/575
f 1741/1711/2052 1657/1620/2052 1736/1662/2052
f 1740/1712/1785 1661/1624/2162 1657/1620/2163
f 1529/1566/2164 1606/1663/2164 1743/1713/2164
f 1751/1714/2052 1707/1664/2165 1608/1621/2051
f 1709/1665/575 1604/1567/575 1707/1664/575
f 1709/1665/575 1746/1715/575 1557/1568/575
f 1557/1568/2166 1746/1715/2167 1710/1666/2167
f 1710/1666/1528 1711/1716/1528 1558/1569/1528
f 1613/1677/1527 1660/1623/2168 1659/1622/1527
f 1558/1569/2169 1711/1716/2169 1658/1667/2169
f 1658/1667/2170 1670/1676/2170 1659/1622/2170
f 1660/1623/2171 1750/1717/2171 1606/1663/2171
f 1740/1712/2172 1712/1668/2052 1661/1624/2052
f 1607/1671/2063 1517/1572/2063 1714/1669/2063
f 1662/1571/2173 1713/1718/1214 1714/1669/2174
f 1665/1625/2065 1663/1672/2065 1664/1670/2065
f 1664/1670/1177 1753/1719/972 1662/1571/1177
f 1715/1720/2067 1665/1625/2067 1712/1668/2067
f 1666/1721/1726 1667/1626/2175 1607/1671/2176
f 1560/1627/2177 1667/1626/2178 1666/1721/2177
f 1663/1672/2179 1751/1714/2179 1608/1621/2179
f 1663/1672/2180 1560/1627/2181 1716/1722/2182
f 1561/1575/1968 1610/1673/1965 1612/1674/2183
f 1611/1576/2184 1612/1674/2183 1668/1675/2183
f 1618/1628/2185 1668/1675/2184 1719/1723/2184
f 1669/1724/2186 1721/1629/2187 1670/1676/2185
f 1670/1676/2188 1562/1577/2186 1613/1677/2186
f 1613/1677/2189 1671/1630/2188 1750/1717/2188
f 1672/1678/1419 1671/1630/2189 1615/1579/2189
f 1563/1631/2190 1673/1679/1419 1616/1633/1419
f 1563/1631/1735 1565/1634/2191 1759/1725/2190
f 1672/1678/1419 1618/1628/1735 1719/1723/1735
f 1673/1679/2126 1674/1680/1564 1619/1580/1419
f 1565/1634/2124 1674/1680/2124 1722/1726/2124
f 1566/1581/1863 1620/1635/2126 1621/1636/2124
f 1763/1727/1866 1622/1681/2098 1721/1629/1982
f 1622/1681/2098 1623/1682/1995 1526/1583/1753
f 1723/1683/1865 1527/1584/1865 1623/1682/1866
f 1624/1685/2192 1626/1585/2192 1723/1683/1865
f 1767/1728/2193 1675/1637/2096 1676/1638/1867
f 1749/1684/2194 1529/1566/2194 1743/1713/2093
f 1676/1638/2195 1749/1684/1965 1725/1729/2196
f 1629/1589/1842 1677/1689/1965 1627/1686/2107
f 1531/1587/1873 1627/1686/2107 1679/1687/2108
f 1678/1588/2098 1679/1687/1995 1727/1696/2098
f 1678/1588/2197 1688/1647/2197 1700/1688/2103
f 1677/1689/2112 1532/1590/2113 1729/1690/2198
f 1729/1690/2114 1630/1639/2112 1680/1730/2198
f 1732/1731/2104 1631/1691/2199 1572/1640/2198
f 1684/1694/2200 1474/1536/2200 1631/1691/2201
f 1535/1592/2001 1576/1642/2001 1632/1692/2200
f 1632/1692/2202 1681/1693/2203 1633/1593/2005
f 1681/1693/2204 1682/1732/2204 1683/1641/2203
f 1576/1642/2205 1683/1641/2205 1730/1733/2204
f 1634/1643/2126 1684/1694/2206 1685/1734/2207
f 1577/1644/2006 1634/1643/2126 1686/1735/2208
f 1635/1654/2114 1737/1695/2114 1687/1594/2209
f 1732/1731/2115 1689/1646/2115 1737/1695/2210
f 1688/1647/2120 1689/1646/2120 1700/1688/2115
f 1727/1696/2003 1688/1647/2003 1678/1588/2120
f 1727/1696/2211 1695/1700/2211 1579/1605/2003
f 1641/1698/2212 1495/1556/2213 1691/1596/2211
f 1642/1653/2121 1690/1648/2121 1692/1736/2128
f 1642/1653/2214 1641/1698/2215 1691/1596/2216
f 1690/1648/2217 1733/1649/2217 1692/1736/2215
f 1733/1649/2218 1637/1697/2218 1693/1737/2217
f 1655/1709/1364 1640/1650/1430 1596/1616/2218
f 1590/1652/2134 1588/1651/2135 1735/1738/1430
f 1736/1662/2136 1590/1652/2136 1694/1739/2219
f 1697/1699/1430 1642/1653/1674 1851/1740/2219
f 1695/1700/2220 1696/1701/2221 1591/1606/1430
f 1696/1701/2222 1737/1695/2223 1635/1654/2224
f 1644/1655/2225 1697/1699/2226 1698/1741/2226
f 1644/1655/2227 1698/1741/2228 1646/1702/2228
f 1645/1656/2229 1699/1560/2230 1703/1706/2227
f 1700/1688/2231 1732/1731/2232 1572/1640/2229
f 1646/1702/2233 1776/1742/2231 1738/1657/2231
f 1738/1657/2234 1783/1743/2233 1648/1659/2233
f 1701/1707/2235 1650/1703/2136 1649/1614/2136
f 1650/1703/2236 1702/1704/2237 1651/1611/2237
f 1594/1612/2238 1702/1704/2239 1739/1705/2240
f 1704/1658/2143 1739/1705/2241 1780/1744/2238
f 1703/1706/2242 1704/1658/2028 1779/1745/2028
f 1645/1656/2243 1703/1706/2242 1701/1707/2244
f 1782/1710/2140 1654/1708/2245 1597/1617/2245
f 1654/1708/2160 1655/1709/2028 1595/1615/1609
f 1783/1743/2246 1782/1710/2247 1648/1659/2140
f 1740/1712/2140 1657/1620/2248 1741/1711/2249
f 1741/1711/972 1736/1662/972 1705/1746/2250
f 1743/1713/2251 1606/1663/2251 1706/1747/972
f 1744/1748/2252 1707/1664/2253 1751/1714/2254
f 1707/1664/2255 1708/1749/2256 1709/1665/2252
f 1709/1665/2257 1788/1750/2257 1746/1715/2255
f 1746/1715/2258 1747/1751/2258 1710/1666/2259
f 1710/1666/2260 1748/1752/2261 1711/1716/2151
f 1613/1677/2262 1750/1717/2263 1660/1623/2264
f 1670/1676/1801 1613/1677/1921 1659/1622/2265
f 1658/1667/2266 1711/1716/2266 1724/1753/1922
f 1658/1667/2156 1669/1724/2156 1670/1676/2264
f 1606/1663/2267 1750/1717/2268 1706/1747/2269
f 1790/1754/2270 1712/1668/2270 1740/1712/2271
f 1607/1671/2272 1714/1669/2273 1830/1755/1817
f 1753/1719/1925 1713/1718/1925 1662/1571/2274
f 1713/1718/1612 1831/1756/1612 1714/1669/1925
f 1664/1670/2275 1663/1672/2275 1716/1722/1609
f 1665/1625/575 1751/1714/575 1663/1672/2276
f 1755/1757/584 1753/1719/655 1664/1670/575
f 1715/1720/2277 1754/1758/2278 1665/1625/575
f 1715/1720/2279 1712/1668/2279 1790/1754/2280
f 1666/1721/2281 1607/1671/2281 1756/1759/1785
f 1716/1722/2282 1560/1627/2283 1666/1721/2281
f 1610/1673/1965 1717/1760/2277 1612/1674/2183
f 1612/1674/2183 1718/1761/575 1668/1675/575
f 1719/1723/575 1668/1675/575 1720/1762/575
f 1669/1724/2166 1763/1727/575 1721/1629/575
f 1750/1717/2284 1671/1630/2285 1789/1763/2285
f 1758/1764/2286 1671/1630/2286 1672/1678/2286
f 1563/1631/2287 1759/1725/2286 1673/1679/2286
f 1759/1725/2190 1565/1634/2191 1722/1726/2287
f 1672/1678/2288 1719/1723/2171 1761/1765/2289
f 1796/1766/2052 1674/1680/2052 1673/1679/2171
f 1722/1726/2063 1674/1680/2063 1762/1767/2052
f 1841/1768/2063 1622/1681/2098 1763/1727/1866
f 1801/1769/1214 1623/1682/1995 1622/1681/2098
f 1765/1770/2290 1723/1683/1396 1623/1682/1396
f 1802/1771/972 1624/1685/2291 1723/1683/2291
f 1767/1728/2193 1676/1638/1867 1768/1772/972
f 1724/1753/2292 1749/1684/2292 1743/1713/1176
f 1768/1772/2293 1676/1638/2293 1725/1729/2292
f 1748/1752/2294 1725/1729/2295 1749/1684/2296
f 1627/1686/2107 1677/1689/1965 1726/1773/2297
f 1679/1687/2108 1627/1686/2107 1770/1774/2298
f 1727/1696/2299 1679/1687/2300 1695/1700/2298
f 1677/1689/2301 1729/1690/2302 1728/1775/2303
f 1729/1690/2304 1680/1730/2301 1846/1776/2301
f 1774/1777/2188 1631/1691/2305 1732/1731/2305
f 1684/1694/2306 1631/1691/2306 1806/1778/2306
f 1632/1692/1417 1576/1642/2188 1730/1733/2188
f 1632/1692/1419 1682/1732/1419 1681/1693/1419
f 1730/1733/2124 1683/1641/1417 1682/1732/1418
f 1686/1735/2208 1634/1643/2126 1685/1734/2207
f 1685/1734/2207 1684/1694/2206 1731/1779/2123
f 1700/1688/2096 1689/1646/2096 1732/1731/2124
f 1732/1731/2307 1737/1695/2308 1773/1780/2093
f 1642/1653/2121 1692/1736/2128 1851/1740/2309
f 1808/1781/2310 1692/1736/2310 1733/1649/2310
f 1733/1649/2311 1693/1737/2306 1810/1782/2188
f 1693/1737/2312 1637/1697/2312 1734/1783/2313
f 1694/1739/2314 1590/1652/2315 1735/1738/2314
f 1705/1746/2316 1736/1662/2316 1694/1739/2317
f 1697/1699/2318 1851/1740/2318 1813/1784/2319
f 1695/1700/2320 1771/1785/2321 1696/1701/2322
f 1696/1701/2323 1773/1780/2001 1737/1695/2001
f 1697/1699/2166 1813/1784/2166 1698/1741/2167
f 1698/1741/2324 1775/1786/2324 1646/1702/2324
f 1646/1702/2325 1775/1786/2326 1776/1742/2327
f 1738/1657/2328 1776/1742/2328 1783/1743/2328
f 1701/1707/2329 1816/1787/2209 1650/1703/2329
f 1650/1703/2117 1777/1788/2117 1702/1704/2330
f 1739/1705/2331 1702/1704/2332 1818/1789/2332
f 1780/1744/2333 1739/1705/2334 1778/1790/2335
f 1779/1745/2336 1704/1658/2337 1780/1744/2337
f 1703/1706/2338 1779/1745/2338 1816/1787/2338
f 1703/1706/2211 1816/1787/2339 1701/1707/2340
f 1781/1791/2128 1654/1708/2128 1782/1710/2128
f 1859/1792/2121 1782/1710/2121 1783/1743/2121
f 1791/1793/2341 1740/1712/2341 1741/1711/2341
f 1742/1794/2342 1741/1711/2343 1705/1746/2342
f 1784/1795/1430 1743/1713/1431 1706/1747/1430
f 1786/1796/2344 1744/1748/2345 1751/1714/2345
f 1744/1748/2346 1708/1749/2347 1707/1664/2346
f 1708/1749/2348 1745/1797/2349 1709/1665/2349
f 1746/1715/2350 1788/1750/2351 1787/1798/2352
f 1709/1665/2229 1745/1797/2229 1788/1750/2229
f 1710/1666/2353 1747/1751/2354 1827/1799/2353
f 1746/1715/2355 1787/1798/2355 1747/1751/2355
f 1710/1666/2356 1827/1799/2357 1748/1752/2358
f 1748/1752/2359 1749/1684/2360 1711/1716/2360
f 1711/1716/2361 1749/1684/2361 1724/1753/2361
f 1669/1724/2362 1658/1667/2363 1724/1753/2363
f 1706/1747/2364 1750/1717/2364 1789/1763/2364
f 1790/1754/2365 1740/1712/2365 1791/1793/2365
f 1756/1759/2366 1607/1671/2366 1830/1755/2366
f 1830/1755/2367 1714/1669/2368 1831/1756/2369
f 1753/1719/2030 1793/1800/2142 1713/1718/2030
f 1713/1718/2370 1794/1801/2371 1831/1756/2370
f 1716/1722/2372 1755/1757/2373 1664/1670/2374
f 1665/1625/2375 1754/1758/2376 1751/1714/2375
f 1755/1757/2376 1752/1802/2377 1753/1719/2377
f 1867/1803/2378 1754/1758/2378 1715/1720/2378
f 1835/1804/2140 1715/1720/2030 1790/1754/2030
f 1755/1757/976 1666/1721/972 1756/1759/972
f 1716/1722/2252 1666/1721/2252 1755/1757/2379
f 1612/1674/2183 1717/1760/2277 1718/1761/575
f 1668/1675/575 1718/1761/575 1720/1762/575
f 1757/1805/2380 1719/1723/575 1720/1762/575
f 1669/1724/2381 1784/1795/2382 1763/1727/2382
f 1758/1764/2383 1789/1763/2381 1671/1630/2381
f 1758/1764/2384 1672/1678/2385 1761/1765/2383
f 1759/1725/2268 1796/1766/2384 1673/1679/2384
f 1759/1725/2386 1722/1726/2268 1760/1806/2268
f 1761/1765/2386 1719/1723/575 1757/1805/2380
f 1796/1766/1336 1762/1767/1336 1674/1680/2386
f 1722/1726/2387 1762/1767/2388 1798/1807/1336
f 1841/1768/2389 1763/1727/2389 1840/1808/2382
f 1841/1768/2063 1764/1809/1816 1622/1681/2098
f 1764/1809/1816 1801/1769/1214 1622/1681/2098
f 1765/1770/2390 1623/1682/2391 1801/1769/2391
f 1802/1771/972 1723/1683/2291 1765/1770/2391
f 1766/1810/2392 1767/1728/2276 1768/1772/2275
f 1784/1795/575 1724/1753/578 1743/1713/575
f 1768/1772/578 1725/1729/578 1769/1811/578
f 1748/1752/2280 1804/1812/2393 1725/1729/2280
f 1677/1689/1965 1728/1775/2277 1726/1773/2297
f 1627/1686/2107 1726/1773/2297 1770/1774/2298
f 1770/1774/2394 1771/1785/2277 1679/1687/2277
f 1695/1700/2348 1679/1687/2395 1771/1785/2395
f 1728/1775/2396 1729/1690/2349 1846/1776/2397
f 1846/1776/576 1680/1730/2398 1772/1813/2399
f 1773/1780/576 1774/1777/2400 1732/1731/576
f 1806/1778/2197 1631/1691/576 1774/1777/576
f 1684/1694/2206 1806/1778/2103 1731/1779/2123
f 1632/1692/2401 1730/1733/2402 1682/1732/2103
f 1808/1781/2286 1851/1740/2286 1692/1736/2401
f 1808/1781/2286 1733/1649/2286 1810/1782/2286
f 1810/1782/2403 1693/1737/2404 1883/1814/2284
f 1693/1737/2405 1734/1783/2405 1852/1815/2406
f 1813/1784/2288 1851/1740/2407 1853/1816/2405
f 1696/1701/2051 1771/1785/2052 1773/1780/2171
f 1698/1741/2063 1813/1784/2063 1885/1817/2052
f 1698/1741/2408 1815/1818/1214 1775/1786/2063
f 1776/1742/972 1775/1786/972 1856/1819/1214
f 1783/1743/972 1776/1742/972 1820/1820/972
f 1816/1787/2409 1777/1788/2410 1650/1703/970
f 1777/1788/1959 1818/1789/2411 1702/1704/2412
f 1739/1705/2413 1818/1789/2413 1778/1790/2414
f 1780/1744/2415 1778/1790/2415 1819/1821/2416
f 1779/1745/2312 1780/1744/2417 1857/1822/2418
f 1779/1745/2419 1817/1823/2419 1816/1787/2420
f 1859/1792/2306 1781/1791/2306 1782/1710/2421
f 1820/1820/2422 1859/1792/2422 1783/1743/2311
f 1791/1793/2306 1741/1711/2306 1742/1794/2423
f 1784/1795/2424 1706/1747/2424 1785/1824/2306
f 1821/1825/2425 1786/1796/2426 1751/1714/2427
f 1822/1826/2093 1744/1748/2093 1786/1796/2428
f 1744/1748/2429 1823/1827/2429 1708/1749/2093
f 1708/1749/2348 1861/1828/2309 1745/1797/2349
f 1787/1798/2306 1788/1750/2306 1825/1829/2306
f 1745/1797/2430 1769/1811/2430 1788/1750/2430
f 1828/1830/2431 1827/1799/2432 1747/1751/2432
f 1787/1798/2433 1829/1831/2433 1747/1751/2434
f 1748/1752/2435 1827/1799/2436 1804/1812/2437
f 1669/1724/2335 1724/1753/2334 1784/1795/2335
f 1785/1824/2167 1706/1747/2167 1789/1763/2167
f 1795/1832/2438 1790/1754/2438 1791/1793/2439
f 1756/1759/2440 1830/1755/2441 1863/1833/2440
f 1830/1755/2339 1831/1756/2339 1792/1834/2339
f 1752/1802/2442 1793/1800/2329 1753/1719/2442
f 1793/1800/2117 1794/1801/2117 1713/1718/2117
f 1794/1801/2332 1866/1835/2115 1831/1756/2332
f 1821/1825/2335 1751/1714/2335 1754/1758/2335
f 1755/1757/2443 1756/1759/2443 1752/1802/2443
f 1867/1803/2444 1821/1825/2445 1754/1758/2446
f 1867/1803/2447 1715/1720/2128 1835/1804/2128
f 1835/1804/2448 1790/1754/2449 1795/1832/2448
f 1763/1727/2344 1784/1795/2450 1785/1824/2344
f 1837/1836/2344 1789/1763/2344 1758/1764/2344
f 1758/1764/2451 1761/1765/2452 1839/1837/2452
f 1759/1725/2453 1760/1806/2453 1796/1766/2454
f 1760/1806/2455 1722/1726/2455 1798/1807/2455
f 1797/1838/2456 1761/1765/2386 1757/1805/2380
f 1762/1767/2457 1796/1766/2456 1798/1807/2458
f 1840/1808/2358 1763/1727/2459 1785/1824/2457
f 1829/1831/2460 1841/1768/2358 1840/1808/2357
f 1799/1839/2460 1764/1809/1816 1841/1768/2063
f 1903/1840/2460 1801/1769/1214 1764/1809/1816
f 1800/1841/2461 1765/1770/2462 1801/1769/2463
f 1843/1842/2464 1802/1771/2465 1765/1770/2464
f 1766/1810/2392 1768/1772/2275 1803/1843/2466
f 1803/1843/2451 1768/1772/2467 1769/1811/2467
f 1769/1811/2468 1725/1729/2451 1874/1844/2451
f 1874/1844/2469 1725/1729/2470 1804/1812/2470
f 1726/1773/2297 1728/1775/2277 1805/1845/2366
f 1770/1774/2298 1726/1773/2297 1878/1846/2366
f 1770/1774/2471 1845/1847/2472 1771/1785/2471
f 1728/1775/2473 1846/1776/2473 1844/1848/2473
f 1846/1776/2140 1772/1813/2028 1880/1849/2140
f 1909/1850/2474 1774/1777/2474 1773/1780/2474
f 1806/1778/2475 1774/1777/2475 1849/1851/2476
f 1731/1779/2123 1806/1778/2103 1807/1852/2477
f 1850/1853/2478 1851/1740/2477 1808/1781/2479
f 1809/1854/2480 1808/1781/2481 1810/1782/2481
f 1883/1814/2482 1693/1737/2480 1852/1815/2480
f 1809/1854/972 1810/1782/2483 1883/1814/2483
f 1852/1815/2406 1734/1783/2405 1811/1855/972
f 1851/1740/972 1812/1856/972 1853/1816/972
f 1813/1784/972 1853/1816/970 1854/1857/970
f 1845/1847/2234 1773/1780/2234 1771/1785/1371
f 1813/1784/2484 1854/1857/2485 1885/1817/2234
f 1698/1741/2486 1885/1817/2486 1814/1858/2397
f 1775/1786/2386 1815/1818/2386 1856/1819/2487
f 1698/1741/2488 1814/1858/2489 1815/1818/2490
f 1776/1742/2491 1856/1819/2491 1820/1820/1336
f 1816/1787/1817 1817/1823/1817 1777/1788/2491
f 1777/1788/2272 1819/1821/2391 1818/1789/2492
f 1818/1789/575 1819/1821/575 1778/1790/2272
f 1857/1822/655 1780/1744/576 1819/1821/2493
f 1779/1745/1624 1857/1822/1622 1817/1823/578
f 1858/1859/1622 1781/1791/1622 1859/1792/1622
f 1860/1860/2395 1859/1792/2494 1820/1820/1624
f 1862/1861/2495 1791/1793/2495 1742/1794/2395
f 1833/1862/2496 1786/1796/2496 1821/1825/2497
f 1889/1863/2356 1822/1826/2357 1786/1796/2498
f 1822/1826/575 1823/1827/575 1744/1748/2356
f 1918/1864/575 1708/1749/575 1823/1827/575
f 1824/1865/2197 1861/1828/2197 1708/1749/623
f 1861/1828/2499 1803/1843/2499 1745/1797/2103
f 1788/1750/2499 1769/1811/2499 1825/1829/2499
f 1894/1866/2403 1787/1798/2403 1825/1829/2499
f 1745/1797/2500 1803/1843/2501 1769/1811/2406
f 1828/1830/2171 1826/1867/2171 1827/1799/2502
f 1829/1831/2503 1828/1830/2504 1747/1751/2171
f 1787/1798/1214 1894/1866/1214 1829/1831/2504
f 1827/1799/972 1826/1867/972 1804/1812/1396
f 1838/1868/972 1785/1824/972 1789/1763/972
f 1795/1832/2505 1791/1793/2505 1862/1861/1177
f 1752/1802/2070 1756/1759/2411 1863/1833/2505
f 1863/1833/2306 1830/1755/2306 1792/1834/2506
f 1792/1834/2507 1831/1756/2507 1866/1835/2306
f 1752/1802/2508 1864/1869/2509 1793/1800/2510
f 1793/1800/2424 1865/1870/2424 1794/1801/2509
f 1794/1801/2309 1832/1871/2309 1866/1835/2424
f 1867/1803/2511 1833/1862/2512 1821/1825/2309
f 1834/1872/2424 1867/1803/2427 1835/1804/2344
f 1835/1804/2513 1795/1832/2513 1836/1873/2514
f 1837/1836/2515 1838/1868/2516 1789/1763/2513
f 1837/1836/2517 1758/1764/2517 1839/1837/2518
f 1839/1837/2519 1761/1765/2386 1797/1838/2456
f 1796/1766/2520 1760/1806/2435 1798/1807/2435
f 1840/1808/2521 1785/1824/2521 1838/1868/2521
f 1894/1866/2522 1841/1768/2522 1829/1831/2523
f 1829/1831/2524 1840/1808/2524 1828/1830/2339
f 1842/1874/2525 1799/1839/2460 1841/1768/2063
f 1799/1839/2460 1903/1840/2460 1764/1809/1816
f 1800/1841/2526 1801/1769/2209 1903/1840/2209
f 1843/1842/2527 1765/1770/2526 1800/1841/2527
f 1803/1843/2528 1873/1875/2529 1766/1810/2530
f 1825/1829/2531 1769/1811/2532 1874/1844/2531
f 1874/1844/2338 1804/1812/2338 1875/1876/2533
f 1728/1775/2277 1844/1848/2338 1805/1845/2366
f 1726/1773/2297 1805/1845/2366 1878/1846/2366
f 1878/1846/2215 1845/1847/2338 1770/1774/2338
f 1844/1848/2448 1846/1776/2341 1880/1849/2341
f 1880/1849/2534 1772/1813/2448 1847/1877/2448
f 1848/1878/2535 1909/1850/2535 1773/1780/2536
f 1849/1851/2537 1774/1777/2538 1909/1850/2535
f 1806/1778/2103 1849/1851/2537 1807/1852/2477
f 1812/1856/2539 1850/1853/2540 1808/1781/2541
f 1851/1740/2542 1850/1853/2455 1812/1856/2453
f 1812/1856/2543 1808/1781/2455 1809/1854/2543
f 1883/1814/2544 1852/1815/2545 1910/1879/2543
f 1932/1880/2546 1809/1854/2547 1883/1814/2544
f 1852/1815/2548 1811/1855/2549 1914/1881/2550
f 1812/1856/2457 1884/1882/2457 1853/1816/2549
f 1854/1857/2551 1853/1816/2551 1890/1883/2457
f 1845/1847/2356 1848/1878/2358 1773/1780/2551
f 1885/1817/2552 1854/1857/2553 1855/1884/2358
f 1814/1858/2554 1885/1817/2554 1886/1885/2555
f 1815/1818/2397 1887/1886/2397 1856/1819/2464
f 1814/1858/2538 1941/1887/2534 1815/1818/2397
f 1820/1820/2556 1856/1819/2556 1916/1888/2538
f 1777/1788/2469 1817/1823/2366 1857/1822/2480
f 1777/1788/2557 1857/1822/2557 1819/1821/2558
f 1860/1860/2559 1858/1859/2473 1859/1792/2560
f 1916/1888/2561 1860/1860/2561 1820/1820/2562
f 1833/1862/2563 1889/1863/2563 1786/1796/2564
f 1854/1857/2565 1822/1826/2565 1889/1863/2566
f 1822/1826/2567 1890/1883/2568 1823/1827/2475
f 1918/1864/2478 1824/1865/2478 1708/1749/2567
f 1884/1882/2482 1918/1864/2482 1823/1827/2478
f 1824/1865/2569 1893/1889/2569 1861/1828/2570
f 1861/1828/972 1904/1890/972 1803/1843/2569
f 1894/1866/970 1825/1829/972 1895/1891/972
f 1828/1830/970 1838/1868/2571 1826/1867/1177
f 1804/1812/2572 1826/1867/2573 1875/1876/972
f 1795/1832/2574 1862/1861/2574 1868/1892/2575
f 1752/1802/2576 1863/1833/2577 1864/1869/2578
f 1866/1835/2386 1863/1833/2386 1792/1834/2579
f 1864/1869/2489 1865/1870/1338 1793/1800/2386
f 1865/1870/972 1832/1871/1177 1794/1801/2580
f 1832/1871/1816 1863/1833/1816 1866/1835/976
f 1897/1893/2273 1833/1862/2272 1867/1803/1816
f 1835/1804/2581 1836/1873/2582 1834/1872/2272
f 1898/1894/575 1867/1803/575 1834/1872/2582
f 1795/1832/575 1868/1892/575 1836/1873/575
f 1900/1895/1948 1838/1868/1948 1837/1836/623
f 1837/1836/1948 1839/1837/1948 1901/1896/2583
f 1869/1897/1622 1839/1837/2519 1797/1838/2456
f 1828/1830/2584 1840/1808/2584 1838/1868/2585
f 1894/1866/2586 1842/1874/2587 1841/1768/2586
f 1870/1898/2588 1799/1839/2460 1842/1874/2525
f 1924/1899/2588 1903/1840/2460 1799/1839/2460
f 1871/1900/2589 1800/1841/2590 1903/1840/2591
f 1872/1901/575 1843/1842/575 1800/1841/2592
f 1904/1890/575 1873/1875/575 1803/1843/575
f 1895/1891/2593 1825/1829/2593 1874/1844/575
f 1895/1891/2594 1874/1844/2594 1875/1876/2595
f 1805/1845/2366 1844/1848/2338 1876/1902/2594
f 1878/1846/2366 1805/1845/2366 1877/1903/2596
f 1878/1846/2596 1879/1904/2596 1845/1847/2596
f 1844/1848/2597 1880/1849/2596 1906/1905/2499
f 1880/1849/2598 1847/1877/2599 1907/1906/2597
f 1908/1907/972 1909/1850/2600 1848/1878/2601
f 1849/1851/2602 1909/1850/972 1881/1908/972
f 1807/1852/2477 1849/1851/2537 1882/1909/2504
f 1913/1910/2507 1812/1856/2507 1809/1854/2603
f 1910/1879/2604 1852/1815/2604 1914/1881/2507
f 1883/1814/2605 1910/1879/2606 1911/1911/2604
f 1932/1880/2607 1883/1814/2608 1911/1911/2609
f 1913/1910/2610 1809/1854/2424 1932/1880/2608
f 1914/1881/2550 1811/1855/2549 1905/1912/2424
f 1812/1856/2611 1933/1913/2612 1884/1882/2612
f 1853/1816/2613 1884/1882/2613 1890/1883/2613
f 1854/1857/2614 1890/1883/2615 1822/1826/2616
f 1845/1847/2617 1935/1914/2618 1848/1878/2617
f 1855/1884/2619 1854/1857/2523 1889/1863/2523
f 1885/1817/2524 1855/1884/2524 1886/1885/2524
f 1814/1858/2620 1886/1885/2621 1937/1915/2620
f 1897/1893/2527 1887/1886/2527 1815/1818/2527
f 1856/1819/2622 1887/1886/2622 1916/1888/2622
f 1814/1858/2623 1938/1916/2624 1941/1887/2624
f 1815/1818/2443 1941/1887/2443 1942/1917/2443
f 1943/1918/2448 1858/1859/2448 1860/1860/2448
f 1916/1888/2625 1888/1919/2625 1860/1860/2625
f 1915/1920/2538 1889/1863/2535 1833/1862/2535
f 1884/1882/2626 1823/1827/2626 1890/1883/2626
f 1918/1864/2627 1891/1921/2627 1824/1865/2627
f 1884/1882/2628 1945/1922/2629 1918/1864/2628
f 1892/1923/2630 1893/1889/2631 1824/1865/2630
f 1893/1889/2455 1904/1890/2455 1861/1828/2455
f 1894/1866/2632 1895/1891/2633 1842/1874/2633
f 1896/1924/2634 1826/1867/2634 1838/1868/2635
f 1875/1876/2636 1826/1867/2637 1896/1924/2636
f 1832/1871/2638 1864/1869/2638 1863/1833/2638
f 1865/1870/2639 1864/1869/2640 1832/1871/2639
f 1897/1893/2641 1867/1803/2641 1920/1925/2641
f 1942/1917/2642 1833/1862/2643 1897/1893/2642
f 1834/1872/2644 1836/1873/2644 1971/1926/2644
f 1919/1927/2645 1898/1894/2645 1834/1872/2646
f 1920/1925/2647 1867/1803/2648 1898/1894/2647
f 1836/1873/2649 1868/1892/2649 1899/1928/2649
f 1900/1895/2650 1896/1924/2650 1838/1868/2650
f 1900/1895/2651 1837/1836/2651 1901/1896/2652
f 1901/1896/2653 1839/1837/2519 1869/1897/1622
f 1902/1929/2627 1870/1898/2588 1842/1874/2525
f 1870/1898/2588 1924/1899/2588 1799/1839/2460
f 1871/1900/2482 1903/1840/2654 1924/1899/2655
f 1872/1901/2656 1800/1841/2656 1871/1900/2654
f 1904/1890/2657 1905/1912/2657 1873/1875/2567
f 1895/1891/2658 1875/1876/2658 1969/1930/2659
f 1844/1848/2338 1906/1905/2660 1876/1902/2594
f 1805/1845/2366 1876/1902/2594 1877/1903/2596
f 1877/1903/2661 1879/1904/2661 1878/1846/2661
f 1845/1847/2662 1879/1904/2663 1981/1931/2664
f 1906/1905/2499 1880/1849/2596 1907/1906/2665
f 1907/1906/2597 1847/1877/2599 1927/1932/2665
f 1936/1933/2386 1908/1907/2386 1848/1878/2666
f 1881/1908/2489 1909/1850/2489 1908/1907/2386
f 1849/1851/2537 1881/1908/1335 1882/1909/2504
f 1913/1910/1176 1933/1913/1176 1812/1856/1176
f 1910/1879/2667 1914/1881/2667 1989/1934/2668
f 1911/1911/2581 1910/1879/2669 1990/1935/2670
f 1994/1936/2671 1932/1880/2672 1911/1911/2673
f 1912/1937/575 1913/1910/575 1932/1880/584
f 1914/1881/575 1905/1912/2657 1904/1890/2657
f 1933/1913/2674 1991/1938/575 1884/1882/584
f 1845/1847/2675 1956/1939/2674 1935/1914/2675
f 1848/1878/2676 1935/1914/2677 1936/1933/2674
f 1855/1884/2678 1889/1863/2679 1915/1920/2679
f 1886/1885/2680 1855/1884/2678 1915/1920/2678
f 1886/1885/2681 1915/1920/2681 1937/1915/2681
f 1814/1858/575 1937/1915/2681 1938/1916/2681
f 1897/1893/575 1920/1925/575 1887/1886/578
f 1815/1818/2595 1942/1917/575 1897/1893/575
f 1916/1888/2682 1887/1886/2593 1960/1940/2593
f 1938/1916/2683 1940/1941/2684 1941/1887/2685
f 1941/1887/2686 1962/1942/2684 1942/1917/2683
f 1888/1919/2687 1943/1918/2688 1860/1860/2686
f 1960/1940/970 1888/1919/2689 1916/1888/2687
f 1915/1920/2690 1833/1862/1177 1944/1943/1177
f 1917/1944/2691 1891/1921/2692 1918/1864/2693
f 1891/1921/2694 1892/1923/2695 1824/1865/2696
f 1884/1882/2697 1931/1945/2694 1945/1922/2694
f 1917/1944/2608 1918/1864/2698 1945/1922/2698
f 1892/1923/2699 1946/1946/2608 1893/1889/2700
f 1893/1889/2608 1930/1947/2701 1904/1890/2701
f 1842/1874/2702 1895/1891/2608 1969/1930/2608
f 1969/1930/2703 1875/1876/2704 1896/1924/2704
f 1942/1917/2705 1944/1943/2706 1833/1862/2707
f 1834/1872/2708 1971/1926/2705 1919/1927/2709
f 1836/1873/2710 1899/1928/2708 1971/1926/2711
f 1920/1925/2712 1898/1894/2710 1919/1927/2710
f 1972/1948/2713 1896/1924/2714 1900/1895/2714
f 1900/1895/2003 1901/1896/2339 1921/1949/2339
f 1922/1950/2118 1901/1896/2653 1869/1897/1622
f 1902/1929/2001 1842/1874/2005 1948/1951/2001
f 1923/1952/2001 1870/1898/2588 1902/1929/2627
f 1950/1953/2715 1924/1899/2588 1870/1898/2588
f 1949/1954/2716 1871/1900/2717 1924/1899/2717
f 1951/1955/2448 1872/1901/2716 1871/1900/2716
f 1876/1902/2594 1906/1905/2660 1925/1956/2448
f 1877/1903/2596 1876/1902/2594 1978/1957/2448
f 1877/1903/2625 1926/1958/2625 1879/1904/2625
f 1981/1931/2658 1879/1904/2718 1954/1959/2658
f 1845/1847/2719 1981/1931/2719 1956/1939/2719
f 1906/1905/2720 1907/1906/2628 1952/1960/2629
f 1907/1906/2628 1927/1932/2631 1983/1961/2631
f 1957/1962/2721 1908/1907/2722 1936/1933/2723
f 1881/1908/2724 1908/1907/2724 1928/1963/2721
f 1882/1909/2504 1881/1908/1335 1929/1964/2724
f 1913/1910/2455 1958/1965/2455 1933/1913/2455
f 1989/1934/2725 1914/1881/2725 1930/1947/2726
f 1931/1945/2727 1910/1879/2727 1989/1934/2727
f 1931/1945/2728 1990/1935/2729 1910/1879/2729
f 1996/1966/2730 1911/1911/2731 1990/1935/2730
f 1912/1937/2732 1932/1880/2672 1994/1936/2671
f 1994/1936/2733 1911/1911/2733 1996/1966/2734
f 1912/1937/2735 1958/1965/2735 1913/1910/2735
f 1914/1881/2582 1904/1890/2582 1930/1947/2582
f 1987/1967/2736 1991/1938/2737 1933/1913/2737
f 1991/1938/2738 1931/1945/2739 1884/1882/2739
f 1956/1939/2740 1934/1968/2740 1935/1914/2740
f 1935/1914/2243 1954/1959/2245 1936/1933/2243
f 1937/1915/2741 1915/1920/2742 1965/1969/2742
f 1937/1915/2471 1939/1970/2471 1938/1916/2471
f 1887/1886/2743 1920/1925/2744 1960/1940/2651
f 1939/1970/2745 1940/1941/2746 1938/1916/2745
f 1940/1941/2747 1962/1942/2748 1941/1887/2749
f 1942/1917/2750 1962/1942/2751 2015/1971/2751
f 1888/1919/2663 1964/1972/2752 1943/1918/2753
f 1960/1940/2666 2017/1973/2666 1888/1919/2754
f 1965/1969/1177 1915/1920/1177 1944/1943/1176
f 1917/1944/2755 1967/1974/2756 1891/1921/2756
f 1966/1975/2757 1892/1923/2670 1891/1921/2670
f 1931/1945/2457 1989/1934/2758 1945/1922/2457
f 1917/1944/2759 1945/1922/2760 1988/1976/2761
f 1968/1977/623 1946/1946/575 1892/1923/575
f 1893/1889/584 1946/1946/575 1930/1947/584
f 1948/1951/2674 1842/1874/2674 1969/1930/2674
f 2021/1978/2674 1969/1930/2674 1896/1924/2674
f 1944/1943/2762 1942/1917/2763 1963/1979/2762
f 1919/1927/2764 1971/1926/2764 1970/1980/2764
f 1971/1926/2765 1899/1928/2765 1947/1981/2766
f 1961/1982/575 1920/1925/575 1919/1927/575
f 1972/1948/2767 2021/1978/623 1896/1924/623
f 1972/1948/2768 1900/1895/2769 1921/1949/2768
f 1921/1949/2770 1901/1896/2653 1922/1950/2118
f 1974/1983/2682 1902/1929/2682 1948/1951/2771
f 2025/1984/2682 1923/1952/2001 1902/1929/2627
f 1923/1952/2001 1950/1953/2715 1870/1898/2588
f 1949/1954/2772 1924/1899/2773 1950/1953/2684
f 1951/1955/2774 1871/1900/2775 1949/1954/2772
f 1906/1905/2660 1952/1960/2774 1925/1956/2448
f 1876/1902/2594 1925/1956/2448 1978/1957/2448
f 1978/1957/2776 1926/1958/972 1877/1903/972
f 1879/1904/2777 1926/1958/2778 1936/1933/2779
f 1981/1931/2780 1954/1959/2781 1953/1985/2781
f 1879/1904/2782 1936/1933/2782 1954/1959/2782
f 1955/1986/2694 1956/1939/2783 1981/1931/2783
f 1952/1960/2629 1907/1906/2628 1983/1961/2631
f 1983/1961/2784 1927/1932/2784 2007/1987/2785
f 2008/1988/2786 1957/1962/2786 1936/1933/2786
f 1908/1907/2787 1957/1962/2788 1928/1963/2788
f 1881/1908/1335 1928/1963/2608 1929/1964/2724
f 1958/1965/2702 1987/1967/2608 1933/1913/2608
f 1959/1989/2789 1989/1934/2704 1930/1947/2704
f 1991/1938/2790 1990/1935/2789 1931/1945/2789
f 1996/1966/2791 1990/1935/2792 1992/1990/2790
f 1993/1991/2793 1912/1937/2794 1994/1936/2795
f 1995/1992/2796 1994/1936/2797 1996/1966/2798
f 1912/1937/2001 1997/1993/2799 1958/1965/2712
f 1987/1967/2003 1992/1990/2001 1991/1938/2003
f 1956/1939/2800 1955/1986/2003 1934/1968/2118
f 1934/1968/2801 1954/1959/2802 1935/1914/2625
f 1965/1969/2803 1939/1970/2804 1937/1915/2804
f 1960/1940/2805 1920/1925/2806 1961/1982/2807
f 1939/1970/2808 1998/1994/2805 1940/1941/2809
f 1940/1941/2810 1999/1995/2786 1962/1942/2811
f 1962/1942/2812 2014/1996/2813 2015/1971/2814
f 1963/1979/2815 1942/1917/2816 2015/1971/2817
f 2017/1973/2542 1964/1972/2818 1888/1919/2815
f 1961/1982/2819 2017/1973/2762 1960/1940/2762
f 1965/1969/2820 1944/1943/2821 2012/1997/2822
f 1967/1974/2823 1966/1975/2820 1891/1921/2820
f 1917/1944/2751 2000/1998/2823 1967/1974/2824
f 1966/1975/2482 1968/1977/2751 1892/1923/2825
f 1988/1976/2140 1945/1922/2482 1989/1934/2482
f 2000/1998/2826 1917/1944/2030 1988/1976/2141
f 2002/1999/2827 1946/1946/2828 1968/1977/2829
f 1959/1989/2030 1930/1947/2472 1946/1946/2472
f 1948/1951/2830 1969/1930/2831 2021/1978/2030
f 2012/1997/2751 1944/1943/2832 1963/1979/2833
f 1919/1927/2834 1970/1980/2751 1961/1982/2751
f 1971/1926/2751 1947/1981/2835 1970/1980/2836
f 2004/2000/2837 2021/1978/2838 1972/1948/2838
f 2023/2001/2839 1972/1948/2837 1921/1949/2837
f 1973/2002/2839 1921/1949/2770 1922/1950/2118
f 2025/1984/970 1902/1929/970 1974/1983/2840
f 1974/1983/2841 1948/1951/2842 2005/2003/976
f 1975/2004/2843 1923/1952/2001 2025/1984/2682
f 2049/2005/2457 1950/1953/2715 1923/1952/2001
f 1950/1953/575 1976/2006/2844 1949/1954/2845
f 1949/1954/576 2029/2007/575 1951/1955/575
f 1925/1956/2448 1952/1960/2774 1977/2008/575
f 1978/1957/2448 1925/1956/2448 2031/2009/575
f 1978/1957/2846 1979/2010/2847 1926/1958/1346
f 1936/1933/2847 1926/1958/2847 2008/1988/1346
f 1981/1931/2848 1953/1985/2848 1980/2011/2848
f 1934/1968/2849 1953/1985/2850 1954/1959/2850
f 1955/1986/2851 1981/1931/2851 1980/2011/2852
f 1952/1960/575 1983/1961/575 1982/2012/575
f 1983/1961/575 2007/1987/575 2006/2013/576
f 2008/1988/2768 1984/2014/2853 1957/1962/2768
f 1928/1963/2854 1957/1962/2854 2033/2015/2854
f 1929/1964/2724 1928/1963/2608 1985/2016/2854
f 1986/2017/2855 1987/1967/2856 1958/1965/2856
f 1988/1976/2857 1989/1934/2858 1959/1989/2858
f 1992/1990/972 1990/1935/2859 1991/1938/2859
f 1996/1966/2860 1992/1990/972 2036/2018/972
f 1993/1991/2861 1997/1993/2862 1912/1937/2862
f 1993/1991/2863 1994/1936/2861 1995/1992/2861
f 1995/1992/2864 1996/1966/2865 2036/2018/2866
f 1997/1993/2867 1986/2017/2868 1958/1965/2868
f 1987/1967/2786 2009/2019/2867 1992/1990/2867
f 1955/1986/2869 2011/2020/2786 1934/1968/2786
f 1965/1969/2787 2012/1997/2869 1939/1970/2870
f 2012/1997/2808 1998/1994/2871 1939/1970/2872
f 1998/1994/2873 1999/1995/2786 1940/1941/2811
f 1999/1995/2874 2014/1996/2875 1962/1942/2876
f 2015/1971/2877 2014/1996/2878 2042/2021/2878
f 1963/1979/2879 2015/1971/2880 2041/2022/2881
f 2017/1973/2882 2016/2023/2883 1964/1972/2879
f 1961/1982/2884 1970/1980/2885 2017/1973/2886
f 2018/2024/2887 1966/1975/2884 1967/1974/2884
f 2000/1998/2879 2045/2025/2879 1967/1974/2879
f 1966/1975/2625 2001/2026/2797 1968/1977/2797
f 2000/1998/2888 1988/1976/2800 2019/2027/2625
f 1959/1989/2889 1946/1946/2890 2002/1999/2890
f 2046/2028/2891 2002/1999/2892 1968/1977/2892
f 2005/2003/2893 1948/1951/2894 2021/1978/2891
f 2012/1997/2895 1963/1979/2893 2013/2029/2893
f 1970/1980/2896 1947/1981/2897 2016/2023/2895
f 2004/2000/2898 2003/2030/2899 2021/1978/2896
f 2004/2000/2900 1972/1948/2898 2023/2001/2901
f 2023/2001/2902 1921/1949/2770 1973/2002/2839
f 2025/1984/2903 1974/1983/2680 2069/2031/2904
f 1974/1983/2680 2005/2003/2905 2027/2032/2905
f 2026/2033/2906 1975/2004/2843 2025/1984/2682
f 1975/2004/2843 2049/2005/2457 1923/1952/2001
f 2049/2005/2030 1976/2006/2030 1950/1953/2030
f 1976/2006/2030 2029/2007/2031 1949/1954/2028
f 1952/1960/2774 1982/2012/2031 1977/2008/575
f 1925/1956/2448 1977/2008/575 2031/2009/575
f 2031/2009/2907 1979/2010/2907 1978/1957/2907
f 1979/2010/2797 2052/2034/2797 1926/1958/2879
f 1926/1958/2908 2051/2035/2909 2008/1988/2909
f 1980/2011/2910 1953/1985/2911 2054/2036/2912
f 1953/1985/2913 1934/1968/2914 2055/2037/2914
f 2054/2036/2909 1955/1986/2909 1980/2011/2909
f 1982/2012/2915 1983/1961/2915 2006/2013/2916
f 2006/2013/2917 2007/1987/2917 2032/2038/2918
f 2056/2039/972 1984/2014/972 2008/1988/972
f 1957/1962/623 1984/2014/2919 2033/2015/576
f 1928/1963/2608 2033/2015/575 1985/2016/2854
f 1986/2017/1346 2009/2019/575 1987/1967/575
f 2019/2027/1346 1988/1976/1346 1959/1989/1346
f 2036/2018/2920 1992/1990/1346 2009/2019/1346
f 1993/1991/2921 2010/2040/2920 1997/1993/2631
f 1993/1991/575 1995/1992/2922 2038/2041/2922
f 1995/1992/575 2036/2018/575 2089/2042/575
f 2039/2043/2923 1986/2017/575 1997/1993/575
f 2054/2036/2875 2011/2020/2923 1955/1986/2923
f 2011/2020/2854 2060/2044/2924 1934/1968/2876
f 2012/1997/2856 2013/2029/2856 1998/1994/2856
f 1998/1994/2925 2091/2045/2856 1999/1995/2856
f 1999/1995/2859 2040/2046/2925 2014/1996/2925
f 2014/1996/972 2062/2047/2926 2042/2021/2926
f 2041/2022/2869 2015/1971/972 2042/2021/972
f 2013/2029/2927 1963/1979/2869 2041/2022/2928
f 1970/1980/2929 2016/2023/2930 2017/1973/2930
f 2018/2024/2931 2001/2026/2863 1966/1975/2863
f 2045/2025/2932 2018/2024/2933 1967/1974/2933
f 2039/2043/2631 2045/2025/2934 2000/1998/2932
f 2046/2028/2935 1968/1977/2920 2001/2026/2920
f 2039/2043/2936 2000/1998/2935 2019/2027/2935
f 2019/2027/2937 1959/1989/2938 2002/1999/2875
f 2035/2048/2939 2002/1999/2876 2046/2028/2875
f 2005/2003/2940 2021/1978/2939 2020/2049/2939
f 2003/2030/2798 2004/2000/2941 2065/2050/2941
f 2003/2030/2879 2020/2049/2798 2021/1978/2942
f 2022/2051/2943 2004/2000/2797 2023/2001/2797
f 2024/2052/2944 2023/2001/2902 1973/2002/2839
f 2025/1984/2879 2069/2031/2879 2026/2033/2944
f 2072/2053/2884 2069/2031/2884 1974/1983/2879
f 2027/2032/2945 2005/2003/2946 2047/2054/2884
f 1974/1983/2947 2027/2032/2947 2066/2055/2948
f 2028/2056/2949 1975/2004/2843 2026/2033/2906
f 2048/2057/2804 2049/2005/2457 1975/2004/2843
f 2049/2005/2950 2074/2058/2951 1976/2006/2951
f 1976/2006/2797 2075/2059/2950 2029/2007/2950
f 1977/2008/575 1982/2012/2031 2030/2060/2879
f 2031/2009/575 1977/2008/575 2050/2061/2879
f 2031/2009/2952 2110/2062/2893 1979/2010/2893
f 1926/1958/2953 2052/2034/2953 2051/2035/2953
f 1979/2010/2895 2078/2063/2954 2052/2034/2895
f 2079/2064/2955 2008/1988/2956 2051/2035/2956
f 2054/2036/2957 1953/1985/2957 2055/2037/2957
f 2055/2037/2914 1934/1968/2914 2060/2044/2958
f 1982/2012/2959 2006/2013/2958 2083/2065/2958
f 2006/2013/2960 2032/2038/2959 2104/2066/2959
f 2079/2064/2797 2056/2039/2961 2008/1988/2962
f 2056/2039/2909 2106/2067/2963 1984/2014/2879
f 2033/2015/2909 1984/2014/2909 2057/2068/2909
f 1985/2016/2854 2033/2015/575 2034/2069/2909
f 2035/2048/2964 2009/2019/2965 1986/2017/2909
f 2009/2019/2966 2058/2070/2967 2036/2018/2968
f 2030/2060/2879 2010/2040/2920 1993/1991/2921
f 2010/2040/2920 2037/2071/2969 1997/1993/2631
f 1993/1991/2970 2038/2041/2971 2050/2061/2971
f 1995/1992/972 2089/2042/972 2038/2041/970
f 2036/2018/2972 2086/2072/2973 2089/2042/2972
f 2039/2043/575 2035/2048/575 1986/2017/575
f 1997/1993/2631 2037/2071/2969 2039/2043/575
f 2080/2073/2974 2011/2020/2975 2054/2036/575
f 2011/2020/2974 2059/2074/2974 2060/2044/2974
f 2013/2029/575 2091/2045/2974 1998/1994/2974
f 2091/2045/655 2040/2046/623 1999/1995/575
f 2040/2046/2976 2062/2047/576 2014/1996/576
f 2042/2021/2873 2062/2047/2923 2061/2075/2923
f 2041/2022/2873 2042/2021/2873 2063/2076/2875
f 2013/2029/2977 2041/2022/2873 2043/2077/2876
f 2044/2078/2978 2001/2026/2978 2018/2024/2978
f 2092/2079/2925 2018/2024/2979 2045/2025/2979
f 2039/2043/575 2037/2071/2969 2045/2025/2980
f 2001/2026/2981 2096/2080/2982 2046/2028/2980
f 2039/2043/976 2019/2027/2983 2035/2048/2984
f 2035/2048/2985 2019/2027/2985 2002/1999/2776
f 2035/2048/2986 2046/2028/2987 2009/2019/2988
f 2005/2003/2895 2020/2049/2897 2098/2081/2989
f 2003/2030/2990 2065/2050/2990 2072/2053/2991
f 2065/2050/2992 2004/2000/2992 2022/2051/2993
f 2003/2030/2994 2066/2055/2995 2020/2049/2992
f 2022/2051/2995 2023/2001/2902 2024/2052/2944
f 2026/2033/2996 2069/2031/2996 2123/2082/2996
f 2069/2031/2997 2072/2053/2997 2070/2083/2997
f 2072/2053/2998 1974/1983/2998 2003/2030/2998
f 2027/2032/2999 2047/2054/2999 2067/2084/3000
f 2047/2054/3001 2005/2003/3001 2097/2085/3002
f 1974/1983/3003 2066/2055/3003 2003/2030/3003
f 2027/2032/2875 2067/2084/2875 2066/2055/2873
f 2119/2086/2879 2028/2056/2949 2026/2033/2906
f 2028/2056/2949 2048/2057/2804 1975/2004/2843
f 2048/2057/3004 2074/2058/2798 2049/2005/2798
f 2074/2058/3005 2075/2059/3006 1976/2006/3007
f 1982/2012/2031 2083/2065/3008 2030/2060/2879
f 1977/2008/575 2030/2060/2879 2050/2061/2879
f 2050/2061/3009 2110/2062/3007 2031/2009/3008
f 2110/2062/3010 2056/2039/3011 1979/2010/3006
f 2052/2034/3012 2077/2087/3013 2051/2035/3014
f 1979/2010/2804 2079/2064/2804 2078/2063/3015
f 2052/2034/3016 2078/2063/3016 2102/2088/2804
f 2051/2035/2797 2053/2089/2797 2079/2064/3017
f 2054/2036/3018 2055/2037/3019 2080/2073/2879
f 2055/2037/2914 2060/2044/2958 2081/2090/3019
f 2083/2065/2958 2006/2013/2958 2104/2066/3020
f 2104/2066/2959 2032/2038/2959 2084/2091/3020
f 1979/2010/3021 2056/2039/3021 2079/2064/3022
f 2076/2092/3023 2106/2067/3023 2056/2039/3024
f 1984/2014/3025 2106/2067/3025 2057/2068/3023
f 2033/2015/575 2057/2068/3025 2034/2069/2909
f 2036/2018/3026 2058/2070/3026 2086/2072/3027
f 2009/2019/2973 2087/2093/2973 2058/2070/2973
f 2050/2061/2879 2030/2060/2879 1993/1991/2921
f 2030/2060/2879 2083/2065/3008 2010/2040/2920
f 2010/2040/2920 2103/2094/3028 2037/2071/2969
f 2050/2061/3029 2038/2041/3030 2110/2062/3031
f 2038/2041/3032 2089/2042/3033 2088/2095/3034
f 2089/2042/3032 2086/2072/3035 2090/2096/3035
f 2080/2073/3036 2059/2074/3035 2011/2020/3035
f 2059/2074/2969 2082/2097/3036 2060/2044/3036
f 2013/2029/3037 2043/2077/2967 2091/2045/3038
f 2040/2046/3039 2091/2045/3037 2061/2075/2971
f 2040/2046/3040 2061/2075/1177 2062/2047/1177
f 2063/2076/584 2042/2021/3040 2061/2075/3040
f 2043/2077/584 2041/2022/584 2063/2076/584
f 2092/2079/2974 2044/2078/575 2018/2024/576
f 2044/2078/3041 2113/2098/3041 2001/2026/3041
f 2045/2025/2980 2064/2099/2974 2092/2079/2974
f 2037/2071/2969 2064/2099/2974 2045/2025/2980
f 2046/2028/575 2096/2080/575 2087/2093/575
f 2001/2026/623 2094/2100/623 2096/2080/623
f 2046/2028/3042 2087/2093/3042 2009/2019/3042
f 2067/2084/3043 2098/2081/3044 2020/2049/3043
f 2005/2003/3045 2098/2081/3045 2097/2085/3046
f 2072/2053/2873 2065/2050/2873 2142/2101/2873
f 2117/2102/3047 2065/2050/3047 2022/2051/3047
f 2066/2055/2978 2067/2084/2978 2020/2049/2978
f 2068/2103/2978 2022/2051/2995 2024/2052/2944
f 2026/2033/3048 2123/2082/3049 2119/2086/3050
f 2069/2031/3051 2071/2104/3052 2123/2082/3053
f 2069/2031/972 2070/2083/3054 2071/2104/3054
f 2070/2083/3055 2072/2053/972 2125/2105/972
f 2047/2054/3056 2114/2106/3055 2067/2084/3055
f 2047/2054/3057 2097/2085/3056 2126/2107/3056
f 2073/2108/2999 2028/2056/2949 2119/2086/2879
f 2147/2109/2999 2048/2057/2804 2028/2056/2949
f 2048/2057/3058 2148/2110/3058 2074/2058/3058
f 2074/2058/3058 2129/2111/3059 2075/2059/3059
f 2110/2062/3060 2076/2092/3060 2056/2039/3061
f 2100/2112/3062 2077/2087/3063 2052/2034/3060
f 2077/2087/3064 2053/2089/3064 2051/2035/3063
f 2078/2063/3003 2079/2064/3003 2053/2089/3065
f 2100/2112/3066 2052/2034/3067 2102/2088/3068
f 2102/2088/3069 2078/2063/3069 2053/2089/3067
f 2080/2073/3070 2055/2037/3070 2081/2090/3069
f 2081/2090/3019 2060/2044/2958 2082/2097/3071
f 2083/2065/3072 2104/2066/3072 2103/2094/3072
f 2104/2066/3072 2084/2091/3073 2131/2113/3074
f 2076/2092/3075 2090/2096/3075 2106/2067/3076
f 2057/2068/3077 2106/2067/3077 2107/2114/3075
f 2034/2069/2909 2057/2068/3025 2085/2115/3077
f 2086/2072/3016 2058/2070/3016 2108/2116/3016
f 2058/2070/3078 2087/2093/3079 2134/2117/3080
f 2083/2065/3008 2103/2094/3028 2010/2040/2920
f 2037/2071/2969 2103/2094/3028 2064/2099/2974
f 2038/2041/3081 2138/2118/3082 2110/2062/3083
f 2038/2041/3084 2088/2095/3084 2111/2119/3084
f 2088/2095/3085 2089/2042/3085 2076/2092/3085
f 2089/2042/3086 2090/2096/3087 2076/2092/3086
f 2090/2096/3088 2086/2072/3089 2112/2120/3090
f 2059/2074/3091 2080/2073/3091 2082/2097/3091
f 2091/2045/3092 2043/2077/3093 2063/2076/3093
f 2091/2045/3094 2063/2076/3095 2061/2075/3095
f 2120/2121/3028 2044/2078/3031 2092/2079/3028
f 2044/2078/3096 2093/2122/3097 2113/2098/3096
f 2113/2098/3032 2094/2100/3032 2001/2026/3032
f 2064/2099/2974 2095/2123/3035 2092/2079/2974
f 2087/2093/3098 2096/2080/3035 2136/2124/3032
f 2096/2080/3099 2094/2100/3098 2136/2124/3100
f 2114/2106/972 2098/2081/3101 2067/2084/3102
f 2097/2085/3040 2098/2081/972 2115/2125/972
f 2072/2053/3103 2142/2101/3040 2125/2105/3040
f 2142/2101/575 2065/2050/3103 2117/2102/3103
f 2117/2102/575 2022/2051/2995 2068/2103/2978
f 2119/2086/575 2123/2082/575 2122/2126/576
f 2123/2082/3104 2071/2104/3104 2145/2127/575
f 2071/2104/3104 2070/2083/3104 2165/2128/3104
f 2070/2083/575 2125/2105/575 2124/2129/3104
f 2126/2107/575 2114/2106/575 2047/2054/575
f 2126/2107/3042 2097/2085/3105 2099/2130/575
f 2120/2121/3105 2073/2108/2999 2119/2086/2879
f 2073/2108/2999 2147/2109/2999 2028/2056/2949
f 2147/2109/3044 2148/2110/3058 2048/2057/3058
f 2148/2110/3058 2129/2111/3059 2074/2058/3058
f 2110/2062/3106 2139/2131/3044 2076/2092/3044
f 2130/2132/3066 2077/2087/3046 2100/2112/3046
f 2077/2087/3107 2101/2133/3108 2053/2089/3108
f 2102/2088/847 2130/2132/3107 2100/2112/3107
f 2102/2088/3109 2053/2089/3110 2150/2134/3111
f 2080/2073/3053 2081/2090/847 2082/2097/913
f 2103/2094/3112 2104/2066/3053 2131/2113/3048
f 2131/2113/972 2084/2091/3113 2105/2135/3114
f 2106/2067/3115 2090/2096/972 2107/2114/972
f 2057/2068/3025 2107/2114/3116 2085/2115/3077
f 2112/2120/3090 2086/2072/3089 2108/2116/3116
f 2108/2116/3117 2058/2070/3118 2134/2117/3119
f 2134/2117/3120 2087/2093/3120 2136/2124/3118
f 2103/2094/3028 2109/2136/3121 2064/2099/2974
f 2110/2062/2869 2138/2118/3063 2139/2131/3063
f 2038/2041/3122 2111/2119/3122 2138/2118/3122
f 2111/2119/3123 2088/2095/3124 2154/2137/3123
f 2088/2095/3125 2076/2092/3126 2139/2131/3125
f 2107/2114/3127 2090/2096/3127 2112/2120/3128
f 2092/2079/2974 2095/2123/3035 2120/2121/3105
f 2120/2121/3129 2122/2126/3129 2044/2078/3129
f 2044/2078/3069 2155/2138/3069 2093/2122/3069
f 2093/2122/3130 2156/2139/3130 2113/2098/3130
f 2113/2098/3131 2140/2140/3004 2094/2100/3004
f 2064/2099/2974 2109/2136/3121 2095/2123/3035
f 2136/2124/3132 2094/2100/3133 2141/2141/3076
f 2114/2106/3134 2115/2125/3075 2098/2081/3075
f 2097/2085/3135 2115/2125/3135 2099/2130/3135
f 2125/2105/3016 2142/2101/3016 2161/2142/3016
f 2116/2143/3080 2142/2101/3080 2117/2102/3078
f 2118/2144/3136 2117/2102/575 2068/2103/2978
f 2119/2086/3137 2122/2126/3138 2120/2121/3136
f 2123/2082/3139 2121/2145/2893 2122/2126/3137
f 2145/2127/3140 2071/2104/3141 2143/2146/3139
f 2123/2082/3142 2145/2127/3143 2125/2105/3144
f 2143/2146/3145 2071/2104/3146 2165/2128/3147
f 2124/2129/3103 2165/2128/3145 2070/2083/3145
f 2145/2127/3148 2124/2129/3103 2125/2105/3103
f 2126/2107/3149 2177/2147/3148 2114/2106/3148
f 2126/2107/3150 2099/2130/3080 2127/2148/3080
f 2095/2123/3035 2073/2108/2999 2120/2121/3105
f 2167/2149/3150 2147/2109/2999 2073/2108/2999
f 2147/2109/3099 2146/2150/3099 2148/2110/3151
f 2148/2110/972 2128/2151/970 2129/2111/3099
f 2130/2132/3152 2101/2133/3152 2077/2087/972
f 2053/2089/3153 2101/2133/3153 2149/2152/3152
f 2102/2088/575 2150/2134/575 2130/2132/3153
f 2150/2134/575 2053/2089/575 2149/2152/575
f 2103/2094/3104 2131/2113/3104 2109/2136/575
f 2131/2113/3104 2105/2135/3104 2151/2153/3104
f 2085/2115/3077 2107/2114/3116 2132/2154/3104
f 2112/2120/575 2108/2116/575 2133/2155/575
f 2108/2116/575 2134/2117/575 2135/2156/575
f 2134/2117/575 2136/2124/3154 2137/2157/575
f 2138/2118/3155 2152/2158/3156 2139/2131/3156
f 2138/2118/3157 2111/2119/3158 2153/2159/3157
f 2153/2159/3159 2111/2119/3158 2154/2137/3160
f 2139/2131/2286 2154/2137/3159 2088/2095/3159
f 2107/2114/3116 2112/2120/575 2132/2154/3104
f 2122/2126/1068 2155/2138/2284 2044/2078/2284
f 2093/2122/977 2155/2138/1068 2182/2160/1068
f 2093/2122/3109 2183/2161/3111 2156/2139/3111
f 2158/2162/3161 2113/2098/3109 2156/2139/3162
f 2121/2145/3113 2140/2140/3163 2113/2098/3164
f 2094/2100/972 2140/2140/3165 2141/2141/3165
f 2109/2136/3121 2167/2149/3150 2095/2123/3035
f 2136/2124/3154 2141/2141/972 2137/2157/575
f 2177/2147/3166 2115/2125/3167 2114/2106/972
f 2099/2130/3168 2115/2125/3169 2178/2163/3167
f 2125/2105/3121 2161/2142/3170 2121/2145/3168
f 2161/2142/575 2142/2101/575 2116/2143/3121
f 2116/2143/575 2117/2102/575 2118/2144/3136
f 2122/2126/3171 2121/2145/3172 2158/2162/3171
f 2123/2082/3173 2125/2105/3173 2121/2145/3173
f 2145/2127/3174 2143/2146/3175 2144/2164/3174
f 2143/2146/1068 2165/2128/1068 2164/2165/1068
f 2124/2129/3176 2179/2166/3177 2165/2128/3178
f 2145/2127/3130 2179/2166/3130 2124/2129/3069
f 2127/2148/3179 2177/2147/3179 2126/2107/3179
f 2127/2148/3132 2099/2130/3132 2160/2167/3132
f 2095/2123/3035 2167/2149/3150 2073/2108/2999
f 2167/2149/3134 2146/2150/3180 2147/2109/3134
f 2146/2150/3135 2128/2151/3135 2148/2110/3135
f 2180/2168/3083 2101/2133/3083 2130/2132/3083
f 2101/2133/3080 2169/2169/3080 2149/2152/3080
f 2150/2134/3181 2180/2168/3181 2130/2132/3181
f 2150/2134/3182 2149/2152/3183 2170/2170/3182
f 2109/2136/3184 2131/2113/2952 2151/2153/3185
f 2151/2153/3145 2105/2135/3145 2168/2171/3186
f 2132/2154/3104 2112/2120/575 2133/2155/575
f 2133/2155/575 2108/2116/575 2135/2156/575
f 2135/2156/575 2134/2117/575 2137/2157/575
f 2173/2172/3187 2152/2158/3188 2138/2118/3187
f 2152/2158/3189 2154/2137/3189 2139/2131/3189
f 2173/2172/3187 2138/2118/3187 2153/2159/3190
f 2153/2159/3103 2154/2137/3103 2187/2173/3153
f 2122/2126/3191 2158/2162/3192 2155/2138/3193
f 2093/2122/3194 2182/2160/3103 2175/2174/3194
f 2182/2160/3195 2155/2138/3196 2157/2175/3196
f 2175/2174/970 2183/2161/976 2093/2122/970
f 2156/2139/3197 2183/2161/3198 2157/2175/3197
f 2156/2139/3199 2157/2175/3199 2158/2162/3199
f 2158/2162/3200 2121/2145/3201 2113/2098/3201
f 2121/2145/3202 2161/2142/3153 2140/2140/3103
f 2141/2141/584 2140/2140/584 2176/2176/584
f 2109/2136/575 2151/2153/575 2167/2149/575
f 2137/2157/575 2141/2141/972 2159/2177/3203
f 2177/2147/3204 2178/2163/3204 2115/2125/3204
f 2099/2130/575 2178/2163/3205 2160/2167/3203
f 2176/2176/575 2161/2142/575 2116/2143/575
f 2162/2178/575 2116/2143/575 2118/2144/3136
f 2143/2146/3156 2163/2179/3154 2144/2164/575
f 2144/2164/3157 2179/2166/3155 2145/2127/3156
f 2143/2146/3160 2164/2165/3206 2163/2179/3160
f 2164/2165/3207 2165/2128/3160 2185/2180/3155
f 2179/2166/3159 2166/2181/3159 2165/2128/3160
f 2177/2147/2286 2127/2148/2286 2160/2167/3159
f 2167/2149/3208 2151/2153/3208 2146/2150/2286
f 2146/2150/3208 2168/2171/3208 2128/2151/3208
f 2180/2168/3206 2169/2169/3160 2101/2133/3208
f 2149/2152/3164 2169/2169/3164 2171/2182/3157
f 2150/2134/3209 2170/2170/3209 2180/2168/3164
f 2170/2170/972 2149/2152/972 2171/2182/3210
f 2151/2153/3211 2168/2171/3211 2146/2150/972
f 2174/2183/3212 2152/2158/3213 2173/2172/3214
f 2152/2158/584 2172/2184/575 2154/2137/3213
f 2173/2172/575 2153/2159/575 2174/2183/575
f 2153/2159/3172 2187/2173/3172 2174/2183/575
f 2187/2173/3173 2154/2137/3215 2181/2185/3172
f 2155/2138/3216 2158/2162/3217 2157/2175/3215
f 2182/2160/3218 2192/2186/3218 2175/2174/3217
f 2182/2160/623 2157/2175/575 2190/2187/3219
f 2192/2186/1068 2183/2161/1068 2175/2174/623
f 2183/2161/3178 2193/2188/3178 2157/2175/3220
f 2140/2140/3221 2161/2142/3221 2176/2176/3222
f 2141/2141/972 2176/2176/3069 2159/2177/3203
f 2177/2147/3223 2160/2167/3131 2178/2163/3223
f 2176/2176/3069 2116/2143/575 2162/2178/575
f 2163/2179/3224 2179/2166/3225 2144/2164/3225
f 2164/2165/3075 2195/2189/3075 2163/2179/3075
f 2165/2128/3160 2166/2181/3159 2185/2180/3226
f 2164/2165/3227 2185/2180/3228 2184/2190/3228
f 2163/2179/3229 2166/2181/3097 2179/2166/3097
f 2180/2168/3230 2170/2170/3229 2169/2169/3229
f 2169/2169/575 2170/2170/3231 2171/2182/3232
f 2174/2183/3233 2172/2184/575 2152/2158/584
f 2154/2137/3213 2172/2184/575 2181/2185/3234
f 2187/2173/3235 2196/2191/3236 2174/2183/3233
f 2187/2173/3188 2181/2185/3188 2188/2192/3235
f 2182/2160/3219 2190/2187/3218 2192/2186/3188
f 2190/2187/3237 2157/2175/3237 2199/2193/3214
f 2192/2186/3238 2193/2188/3193 2183/2161/3237
f 2157/2175/3220 2193/2188/3178 2199/2193/3191
f 2159/2177/3203 2176/2176/3069 2162/2178/575
f 2195/2189/3196 2166/2181/3196 2163/2179/3239
f 2164/2165/3103 2184/2190/3103 2195/2189/3103
f 2166/2181/972 2194/2194/976 2185/2180/972
f 2184/2190/3240 2185/2180/3240 2186/2195/3240
f 2196/2191/3241 2172/2184/3242 2174/2183/3241
f 2172/2184/3199 2197/2196/3243 2181/2185/3244
f 2187/2173/3245 2188/2192/3245 2196/2191/3245
f 2188/2192/3201 2181/2185/3201 2189/2197/3201
f 2190/2187/3202 2198/2198/3153 2192/2186/3103
f 2190/2187/3245 2199/2193/3245 2191/2199/3245
f 2198/2198/575 2193/2188/584 2192/2186/575
f 2193/2188/575 2201/2200/575 2199/2193/575
f 2195/2189/3176 2194/2194/3246 2166/2181/3204
f 2194/2194/3246 2195/2189/3176 2184/2190/3176
f 2185/2180/578 2194/2194/575 2186/2195/575
f 2194/2194/575 2184/2190/575 2186/2195/575
f 2196/2191/3247 2197/2196/3248 2172/2184/3249
f 2181/2185/3244 2197/2196/3243 2189/2197/3250
f 2196/2191/3251 2188/2192/3252 2197/2196/3253
f 2197/2196/3160 2188/2192/3251 2189/2197/3251
f 2190/2187/3254 2191/2199/3160 2198/2198/3160
f 2191/2199/3255 2199/2193/3256 2200/2201/3256
f 2198/2198/3257 2201/2200/3258 2193/2188/3259
f 2199/2193/2286 2201/2200/3260 2200/2201/3260
f 2201/2200/3208 2198/2198/2286 2191/2199/2286
f 2201/2200/3261 2191/2199/3208 2200/2201/3261
o Tire_model_wheel.001
v -0.129632 0.128719 0.264342
v -0.136820 0.140461 0.277635
v -0.153007 0.140461 0.310101
v -0.019872 0.140461 0.309519
v -0.022403 0.140461 0.345708
v -0.018053 0.128719 0.294763
v -0.232665 0.140461 0.203422
v -0.272212 0.135929 0.237800
v 0.096674 0.128719 0.280167
v -0.018217 0.126326 0.283794
v 0.092072 0.126326 0.269763
v -0.221077 0.128719 0.193537
v 0.111887 0.140461 0.328624
v 0.197083 0.128719 0.222778
v 0.100376 0.140461 0.294221
v 0.092072 -0.115383 0.269763
v -0.327217 0.140461 0.109691
v -0.260044 0.140461 0.227222
v -0.292815 0.140461 0.098180
v 0.205616 0.140461 0.234070
v 0.188597 -0.115383 0.214594
v -0.213387 0.126326 0.186484
v -0.125480 0.126326 0.254550
v -0.280278 0.130446 0.244812
v -0.160201 0.135929 0.324530
v -0.360385 0.135929 -0.025725
v -0.342507 0.135929 0.114807
v -0.023527 0.135929 0.361792
v 0.188597 0.126326 0.214594
v -0.018217 -0.115383 0.283794
v -0.125480 -0.115383 0.254550
v -0.308113 0.140461 -0.022070
v -0.344301 0.140461 -0.024601
v -0.278465 0.128719 0.093126
v -0.296410 0.130446 0.258835
v -0.164970 0.130446 0.334095
v -0.371046 0.130446 -0.026471
v -0.352642 0.130446 0.118198
v -0.174507 0.130446 0.353224
v 0.297343 -0.120354 0.020221
v 0.266923 -0.120354 0.131802
v 0.256661 -0.115383 0.126685
v 0.298307 0.128719 0.019750
v 0.267887 0.128719 0.131331
v 0.279827 0.140461 0.138223
v -0.019017 -0.120354 0.295233
v -0.213387 -0.115383 0.186484
v -0.282586 0.126326 -0.020333
v 0.196119 -0.120354 0.223248
v -0.308694 0.140461 -0.155207
v 0.117002 0.135929 0.343914
v -0.024273 0.130446 0.372454
v 0.229416 0.140461 0.261449
v 0.239993 0.135929 0.273617
v 0.256661 0.126326 0.126685
v -0.130596 -0.120354 0.264812
v -0.019872 -0.124605 0.309519
v 0.100376 -0.124605 0.294221
v 0.095710 -0.120354 0.280637
v 0.279827 -0.124605 0.138223
v -0.293060 0.128719 -0.021603
v -0.332688 0.130446 -0.167170
v -0.262640 0.128719 -0.133184
v -0.253343 0.126326 -0.127598
v -0.351817 0.130446 -0.176708
v 0.120394 0.130446 0.354050
v 0.311711 -0.124605 0.021273
v 0.285905 -0.115383 0.019420
v 0.271874 0.126326 -0.090871
v 0.205616 -0.124605 0.234070
v -0.268555 0.126326 0.089958
v -0.268555 -0.115383 0.089958
v 0.312292 -0.124605 0.154411
v -0.323123 0.135929 -0.162401
v -0.202018 0.140461 -0.234867
v -0.276229 0.140461 -0.139021
v -0.243407 0.130446 -0.282481
v -0.191836 0.128719 -0.224631
v -0.296410 -0.115383 0.258835
v -0.392370 0.130446 -0.027962
v -0.372913 0.130446 0.124981
v 0.312292 0.140460 0.154411
v 0.347899 0.140460 0.023804
v 0.330816 -0.124605 -0.110488
v 0.296413 -0.124605 -0.098977
v 0.285905 0.126326 0.019420
v 0.311711 0.140460 0.021273
v -0.153007 -0.124605 0.310101
v -0.136820 -0.124605 0.277635
v -0.232665 -0.124605 0.203422
v -0.174508 -0.115383 0.353224
v -0.372913 -0.115383 0.124981
v -0.392370 -0.115383 -0.027962
v -0.257430 0.130446 -0.298613
v -0.025764 0.130446 0.393777
v 0.296413 0.140460 -0.098977
v 0.282748 -0.120354 -0.094509
v 0.271874 -0.115383 -0.090871
v 0.283712 0.128719 -0.094979
v 0.226324 0.128719 -0.195389
v -0.022403 -0.124605 0.345708
v 0.117002 -0.120354 0.343914
v -0.222041 -0.120354 0.194007
v 0.229416 -0.124605 0.261449
v -0.282586 -0.115383 -0.020333
v -0.253343 -0.115383 -0.127598
v -0.185278 0.126326 -0.215506
v -0.225818 0.140461 -0.262246
v -0.116795 0.130446 -0.354846
v -0.096777 0.140461 -0.295018
v -0.123578 0.130446 -0.375117
v -0.257430 -0.115383 -0.298613
v -0.351817 -0.115383 -0.176708
v -0.025764 -0.115383 0.393777
v 0.261029 0.130446 0.297816
v 0.247005 0.130446 0.281684
v 0.326721 0.135929 0.161605
v 0.330816 0.140460 -0.110488
v 0.275810 -0.120354 -0.238597
v 0.236263 -0.124605 -0.204219
v 0.225360 -0.120354 -0.194919
v 0.216706 0.126326 -0.187397
v -0.023527 -0.120354 0.361792
v -0.160201 -0.120354 0.324530
v 0.111887 -0.124605 0.328624
v -0.279429 -0.120354 0.093596
v -0.292815 -0.124605 0.098180
v 0.239993 -0.120354 0.273617
v 0.326721 -0.120354 0.161605
v 0.347899 -0.124605 0.023804
v -0.294024 -0.120354 -0.021133
v -0.185278 -0.115383 -0.215506
v -0.108288 0.140461 -0.329420
v -0.236395 0.135929 -0.274414
v -0.164970 -0.115383 0.334095
v -0.342507 -0.120354 0.114807
v -0.352642 -0.115383 0.118198
v -0.323123 -0.120354 -0.162401
v -0.371046 -0.115383 -0.026471
v -0.123578 -0.115383 -0.375117
v -0.024273 -0.115383 0.372454
v 0.127176 0.130446 0.374320
v 0.336286 0.130446 0.166374
v 0.363983 0.135929 0.024928
v 0.236263 0.140461 -0.204219
v 0.216706 -0.115383 -0.187397
v 0.247005 -0.115383 0.281684
v -0.308113 -0.124605 -0.022070
v 0.363983 -0.120354 0.024928
v -0.113404 0.135929 -0.344711
v 0.023470 0.140461 -0.310316
v -0.091427 0.128719 -0.282020
v -0.272212 -0.120354 0.237800
v -0.280278 -0.115383 0.244812
v -0.332688 -0.115383 -0.167170
v -0.236395 -0.120354 -0.274414
v 0.120394 -0.115383 0.354050
v 0.127176 -0.115383 0.374320
v 0.261029 -0.115383 0.297816
v 0.355416 0.130446 0.175911
v 0.263642 -0.124605 -0.228019
v 0.140418 -0.124605 -0.278431
v 0.128799 -0.115383 -0.255463
v 0.128799 0.126326 -0.255463
v -0.260044 -0.124605 0.227222
v 0.336286 -0.115383 0.166374
v 0.374645 -0.115383 0.025674
v 0.346105 -0.120354 -0.115604
v -0.263604 -0.120354 -0.132714
v 0.283876 -0.115383 -0.245609
v 0.026001 0.140461 -0.346505
v 0.027125 0.135929 -0.362589
v 0.029362 0.130446 -0.394574
v 0.029362 -0.115383 -0.394574
v -0.360385 -0.120354 -0.025725
v -0.243407 -0.115383 -0.282481
v 0.027125 -0.120354 -0.362589
v 0.374645 0.130446 0.025674
v 0.346105 0.135929 -0.115604
v 0.163799 -0.120354 -0.325327
v 0.156605 -0.124605 -0.310897
v 0.133915 -0.120354 -0.265724
v 0.021536 -0.115383 -0.284707
v 0.134879 0.128719 -0.266195
v 0.355416 -0.115383 0.175911
v 0.356241 -0.115383 -0.118995
v -0.344301 -0.124605 -0.024601
v -0.192800 -0.120354 -0.224161
v -0.088753 0.126326 -0.270676
v 0.168568 -0.115383 -0.334891
v 0.027871 0.130446 -0.373251
v 0.168568 0.130446 -0.334891
v 0.140419 0.140461 -0.278431
v 0.023300 0.128719 -0.296615
v -0.327217 -0.124605 0.109691
v -0.225818 -0.124605 -0.262246
v -0.308694 -0.124605 -0.155207
v -0.116795 -0.115383 -0.354846
v -0.108288 -0.124605 -0.329420
v 0.027871 -0.115383 -0.373251
v 0.395968 0.130446 0.027165
v 0.023470 -0.124605 -0.310316
v 0.021536 0.126326 -0.284707
v -0.276229 -0.124605 -0.139021
v -0.092391 -0.120354 -0.281550
v -0.088753 -0.115383 -0.270676
v 0.163799 0.135929 -0.325327
v 0.178106 0.130446 -0.354021
v -0.202018 -0.124605 -0.234867
v 0.026001 -0.124605 -0.346505
v -0.113404 -0.120354 -0.344711
v 0.356241 0.130446 -0.118995
v 0.156605 0.140461 -0.310897
v 0.263642 0.140461 -0.228019
v 0.275810 0.135929 -0.238597
v 0.022336 -0.120354 -0.296145
v 0.395968 -0.115383 0.027165
v 0.376511 0.130446 -0.125778
v 0.376511 -0.115383 -0.125778
v 0.300008 -0.115383 -0.259633
v 0.178106 -0.115383 -0.354021
v 0.283876 0.130446 -0.245609
v -0.096778 -0.124605 -0.295018
v 0.300008 0.130446 -0.259633
vn 0.1641 0.7817 -0.6017
vn 0.1641 0.7816 -0.6018
vn -0.0000 1.0000 -0.0000
vn -0.0797 0.7752 -0.6267
vn 0.0582 0.9752 -0.2136
vn 0.3788 0.7857 -0.4892
vn -0.0270 0.9767 -0.2127
vn -0.0797 0.7752 -0.6266
vn -0.0271 0.9767 -0.2127
vn 0.3787 0.7857 -0.4892
vn -0.1686 0.9613 0.2178
vn -0.0725 0.9613 0.2658
vn -0.0724 0.9613 0.2658
vn -0.1026 0.9784 -0.1796
vn -0.3183 0.7671 -0.5570
vn 0.2630 -0.0000 -0.9648
vn 0.1387 0.9740 -0.1791
vn 0.1387 0.9740 -0.1792
vn -0.1262 -0.0000 -0.9920
vn -0.1261 0.0001 -0.9920
vn 0.5359 0.7868 -0.3063
vn 0.5358 0.7868 -0.3063
vn -0.1687 0.9613 0.2178
vn -0.1686 0.9613 0.2177
vn -0.2392 0.9613 0.1367
vn -0.2391 0.9613 0.1367
vn -0.0001 1.0000 -0.0000
vn -0.4962 -0.0000 -0.8682
vn -0.1027 0.9784 -0.1796
vn -0.1262 0.0001 -0.9920
vn 0.2631 0.0001 -0.9648
vn -0.1261 -0.0001 -0.9920
vn 0.1388 0.9740 -0.1791
vn -0.2838 0.8861 0.3664
vn -0.4051 0.8854 0.2279
vn -0.4024 0.8861 0.2300
vn -0.2837 0.8861 0.3665
vn -0.1220 0.8861 0.4472
vn -0.1219 0.8861 0.4472
vn 0.0346 0.9613 0.2733
vn 0.0347 0.9613 0.2733
vn -0.1219 0.8862 0.4471
vn 0.0347 0.9613 0.2732
vn -0.7907 -0.0000 -0.6122
vn -0.0000 1.0000 -0.0001
vn -0.1581 0.9798 -0.1225
vn -0.1581 0.9798 -0.1224
vn -0.5155 0.7583 -0.3991
vn -0.5154 0.7583 -0.3992
vn -0.5154 0.7584 -0.3991
vn 0.1063 -0.9146 -0.3901
vn 0.6123 -0.0000 -0.7906
vn 0.6122 -0.0000 -0.7907
vn -0.0509 -0.9146 -0.4011
vn 0.1987 0.9735 -0.1135
vn 0.1987 0.9735 -0.1136
vn -0.2006 -0.9147 -0.3510
vn -0.2005 -0.9146 -0.3510
vn -0.2006 -0.9146 -0.3510
vn -0.2733 0.9613 0.0348
vn -0.2732 0.9613 0.0347
vn 0.6147 0.7849 -0.0782
vn 0.6147 0.7849 -0.0781
vn -0.4598 0.8861 0.0585
vn -0.1219 0.8861 0.4471
vn -0.4597 0.8861 0.0585
vn 0.0348 0.9613 0.2733
vn 0.0347 0.9613 0.2731
vn -0.3197 -0.9146 -0.2476
vn -0.7908 -0.0000 -0.6121
vn -0.3197 -0.9146 -0.2475
vn -0.5154 0.7583 -0.3991
vn -0.1582 0.9798 -0.1224
vn -0.1581 0.9798 -0.1223
vn -0.5154 0.7584 -0.3990
vn -0.0510 -0.9147 -0.4010
vn -0.0510 -0.9146 -0.4010
vn -0.0510 -0.9146 -0.4011
vn -0.3196 -0.9146 -0.2476
vn 0.1987 0.9734 -0.1136
vn -0.2733 0.9613 0.0347
vn 0.2259 0.9737 -0.0287
vn -0.2734 0.9613 0.0347
vn -0.2734 0.9613 0.0348
vn -0.0000 1.0000 0.0001
vn -0.4598 0.8861 0.0584
vn 0.0584 0.8861 0.4598
vn 0.0001 1.0000 -0.0000
vn 0.1368 0.9613 0.2391
vn 0.0585 0.8861 0.4598
vn 0.1367 0.9613 0.2392
vn -0.3901 -0.9146 -0.1063
vn -0.9648 -0.0000 -0.2631
vn -0.1879 0.9809 -0.0512
vn -0.9648 -0.0000 -0.2630
vn -0.9648 -0.0000 -0.2629
vn -0.6377 0.7505 -0.1738
vn -0.6376 0.7505 -0.1739
vn 0.0764 -0.9569 -0.2802
vn -0.6377 0.7504 -0.1738
vn 0.2475 -0.9146 -0.3197
vn -0.0365 -0.9572 -0.2870
vn 0.8682 -0.0000 -0.4962
vn -0.1432 -0.9575 -0.2505
vn -0.2277 -0.9576 -0.1763
vn 0.2259 0.9737 -0.0288
vn 0.6034 0.7802 0.1648
vn 0.6035 0.7802 0.1645
vn -0.2658 0.9613 -0.0724
vn 0.6035 0.7802 0.1646
vn 0.2155 0.9747 0.0588
vn 0.2156 0.9747 0.0587
vn -0.4472 0.8861 -0.1219
vn 0.1367 0.9613 0.2391
vn -0.2778 -0.9577 -0.0757
vn -0.3900 -0.9146 -0.1063
vn -0.6376 0.7505 -0.1738
vn -0.6377 0.7504 -0.1739
vn 0.0764 -0.9569 -0.2801
vn -0.0365 -0.9572 -0.2871
vn -0.1431 -0.9575 -0.2504
vn 0.8682 -0.0000 -0.4963
vn 0.9920 -0.0000 -0.1263
vn 0.9920 -0.0000 -0.1262
vn 0.6035 0.7802 0.1644
vn -0.4472 0.8861 -0.1220
vn -0.6123 -0.0000 0.7907
vn 0.2155 0.9747 0.0587
vn -0.8682 -0.0001 0.4962
vn -0.6122 0.0001 0.7907
vn -0.8682 -0.0000 0.4962
vn -0.2630 -0.0000 0.9648
vn 0.2299 0.8861 0.4024
vn 0.2300 0.8861 0.4024
vn 0.2178 0.9613 0.1686
vn -0.2859 -0.9576 0.0364
vn -0.4011 -0.9146 0.0510
vn -0.9920 -0.0000 0.1262
vn -0.1899 0.9815 0.0246
vn -0.1900 0.9815 0.0242
vn -0.6620 0.7448 0.0842
vn -0.0000 -1.0000 0.0001
vn 0.0001 -1.0000 0.0001
vn 0.1785 -0.9566 -0.2305
vn -0.0000 -1.0000 -0.0000
vn 0.3510 -0.9146 -0.2006
vn 0.9648 -0.0000 0.2630
vn -0.2178 0.9613 -0.1687
vn 0.5014 0.7733 0.3881
vn -0.2179 0.9613 -0.1686
vn -0.2179 0.9613 -0.1687
vn -0.3665 0.8861 -0.2838
vn 0.5014 0.7732 0.3882
vn -0.3665 0.8861 -0.2837
vn 0.1714 0.9762 0.1328
vn -0.6123 -0.0000 0.7906
vn -0.6122 -0.0000 0.7907
vn -0.8682 -0.0000 0.4961
vn -0.8682 -0.0000 0.4963
vn -0.9920 0.0001 0.1262
vn 0.2178 0.9613 0.1687
vn -0.9920 -0.0000 0.1263
vn -0.1900 0.9815 0.0241
vn -0.0001 -1.0000 -0.0000
vn 0.1784 -0.9566 -0.2305
vn 0.4011 -0.9146 -0.0510
vn -0.2178 0.9613 -0.1686
vn -0.3664 0.8861 -0.2837
vn 0.5014 0.7733 0.3882
vn 0.1714 0.9762 0.1327
vn 0.1715 0.9762 0.1328
vn -0.9648 0.0003 -0.2629
vn -0.7907 0.0002 -0.6122
vn -0.7907 0.0002 -0.6123
vn -0.9648 -0.0001 -0.2630
vn 0.1262 -0.0000 0.9920
vn 0.3665 0.8861 0.2837
vn 0.2658 0.9613 0.0725
vn 0.3664 0.8861 0.2837
vn 0.2657 0.9613 0.0724
vn -0.2509 -0.9573 0.1434
vn -0.3510 -0.9146 0.2007
vn -0.3510 -0.9146 0.2006
vn -0.1655 0.9817 0.0946
vn -0.5817 0.7424 0.3324
vn -0.1656 0.9816 0.0947
vn -0.0683 -0.9657 0.2505
vn -0.5817 0.7423 0.3325
vn 0.0328 -0.9657 0.2575
vn 0.2539 -0.9563 -0.1451
vn 0.2540 -0.9563 -0.1451
vn 0.0327 -0.9657 0.2575
vn 0.1288 -0.9657 0.2254
vn 0.2053 -0.9657 0.1589
vn 0.2052 -0.9657 0.1589
vn 0.2053 -0.9657 0.1590
vn 0.2504 -0.9657 0.0683
vn 0.2505 -0.9657 0.0683
vn 0.3901 -0.9146 0.1063
vn 0.7907 -0.0000 0.6122
vn 0.2576 -0.9657 -0.0328
vn 0.2575 -0.9657 -0.0328
vn 0.2575 -0.9657 -0.0327
vn -0.1368 0.9613 -0.2392
vn -0.2300 0.8861 -0.4024
vn -0.1367 0.9613 -0.2392
vn 0.3197 0.7649 0.5593
vn -0.2299 0.8861 -0.4024
vn 0.3198 0.7648 0.5593
vn 0.1039 0.9778 0.1817
vn 0.1039 0.9779 0.1817
vn 0.0001 -1.0000 -0.0000
vn 0.3665 0.8861 0.2838
vn 0.2254 -0.9657 -0.1288
vn -0.8682 0.0001 0.4961
vn -0.1656 0.9816 0.0946
vn -0.5816 0.7425 0.3324
vn -0.0683 -0.9657 0.2504
vn -0.5817 0.7424 0.3325
vn 0.1289 -0.9657 0.2253
vn 0.2053 -0.9657 0.1588
vn 0.2909 -0.9560 -0.0370
vn 0.2910 -0.9560 -0.0370
vn 0.3901 -0.9146 0.1064
vn 0.7907 0.0001 0.6122
vn 0.7908 -0.0000 0.6121
vn 0.2254 -0.9657 -0.1289
vn -0.1367 0.9613 -0.2391
vn 0.3197 0.7648 0.5593
vn -0.4963 -0.0000 -0.8682
vn -0.2624 -0.9035 0.3388
vn -0.3721 -0.9035 0.2126
vn -0.4251 -0.9035 0.0541
vn -0.3720 -0.9035 0.2126
vn -0.4135 -0.9035 -0.1127
vn -0.4134 -0.9035 -0.1127
vn -0.0000 -1.0000 -0.0001
vn -0.1169 -0.9041 0.4110
vn -0.1127 -0.9035 0.4134
vn 0.4962 -0.0000 0.8682
vn 0.4472 0.8861 0.1219
vn 0.4471 0.8861 0.1220
vn 0.2731 0.9613 -0.0348
vn 0.2733 0.9613 -0.0347
vn 0.1589 -0.9657 -0.2053
vn -0.1775 -0.9570 0.2293
vn -0.2475 -0.9146 0.3197
vn -0.1178 0.9813 0.1520
vn -0.1178 0.9813 0.1521
vn -0.4092 0.7438 0.5285
vn -0.1126 -0.9036 0.4134
vn -0.1588 -0.9657 0.2053
vn -0.1589 -0.9657 0.2053
vn 0.0541 -0.9035 0.4251
vn 0.2126 -0.9035 0.3720
vn 0.3388 -0.9035 0.2624
vn 0.4135 -0.9035 0.1127
vn 0.3388 -0.9035 0.2625
vn 0.3388 -0.9035 0.2623
vn 0.4134 -0.9035 0.1127
vn 0.4251 -0.9035 -0.0540
vn 0.2833 -0.9559 0.0773
vn 0.3197 -0.9146 0.2476
vn 0.2833 -0.9559 0.0772
vn 0.4963 -0.0001 0.8682
vn 0.3197 -0.9146 0.2475
vn 0.3721 -0.9035 -0.2126
vn 0.3721 -0.9035 -0.2127
vn 0.3720 -0.9035 -0.2127
vn -0.0347 0.9613 -0.2733
vn -0.0585 0.8861 -0.4597
vn -0.0584 0.8861 -0.4597
vn 0.0826 0.7562 0.6491
vn 0.0826 0.7562 0.6492
vn -0.1262 -0.0001 -0.9920
vn 0.0255 0.9793 0.2007
vn -0.2623 -0.9035 0.3388
vn 0.0255 0.9793 0.2006
vn -0.3721 -0.9035 0.2127
vn -0.4251 -0.9035 0.0540
vn -0.3388 -0.9036 -0.2623
vn -0.3388 -0.9035 -0.2624
vn 0.2733 0.9613 -0.0348
vn 0.2623 -0.9035 -0.3388
vn 0.2624 -0.9035 -0.3388
vn -0.1776 -0.9570 0.2293
vn -0.4091 0.7438 0.5286
vn -0.4091 0.7438 0.5285
vn -0.4092 0.7439 0.5285
vn 0.2126 -0.9036 0.3720
vn 0.2126 -0.9035 0.3721
vn -0.1590 -0.9657 0.2053
vn 0.3389 -0.9035 0.2624
vn 0.4251 -0.9035 -0.0542
vn 0.4251 -0.9035 -0.0541
vn 0.2623 -0.9035 -0.3389
vn 0.2623 -0.9036 -0.3388
vn -0.0347 0.9613 -0.2732
vn -0.1261 -0.0000 -0.9920
vn 0.0825 0.7562 0.6491
vn 0.0255 0.9794 0.2005
vn -0.2254 -0.9657 0.1288
vn -0.2575 -0.9657 0.0328
vn -0.2575 -0.9657 0.0327
vn -0.2504 -0.9657 -0.0683
vn -0.2505 -0.9657 -0.0683
vn -0.2053 -0.9657 -0.1589
vn -0.2126 -0.9036 -0.3720
vn -0.2127 -0.9035 -0.3721
vn -0.2126 -0.9035 -0.3720
vn -0.0541 -0.9035 -0.4251
vn -0.2127 -0.9035 -0.3720
vn 0.7906 -0.0000 0.6123
vn 0.4598 0.8861 -0.0585
vn 0.4597 0.8861 -0.0585
vn 0.2392 0.9613 -0.1367
vn 0.1127 -0.9035 -0.4134
vn 0.1127 -0.9035 -0.4135
vn 0.0683 -0.9657 -0.2504
vn -0.0766 -0.9567 0.2808
vn -0.1063 -0.9146 0.3901
vt 0.045006 0.182905
vt 0.062597 0.185533
vt 0.063572 0.185475
vt 0.046676 0.182813
vt 0.042468 0.179187
vt 0.079500 0.194039
vt 0.063696 0.186199
vt 0.029675 0.186887
vt 0.025178 0.183768
vt 0.062231 0.182023
vt 0.079063 0.194460
vt 0.079147 0.194356
vt 0.047442 0.183604
vt 0.031953 0.186467
vt 0.023277 0.181754
vt 0.041524 0.176935
vt 0.091320 0.207048
vt 0.092157 0.207104
vt 0.082743 0.152488
vt 0.100725 0.163526
vt 0.013986 0.194860
vt 0.019742 0.196727
vt 0.011470 0.193381
vt 0.062339 0.179904
vt 0.080644 0.191809
vt 0.114363 0.178365
vt 0.092258 0.207912
vt 0.062705 0.147016
vt 0.033300 0.187073
vt 0.022405 0.195745
vt 0.022060 0.180062
vt 0.009811 0.192028
vt 0.040996 0.175104
vt 0.122900 0.194799
vt 0.099296 0.222064
vt 0.100363 0.222696
vt 0.083103 0.150738
vt 0.101828 0.162253
vt 0.115924 0.177710
vt 0.017188 0.210853
vt 0.011113 0.210650
vt 0.019948 0.209170
vt 0.008441 0.209890
vt 0.062561 0.178187
vt 0.081632 0.190164
vt 0.095045 0.206871
vt 0.124695 0.194810
vt 0.100734 0.224146
vt 0.062095 0.145026
vt 0.044528 0.147872
vt 0.024129 0.195956
vt 0.021768 0.208844
vt 0.019347 0.178386
vt 0.006353 0.191121
vt 0.006671 0.208998
vt 0.039466 0.173040
vt 0.128192 0.211177
vt 0.126316 0.210528
vt 0.102556 0.237391
vt 0.103711 0.238631
vt 0.083385 0.148866
vt 0.103009 0.160950
vt 0.117651 0.177155
vt 0.126697 0.195068
vt 0.017091 0.229011
vt 0.022500 0.227335
vt 0.014744 0.229070
vt 0.025057 0.224902
vt 0.013207 0.228712
vt 0.062343 0.176224
vt 0.082471 0.188791
vt 0.096622 0.205933
vt 0.104248 0.224909
vt 0.130289 0.212225
vt 0.104186 0.240796
vt 0.061191 0.142886
vt 0.042960 0.145924
vt 0.032444 0.154551
vt 0.029303 0.165712
vt 0.026677 0.223964
vt 0.026186 0.138440
vt 0.008630 0.148644
vt 0.003027 0.209081
vt 0.009952 0.229893
vt 0.052746 0.136152
vt 0.128586 0.226171
vt 0.126534 0.224446
vt 0.124695 0.223262
vt 0.101004 0.250872
vt 0.102118 0.252682
vt 0.082937 0.145715
vt 0.104721 0.159065
vt 0.120661 0.177027
vt 0.130352 0.196912
vt 0.134165 0.216052
vt 0.030793 0.247646
vt 0.029203 0.248578
vt 0.034653 0.244034
vt 0.028211 0.248804
vt 0.036734 0.240892
vt 0.004114 0.164286
vt 0.025880 0.251123
vt 0.081415 0.142980
vt 0.083344 0.187388
vt 0.097864 0.205055
vt 0.106146 0.224795
vt 0.107969 0.243448
vt 0.132361 0.231786
vt 0.102544 0.255559
vt 0.057886 0.139262
vt 0.040885 0.143868
vt 0.030226 0.152874
vt 0.035820 0.179921
vt 0.037892 0.239329
vt 0.029822 0.140088
vt 0.013320 0.149547
vt 0.009063 0.164293
vt 0.013511 0.183311
vt 0.034916 0.204664
vt 0.054720 0.138142
vt 0.124808 0.241419
vt 0.121508 0.234496
vt 0.119657 0.232327
vt 0.117991 0.230808
vt 0.094680 0.260430
vt 0.095617 0.262691
vt 0.082307 0.144946
vt 0.104990 0.158777
vt 0.121466 0.177454
vt 0.131424 0.198171
vt 0.026917 0.164437
vt 0.135328 0.218177
vt 0.133481 0.234733
vt 0.049422 0.263822
vt 0.048856 0.265576
vt 0.048599 0.266378
vt 0.051181 0.258475
vt 0.047542 0.269736
vt 0.052606 0.254774
vt 0.017915 0.182406
vt 0.063082 0.226672
vt 0.081678 0.144744
vt 0.105903 0.157801
vt 0.099453 0.204527
vt 0.107601 0.224478
vt 0.109983 0.244181
vt 0.106201 0.259988
vt 0.125733 0.245024
vt 0.095835 0.266183
vt 0.056076 0.138375
vt 0.034791 0.140681
vt 0.027360 0.151183
vt 0.033784 0.179130
vt 0.050497 0.195865
vt 0.053142 0.252666
vt 0.031853 0.140084
vt 0.015771 0.149114
vt 0.011615 0.163357
vt 0.020252 0.180963
vt 0.038008 0.202750
vt 0.064419 0.223568
vt 0.111608 0.246460
vt 0.111111 0.242540
vt 0.108846 0.235189
vt 0.107433 0.232957
vt 0.106136 0.231420
vt 0.083859 0.264310
vt 0.084458 0.266812
vt 0.104922 0.158852
vt 0.121740 0.177969
vt 0.131869 0.199216
vt 0.135832 0.219787
vt 0.023848 0.163263
vt 0.133958 0.236899
vt 0.126083 0.247662
vt 0.069104 0.274473
vt 0.069555 0.276792
vt 0.070019 0.278013
vt 0.070227 0.282027
vt 0.068751 0.268013
vt 0.090825 0.244847
vt 0.069490 0.264035
vt 0.039821 0.200793
vt 0.090580 0.240706
vt 0.123419 0.177920
vt 0.109572 0.224994
vt 0.111514 0.244431
vt 0.108161 0.261505
vt 0.098939 0.272038
vt 0.111685 0.249368
vt 0.084288 0.270708
vt 0.019428 0.149124
vt 0.031138 0.178560
vt 0.049248 0.195669
vt 0.069845 0.211716
vt 0.069399 0.261582
vt 0.015451 0.162657
vt 0.023714 0.179531
vt 0.042390 0.198585
vt 0.065508 0.221094
vt 0.090984 0.237854
vt 0.091252 0.234134
vt 0.090830 0.227556
vt 0.090188 0.225743
vt 0.089530 0.224573
vt 0.133873 0.200293
vt 0.137942 0.222013
vt 0.136019 0.240198
vt 0.127912 0.251809
vt 0.112970 0.253882
vt 0.086313 0.277331
vt 0.087545 0.279777
vt 0.088552 0.281121
vt 0.089723 0.285185
vt 0.066883 0.218048
vt 0.113622 0.246043
vt 0.109657 0.262272
vt 0.100658 0.274173
vt 0.047563 0.195827
vt 0.069594 0.212229
vt 0.069130 0.213250
vt 0.111701 0.264938
vt 0.103753 0.278883
vt 0.101994 0.275336
s 1
usemtl R__der
f 2203/2202/3262 2205/2203/3263 2207/2204/3263
f 2202/2205/3262 2203/2202/3262 2207/2204/3263
f 2203/2202/3264 2204/2206/3264 2205/2203/3264
f 2210/2207/3265 2207/2204/3265 2205/2203/3265
f 2202/2205/3266 2207/2204/3266 2211/2208/3266
f 2208/2209/3267 2203/2202/3267 2202/2205/3267
f 2219/2210/3264 2204/2206/3264 2203/2202/3264
f 2205/2203/3264 2204/2206/3264 2206/2211/3264
f 2212/2212/3264 2207/2204/3264 2210/2207/3264
f 2210/2207/3268 2205/2203/3268 2216/2213/3264
f 2224/2214/3269 2202/2205/3269 2211/2208/3268
f 2212/2212/3266 2211/2208/3266 2207/2204/3265
f 2208/2209/3266 2219/2210/3264 2203/2202/3264
f 2213/2215/3270 2208/2209/3270 2202/2205/3268
f 2219/2210/3264 2209/2216/3264 2204/2206/3264
f 2204/2206/3271 2226/2217/3267 2206/2211/3271
f 2216/2213/3272 2205/2203/3264 2206/2211/3264
f 2230/2218/3273 2212/2212/3272 2210/2207/3272
f 2215/2219/3264 2210/2207/3274 2216/2213/3274
f 2224/2214/3275 2211/2208/3264 2231/2220/3264
f 2213/2215/3276 2202/2205/3275 2224/2214/3275
f 2211/2208/3277 2212/2212/3276 2217/2221/3276
f 2218/2222/3277 2219/2210/3264 2208/2209/3266
f 2220/2223/3278 2208/2209/3279 2213/2215/3277
f 2209/2216/3280 2226/2217/3280 2204/2206/3279
f 2228/2224/3264 2209/2216/3264 2219/2210/3281
f 2226/2217/3282 2229/2225/3283 2206/2211/3264
f 2216/2213/3272 2206/2211/3264 2214/2226/3282
f 2212/2212/3284 2230/2218/3285 2222/2227/3284
f 2230/2218/3286 2210/2207/3287 2215/2219/3286
f 2215/2219/3274 2216/2213/3274 2221/2228/3274
f 2224/2214/3288 2231/2220/3288 2232/2229/3264
f 2211/2208/3289 2217/2221/3289 2231/2220/3289
f 2223/2230/3290 2213/2215/3290 2224/2214/3290
f 2212/2212/3276 2222/2227/3276 2217/2221/3276
f 2220/2223/3277 2218/2222/3277 2208/2209/3266
f 2218/2222/3291 2228/2224/3277 2219/2210/3292
f 2235/2231/3279 2220/2223/3280 2213/2215/3293
f 2209/2216/3289 2225/2232/3294 2226/2217/3279
f 2228/2224/3264 2239/2233/3289 2209/2216/3289
f 2226/2217/3286 2237/2234/3264 2229/2225/3264
f 2214/2226/3283 2206/2211/3286 2229/2225/3286
f 2221/2228/3282 2216/2213/3272 2214/2226/3282
f 2230/2218/3295 2243/2235/3295 2222/2227/3282
f 2256/2236/3296 2230/2218/3297 2215/2219/3298
f 2245/2237/3299 2215/2219/3300 2221/2228/3297
f 2232/2229/3301 2231/2220/3302 2247/2238/3303
f 2223/2230/3264 2224/2214/3264 2232/2229/3304
f 2217/2221/3305 2260/2239/3305 2231/2220/3306
f 2235/2231/3307 2213/2215/3308 2223/2230/3305
f 2222/2227/3309 2250/2240/3310 2217/2221/3308
f 2233/2241/3311 2218/2222/3277 2220/2223/3277
f 2234/2242/3312 2228/2224/3312 2218/2222/3312
f 2262/2243/3313 2220/2223/3314 2235/2231/3314
f 2225/2232/3315 2237/2234/3315 2226/2217/3315
f 2239/2233/3316 2225/2232/3317 2209/2216/3317
f 2227/2244/3318 2239/2233/3319 2228/2224/3320
f 2237/2234/3264 2253/2245/3264 2229/2225/3264
f 2214/2226/3321 2229/2225/3322 2252/2246/3321
f 2221/2228/3282 2214/2226/3282 2254/2247/3323
f 2243/2235/3295 2242/2248/3323 2222/2227/3324
f 2256/2236/3297 2243/2235/3295 2230/2218/3295
f 2256/2236/3325 2215/2219/3297 2245/2237/3297
f 2245/2237/3326 2221/2228/3325 2246/2249/3327
f 2232/2229/3301 2247/2238/3303 2257/2250/3303
f 2260/2239/3306 2247/2238/3328 2231/2220/3329
f 2223/2230/3330 2232/2229/3288 2248/2251/3264
f 2250/2240/3331 2260/2239/3330 2217/2221/3332
f 2272/2252/3308 2235/2231/3305 2223/2230/3305
f 2242/2248/3333 2250/2240/3334 2222/2227/3335
f 2234/2242/3311 2218/2222/3277 2233/2241/3311
f 2233/2241/3312 2220/2223/3312 2262/2243/3336
f 2227/2244/3337 2228/2224/3338 2234/2242/3312
f 2262/2243/3313 2235/2231/3314 2249/2253/3339
f 2225/2232/3320 2236/2254/3320 2237/2234/3314
f 2239/2233/3317 2282/2255/3320 2225/2232/3320
f 2238/2256/3340 2239/2233/3317 2227/2244/3341
f 2237/2234/3314 2240/2257/3332 2253/2245/3332
f 2252/2246/3264 2229/2225/3264 2253/2245/3264
f 2254/2247/3324 2214/2226/3323 2252/2246/3323
f 2246/2249/3342 2221/2228/3282 2254/2247/3323
f 2241/2258/3343 2242/2248/3344 2243/2235/3345
f 2256/2236/3346 2269/2259/3343 2243/2235/3343
f 2287/2260/3264 2256/2236/3264 2245/2237/3264
f 2244/2261/3347 2245/2237/3264 2246/2249/3264
f 2257/2250/3346 2247/2238/3325 2258/2262/3325
f 2248/2251/3348 2232/2229/3264 2257/2250/3349
f 2260/2239/3350 2259/2263/3351 2247/2238/3351
f 2223/2230/3264 2248/2251/3352 2272/2252/3352
f 2250/2240/3353 2271/2264/3306 2260/2239/3306
f 2249/2253/3354 2235/2231/3353 2272/2252/3353
f 2242/2248/3355 2261/2265/3356 2250/2240/3357
f 2251/2266/3355 2234/2242/3311 2233/2241/3311
f 2277/2267/3358 2233/2241/3359 2262/2243/3355
f 2275/2268/3360 2227/2244/3360 2234/2242/3361
f 2264/2269/3362 2262/2243/3362 2249/2253/3360
f 2236/2254/3320 2240/2257/3332 2237/2234/3314
f 2282/2255/3320 2236/2254/3320 2225/2232/3320
f 2238/2256/3362 2282/2255/3320 2239/2233/3317
f 2263/2270/3363 2238/2256/3363 2227/2244/3363
f 2240/2257/3332 2296/2271/3364 2253/2245/3332
f 2252/2246/3365 2253/2245/3364 2267/2272/3364
f 2254/2247/3343 2252/2246/3365 2255/2273/3365
f 2246/2249/3342 2254/2247/3323 2283/2274/3343
f 2241/2258/3366 2268/2275/3366 2242/2248/3367
f 2269/2259/3264 2241/2258/3264 2243/2235/3366
f 2287/2260/3368 2269/2259/3369 2256/2236/3264
f 2287/2260/3370 2245/2237/3370 2244/2261/3371
f 2244/2261/3372 2246/2249/3373 2288/2276/3370
f 2257/2250/3264 2258/2262/3264 2290/2277/3373
f 2259/2263/3264 2258/2262/3264 2247/2238/3264
f 2248/2251/3349 2257/2250/3264 2304/2278/3264
f 2271/2264/3374 2259/2263/3374 2260/2239/3306
f 2272/2252/3306 2248/2251/3306 2273/2279/3374
f 2261/2265/3351 2271/2264/3351 2250/2240/3264
f 2272/2252/3352 2306/2280/3352 2249/2253/3351
f 2268/2275/3264 2261/2265/3264 2242/2248/3375
f 2251/2266/3355 2233/2241/3311 2277/2267/3264
f 2275/2268/3376 2234/2242/3376 2251/2266/3376
f 2277/2267/3377 2262/2243/3377 2264/2269/3377
f 2263/2270/3354 2227/2244/3354 2275/2268/3356
f 2264/2269/3355 2249/2253/3355 2265/2281/3355
f 2280/2282/3378 2240/2257/3379 2236/2254/3378
f 2282/2255/3360 2293/2283/3380 2236/2254/3380
f 2281/2284/3381 2282/2255/3320 2238/2256/3362
f 2266/2285/3381 2238/2256/3362 2263/2270/3381
f 2292/2286/3362 2296/2271/3362 2240/2257/3362
f 2267/2272/3382 2253/2245/3332 2296/2271/3364
f 2255/2273/3383 2252/2246/3382 2267/2272/3382
f 2283/2274/3366 2254/2247/3364 2255/2273/3383
f 2288/2276/3366 2246/2249/3342 2283/2274/3343
f 2286/2287/3384 2268/2275/3385 2241/2258/3366
f 2298/2288/3376 2241/2258/3376 2269/2259/3385
f 2287/2260/3346 2299/2289/3346 2269/2259/3376
f 2270/2290/3370 2287/2260/3370 2244/2261/3264
f 2300/2291/3386 2244/2261/3369 2288/2276/3370
f 2290/2277/3374 2258/2262/3374 2302/2292/3371
f 2304/2278/3372 2257/2250/3372 2290/2277/3387
f 2259/2263/3388 2326/2293/3389 2258/2262/3374
f 2273/2279/3390 2248/2251/3391 2304/2278/3391
f 2271/2264/3392 2305/2294/3392 2259/2263/3388
f 2272/2252/3346 2273/2279/3264 2306/2280/3346
f 2261/2265/3264 2274/2295/3264 2271/2264/3392
f 2249/2253/3393 2306/2280/3393 2265/2281/3264
f 2268/2275/3264 2331/2296/3393 2261/2265/3264
f 2309/2297/3264 2251/2266/3355 2277/2267/3264
f 2335/2298/3394 2275/2268/3395 2251/2266/3264
f 2276/2299/3396 2277/2267/3396 2264/2269/3395
f 2278/2300/3264 2263/2270/3264 2275/2268/3396
f 2279/2301/3397 2264/2269/3397 2265/2281/3264
f 2280/2282/3398 2292/2286/3398 2240/2257/3397
f 2236/2254/3380 2293/2283/3380 2280/2282/3398
f 2282/2255/3399 2294/2302/3399 2293/2283/3399
f 2266/2285/3381 2281/2284/3381 2238/2256/3362
f 2281/2284/3400 2294/2302/3401 2282/2255/3401
f 2295/2303/3402 2266/2285/3381 2263/2270/3381
f 2292/2286/3362 2315/2304/3402 2296/2271/3362
f 2267/2272/3382 2296/2271/3364 2343/2305/3402
f 2255/2273/3403 2267/2272/3404 2317/2306/3403
f 2283/2274/3405 2255/2273/3405 2318/2307/3405
f 2288/2276/3366 2283/2274/3343 2284/2308/3406
f 2285/2309/3406 2268/2275/3264 2286/2287/3406
f 2286/2287/3407 2241/2258/3407 2298/2288/3407
f 2298/2288/3406 2269/2259/3406 2299/2289/3406
f 2270/2290/3385 2299/2289/3385 2287/2260/3385
f 2300/2291/3406 2270/2290/3406 2244/2261/3406
f 2297/2310/3408 2300/2291/3408 2288/2276/3408
f 2290/2277/3374 2302/2292/3371 2289/2311/3406
f 2258/2262/3374 2326/2293/3389 2302/2292/3371
f 2304/2278/3346 2290/2277/3406 2291/2312/3406
f 2305/2294/3392 2326/2293/3389 2259/2263/3388
f 2273/2279/3409 2304/2278/3264 2327/2313/3349
f 2274/2295/3264 2305/2294/3392 2271/2264/3392
f 2306/2280/3410 2273/2279/3411 2327/2313/3412
f 2331/2296/3393 2274/2295/3264 2261/2265/3264
f 2265/2281/3413 2306/2280/3414 2307/2314/3414
f 2285/2309/3406 2331/2296/3393 2268/2275/3264
f 2309/2297/3264 2277/2267/3264 2276/2299/3415
f 2335/2298/3416 2251/2266/3416 2309/2297/3415
f 2278/2300/3417 2275/2268/3418 2335/2298/3416
f 2276/2299/3419 2264/2269/3420 2279/2301/3418
f 2295/2303/3402 2263/2270/3381 2278/2300/3392
f 2279/2301/3421 2265/2281/3421 2308/2315/3421
f 2355/2316/3264 2292/2286/3264 2280/2282/3264
f 2338/2317/3399 2280/2282/3264 2293/2283/3399
f 2294/2302/3264 2340/2318/3399 2293/2283/3399
f 2266/2285/3393 2314/2319/3264 2281/2284/3264
f 2281/2284/3264 2314/2319/3264 2294/2302/3393
f 2295/2303/3264 2313/2320/3264 2266/2285/3393
f 2336/2321/3395 2315/2304/3264 2292/2286/3264
f 2315/2304/3396 2343/2305/3395 2296/2271/3394
f 2317/2306/3422 2267/2272/3382 2343/2305/3402
f 2318/2307/3264 2255/2273/3264 2317/2306/3396
f 2284/2308/3406 2283/2274/3406 2318/2307/3264
f 2297/2310/3406 2288/2276/3366 2284/2308/3406
f 2362/2322/3397 2285/2309/3406 2286/2287/3406
f 2321/2323/3398 2286/2287/3397 2298/2288/3397
f 2322/2324/3423 2298/2288/3398 2299/2289/3398
f 2270/2290/3424 2347/2325/3399 2299/2289/3399
f 2323/2326/3402 2270/2290/3401 2300/2291/3401
f 2301/2327/3425 2300/2291/3402 2297/2310/3402
f 2289/2311/3406 2302/2292/3406 2324/2328/3406
f 2291/2312/3406 2290/2277/3374 2289/2311/3406
f 2326/2293/3426 2303/2329/3405 2302/2292/3406
f 2327/2313/3406 2304/2278/3406 2291/2312/3426
f 2305/2294/3407 2329/2330/3407 2326/2293/3406
f 2274/2295/3406 2330/2331/3406 2305/2294/3407
f 2332/2332/3427 2306/2280/3427 2327/2313/3406
f 2331/2296/3406 2350/2333/3406 2274/2295/3427
f 2307/2314/3408 2306/2280/3408 2332/2332/3406
f 2265/2281/3406 2307/2314/3403 2308/2315/3408
f 2369/2334/3264 2331/2296/3264 2285/2309/3406
f 2334/2335/3264 2309/2297/3264 2276/2299/3415
f 2351/2336/3428 2335/2298/3428 2309/2297/3428
f 2310/2337/3429 2278/2300/3429 2335/2298/3429
f 2311/2338/3414 2276/2299/3430 2279/2301/3414
f 2312/2339/3264 2295/2303/3402 2278/2300/3392
f 2353/2340/3431 2279/2301/3264 2308/2315/3264
f 2355/2316/3264 2336/2321/3395 2292/2286/3264
f 2338/2317/3399 2355/2316/3264 2280/2282/3264
f 2340/2318/3399 2338/2317/3399 2293/2283/3399
f 2356/2341/3431 2340/2318/3399 2294/2302/3264
f 2266/2285/3406 2313/2320/3406 2314/2319/3432
f 2314/2319/3406 2356/2341/3431 2294/2302/3264
f 2295/2303/3406 2341/2342/3406 2313/2320/3406
f 2336/2321/3395 2342/2343/3406 2315/2304/3264
f 2315/2304/3433 2359/2344/3406 2343/2305/3406
f 2317/2306/3422 2343/2305/3402 2316/2345/3356
f 2318/2307/3354 2317/2306/3356 2344/2346/3356
f 2284/2308/3434 2318/2307/3435 2345/2347/3436
f 2319/2348/3305 2297/2310/3406 2284/2308/3406
f 2320/2349/3406 2285/2309/3406 2362/2322/3406
f 2362/2322/3397 2286/2287/3406 2321/2323/3437
f 2321/2323/3264 2298/2288/3437 2322/2324/3437
f 2322/2324/3438 2299/2289/3264 2347/2325/3264
f 2323/2326/3439 2347/2325/3440 2270/2290/3440
f 2301/2327/3264 2323/2326/3441 2300/2291/3441
f 2346/2350/3406 2301/2327/3264 2297/2310/3264
f 2289/2311/3442 2324/2328/3406 2325/2351/3406
f 2303/2329/3443 2324/2328/3442 2302/2292/3442
f 2291/2312/3406 2289/2311/3406 2366/2352/3444
f 2329/2330/3392 2303/2329/3392 2326/2293/3443
f 2327/2313/3445 2291/2312/3445 2328/2353/3392
f 2330/2331/3446 2329/2330/3446 2305/2294/3447
f 2350/2333/3448 2330/2331/3448 2274/2295/3449
f 2332/2332/3406 2327/2313/3406 2328/2353/3448
f 2369/2334/3450 2350/2333/3450 2331/2296/3406
f 2370/2354/3451 2307/2314/3452 2332/2332/3453
f 2308/2315/3454 2307/2314/3454 2333/2355/3451
f 2320/2349/3455 2369/2334/3456 2285/2309/3454
f 2334/2335/3264 2276/2299/3415 2311/2338/3457
f 2351/2336/3427 2309/2297/3427 2334/2335/3427
f 2310/2337/3458 2335/2298/3459 2351/2336/3458
f 2312/2339/3264 2278/2300/3392 2310/2337/3460
f 2311/2338/3461 2279/2301/3460 2353/2340/3460
f 2295/2303/3462 2312/2339/3461 2341/2342/3461
f 2353/2340/3264 2308/2315/3463 2390/2356/3464
f 2354/2357/3465 2336/2321/3264 2355/2316/3264
f 2337/2358/3466 2355/2316/3467 2338/2317/3467
f 2340/2318/3468 2376/2359/3469 2338/2317/3469
f 2356/2341/3264 2339/2360/3468 2340/2318/3470
f 2313/2320/3264 2377/2361/3264 2314/2319/3406
f 2377/2361/3264 2356/2341/3431 2314/2319/3406
f 2341/2342/3471 2399/2362/3471 2313/2320/3264
f 2325/2351/3406 2342/2343/3406 2336/2321/3472
f 2342/2343/3406 2359/2344/3406 2315/2304/3264
f 2359/2344/3406 2316/2345/3406 2343/2305/3406
f 2344/2346/3406 2317/2306/3422 2316/2345/3356
f 2345/2347/3406 2318/2307/3473 2344/2346/3406
f 2319/2348/3305 2284/2308/3406 2345/2347/3406
f 2346/2350/3305 2297/2310/3406 2319/2348/3305
f 2381/2363/3406 2320/2349/3406 2362/2322/3305
f 2382/2364/3406 2362/2322/3397 2321/2323/3437
f 2363/2365/3289 2321/2323/3289 2322/2324/3289
f 2383/2366/3406 2322/2324/3406 2347/2325/3406
f 2364/2367/3437 2347/2325/3437 2323/2326/3437
f 2365/2368/3264 2323/2326/3264 2301/2327/3264
f 2385/2369/3474 2301/2327/3438 2346/2350/3438
f 2325/2351/3439 2324/2328/3439 2342/2343/3439
f 2366/2352/3264 2289/2311/3264 2325/2351/3264
f 2303/2329/3475 2358/2370/3475 2324/2328/3475
f 2328/2353/3406 2291/2312/3406 2366/2352/3444
f 2329/2330/3442 2348/2371/3406 2303/2329/3406
f 2330/2331/3443 2367/2372/3442 2329/2330/3442
f 2350/2333/3476 2368/2373/3444 2330/2331/3444
f 2349/2374/3477 2332/2332/3392 2328/2353/3392
f 2387/2375/3478 2350/2333/3445 2369/2334/3445
f 2370/2354/3479 2332/2332/3480 2349/2374/3480
f 2333/2355/3450 2307/2314/3479 2370/2354/3448
f 2333/2355/3425 2390/2356/3453 2308/2315/3453
f 2371/2376/3454 2369/2334/3406 2320/2349/3406
f 2372/2377/3454 2334/2335/3264 2311/2338/3457
f 2373/2378/3451 2351/2336/3451 2334/2335/3481
f 2392/2379/3456 2310/2337/3482 2351/2336/3451
f 2374/2380/3455 2312/2339/3264 2310/2337/3460
f 2352/2381/3458 2311/2338/3459 2353/2340/3458
f 2312/2339/3483 2375/2382/3484 2341/2342/3483
f 2395/2383/3463 2353/2340/3463 2390/2356/3464
f 2354/2357/3485 2325/2351/3485 2336/2321/3460
f 2337/2358/3486 2354/2357/3487 2355/2316/3486
f 2376/2359/3488 2337/2358/3488 2338/2317/3475
f 2339/2360/3264 2376/2359/3264 2340/2318/3264
f 2357/2384/3467 2339/2360/3489 2356/2341/3489
f 2399/2362/3471 2377/2361/3264 2313/2320/3264
f 2377/2361/3466 2357/2384/3466 2356/2341/3466
f 2341/2342/3471 2401/2385/3264 2399/2362/3471
f 2358/2370/3264 2359/2344/3406 2342/2343/3406
f 2359/2344/3490 2360/2386/3490 2316/2345/3264
f 2344/2346/3406 2316/2345/3356 2361/2387/3490
f 2345/2347/3289 2344/2346/3491 2379/2388/3491
f 2380/2389/3471 2319/2348/3472 2345/2347/3472
f 2415/2390/3492 2346/2350/3305 2319/2348/3305
f 2391/2391/3493 2320/2349/3492 2381/2363/3492
f 2381/2363/3494 2362/2322/3495 2382/2364/3495
f 2382/2364/3406 2321/2323/3437 2363/2365/3494
f 2363/2365/3496 2322/2324/3497 2383/2366/3494
f 2383/2366/3406 2347/2325/3406 2364/2367/3496
f 2364/2367/3425 2323/2326/3425 2365/2368/3406
f 2385/2369/3473 2365/2368/3498 2301/2327/3403
f 2394/2392/3499 2385/2369/3500 2346/2350/3406
f 2358/2370/3406 2342/2343/3406 2324/2328/3500
f 2366/2352/3501 2325/2351/3501 2354/2357/3406
f 2348/2371/3346 2358/2370/3346 2303/2329/3501
f 2328/2353/3406 2366/2352/3444 2396/2393/3264
f 2367/2372/3502 2348/2371/3503 2329/2330/3502
f 2368/2373/3504 2367/2372/3505 2330/2331/3505
f 2387/2375/3264 2368/2373/3264 2350/2333/3264
f 2349/2374/3506 2328/2353/3406 2396/2393/3264
f 2371/2376/3406 2387/2375/3506 2369/2334/3506
f 2405/2394/3507 2370/2354/3406 2349/2374/3406
f 2389/2395/3508 2333/2355/3507 2370/2354/3507
f 2333/2355/3418 2407/2396/3508 2390/2356/3508
f 2391/2391/3509 2371/2376/3418 2320/2349/3418
f 2372/2377/3454 2311/2338/3457 2352/2381/3510
f 2373/2378/3511 2334/2335/3511 2372/2377/3510
f 2392/2379/3512 2351/2336/3512 2373/2378/3511
f 2374/2380/3455 2310/2337/3460 2392/2379/3500
f 2312/2339/3513 2374/2380/3514 2375/2382/3513
f 2352/2381/3515 2353/2340/3515 2395/2383/3515
f 2375/2382/3406 2401/2385/3264 2341/2342/3471
f 2395/2383/3516 2390/2356/3498 2404/2397/3498
f 2396/2393/3517 2354/2357/3516 2337/2358/3516
f 2376/2359/3518 2388/2398/3519 2337/2358/3520
f 2339/2360/3483 2398/2399/3521 2376/2359/3521
f 2357/2384/3522 2397/2400/3483 2339/2360/3483
f 2399/2362/3523 2412/2401/3522 2377/2361/3522
f 2412/2401/3524 2357/2384/3525 2377/2361/3525
f 2401/2385/3526 2378/2402/3524 2399/2362/3527
f 2360/2386/3501 2359/2344/3406 2358/2370/3264
f 2316/2345/3528 2360/2386/3529 2361/2387/3501
f 2379/2388/3530 2344/2346/3406 2361/2387/3490
f 2380/2389/3264 2345/2347/3264 2379/2388/3264
f 2415/2390/3531 2319/2348/3531 2380/2389/3531
f 2394/2392/3532 2346/2350/3305 2415/2390/3492
f 2401/2385/3264 2391/2391/3533 2381/2363/3532
f 2378/2402/3534 2381/2363/3264 2382/2364/3306
f 2411/2403/3535 2382/2364/3406 2363/2365/3494
f 2403/2404/3293 2363/2365/3536 2383/2366/3534
f 2417/2405/3537 2383/2366/3537 2364/2367/3280
f 2384/2406/3492 2364/2367/3538 2365/2368/3539
f 2404/2397/3493 2365/2368/3540 2385/2369/3492
f 2395/2383/3541 2385/2369/3494 2394/2392/3493
f 2396/2393/3497 2366/2352/3497 2354/2357/3494
f 2348/2371/3497 2360/2386/3501 2358/2370/3264
f 2367/2372/3542 2386/2407/3542 2348/2371/3497
f 2368/2373/3406 2418/2408/3542 2367/2372/3542
f 2420/2409/3406 2368/2373/3406 2387/2375/3406
f 2388/2398/3543 2349/2374/3506 2396/2393/3264
f 2421/2410/3543 2387/2375/3406 2371/2376/3542
f 2405/2394/3406 2349/2374/3506 2388/2398/3543
f 2389/2395/3406 2370/2354/3406 2405/2394/3406
f 2407/2396/3501 2333/2355/3406 2389/2395/3406
f 2407/2396/3264 2404/2397/3501 2390/2356/3501
f 2422/2411/3264 2371/2376/3542 2391/2391/3264
f 2372/2377/3454 2352/2381/3510 2414/2412/3502
f 2373/2378/3505 2372/2377/3502 2408/2413/3502
f 2392/2379/3264 2373/2378/3544 2393/2414/3505
f 2374/2380/3455 2392/2379/3500 2409/2415/3264
f 2374/2380/3545 2422/2411/3546 2375/2382/3264
f 2352/2381/3506 2395/2383/3506 2394/2392/3546
f 2375/2382/3406 2391/2391/3264 2401/2385/3264
f 2395/2383/3498 2404/2397/3498 2385/2369/3506
f 2388/2398/3547 2396/2393/3507 2337/2358/3406
f 2398/2399/3508 2388/2398/3508 2376/2359/3507
f 2397/2400/3418 2398/2399/3418 2339/2360/3508
f 2400/2416/3509 2397/2400/3509 2357/2384/3418
f 2378/2402/3548 2412/2401/3549 2399/2362/3510
f 2412/2401/3515 2400/2416/3515 2357/2384/3550
f 2401/2385/3514 2381/2363/3514 2378/2402/3515
f 2361/2387/3551 2360/2386/3552 2386/2407/3553
f 2379/2388/3530 2361/2387/3490 2402/2417/3552
f 2413/2418/3473 2380/2389/3473 2379/2388/3473
f 2416/2419/3554 2415/2390/3554 2380/2389/3554
f 2414/2412/3502 2394/2392/3532 2415/2390/3492
f 2378/2402/3518 2382/2364/3518 2411/2403/3518
f 2411/2403/3535 2363/2365/3494 2403/2404/3555
f 2403/2404/3406 2383/2366/3556 2417/2405/3556
f 2417/2405/3528 2364/2367/3406 2384/2406/3406
f 2384/2406/3525 2365/2368/3529 2404/2397/3529
f 2386/2407/3542 2360/2386/3501 2348/2371/3497
f 2418/2408/3542 2386/2407/3542 2367/2372/3542
f 2420/2409/3406 2418/2408/3542 2368/2373/3406
f 2421/2410/3543 2420/2409/3406 2387/2375/3406
f 2422/2411/3264 2421/2410/3543 2371/2376/3542
f 2398/2399/3525 2405/2394/3406 2388/2398/3543
f 2410/2420/3527 2389/2395/3527 2405/2394/3525
f 2406/2421/3501 2407/2396/3501 2389/2395/3524
f 2407/2396/3557 2384/2406/3557 2404/2397/3501
f 2375/2382/3406 2422/2411/3264 2391/2391/3264
f 2414/2412/3502 2352/2381/3510 2394/2392/3532
f 2372/2377/3264 2414/2412/3264 2408/2413/3558
f 2373/2378/3531 2408/2413/3531 2393/2414/3264
f 2392/2379/3500 2393/2414/3559 2409/2415/3264
f 2374/2380/3545 2409/2415/3532 2422/2411/3546
f 2397/2400/3532 2410/2420/3532 2398/2399/3525
f 2400/2416/3264 2424/2422/3264 2397/2400/3532
f 2378/2402/3560 2411/2403/3280 2412/2401/3264
f 2411/2403/3534 2400/2416/3534 2412/2401/3560
f 2361/2387/3406 2386/2407/3406 2402/2417/3561
f 2413/2418/3406 2379/2388/3530 2402/2417/3552
f 2416/2419/3562 2380/2389/3562 2413/2418/3562
f 2414/2412/3563 2415/2390/3563 2416/2419/3563
f 2411/2403/3535 2403/2404/3555 2400/2416/3264
f 2403/2404/3564 2417/2405/3565 2424/2422/3565
f 2417/2405/3566 2384/2406/3566 2406/2421/3567
f 2402/2417/3561 2386/2407/3406 2418/2408/3568
f 2419/2423/3569 2418/2408/3568 2420/2409/3568
f 2425/2424/3570 2420/2409/3571 2421/2410/3570
f 2409/2415/3572 2421/2410/3570 2422/2411/3573
f 2410/2420/3532 2405/2394/3406 2398/2399/3525
f 2406/2421/3406 2389/2395/3572 2410/2420/3572
f 2384/2406/3461 2407/2396/3406 2406/2421/3406
f 2408/2413/3264 2414/2412/3461 2416/2419/3574
f 2393/2414/3575 2408/2413/3264 2423/2425/3264
f 2409/2415/3264 2393/2414/3559 2425/2424/3575
f 2424/2422/3264 2410/2420/3532 2397/2400/3532
f 2400/2416/3264 2403/2404/3555 2424/2422/3264
f 2419/2423/3576 2413/2418/3406 2402/2417/3552
f 2423/2425/3577 2416/2419/3577 2413/2418/3577
f 2417/2405/3306 2406/2421/3306 2424/2422/3306
f 2402/2417/3578 2418/2408/3579 2419/2423/3579
f 2419/2423/3580 2420/2409/3580 2425/2424/3580
f 2409/2415/3406 2425/2424/3406 2421/2410/3406
f 2424/2422/3581 2406/2421/3581 2410/2420/3581
f 2408/2413/3582 2416/2419/3582 2423/2425/3582
f 2393/2414/3559 2423/2425/3393 2425/2424/3575
f 2423/2425/3393 2413/2418/3406 2419/2423/3576
f 2425/2424/3575 2423/2425/3393 2419/2423/3576
